
========================================================================================
[阶段 1] 整篇 Chunk 批次预处理
========================================================================================
document_id       : document-1
chunk_count       : 3
ordered_chunk_ids : ['0:text:0', '0:text:1', '0:text:2']
section_titles    : ['华北克拉通西南缘中元古代构造演化']
document_schemaKeys: ['盆地', '研究区', '断裂带', '地质时代', '岩性', '矿物', '露头', '样品', '实验', '分析方法']
section_schemaKeys : {'0': ('盆地', '构造单元', '隆起', '研究区', '地质时代', '岩性', '实验', '分析方法')}
domain_terms      : ['华北克拉通', '大陆', '事件', '火山岩', '双峰式火成岩', '鄂尔多斯盆地', '哥伦比亚', '地球化学', '岩浆活动', '构造演化', '构造环境', '基性岩', '地块', '地质', '墙群', '岩浆', '性质', '机制', '环境', '花岗', '裂谷', '陆块', 'U-Pb', '裂谷盆地', '动力学', '岩石学', '火成岩', '闪长岩', '争议', '产物', '吉带', '地幔', '基底', '太平', '安沟', '恒山', '成因', '斑岩', '时代', '洋盆']
representatives   : ['0:text:1', '0:text:2', '0:text:0']
topic_profile:
文档标题：document-1
文档摘要：
文档总结：
作者关键词：
章节标题：华北克拉通西南缘中元古代构造演化
章节总结：本小节以华北克拉通西南缘为研究对象，聚焦1.8-1.6 Ga构造事件的性质与动力学机制。通过识别陇县骑安沟地区新发现的玄武安山岩与花岗斑岩双峰式火成岩组合，结合岩石学、地球化学及锆石U-Pb定年分析，厘定其成因与形成时代，为探讨华北克拉通西部-鄂尔多斯盆地中元古代构造演化及其与哥伦比亚超大陆裂解的关系提供关键证据。
文档Schema关键词：盆地、研究区、断裂带、地质时代、岩性、矿物、露头、样品、实验、分析方法
章节Schema关键词：盆地、构造单元、隆起、研究区、地质时代、岩性、实验、分析方法
高频专业词：华北克拉通、大陆、事件、火山岩、双峰式火成岩、鄂尔多斯盆地、哥伦比亚、地球化学、岩浆活动、构造演化、构造环境、基性岩、地块、地质、墙群、岩浆、性质、机制、环境、花岗、裂谷、陆块、U-Pb、裂谷盆地、动力学、岩石学、火成岩、闪长岩、争议、产物、吉带、地幔、基底、太平、安沟、恒山、成因、斑岩、时代、洋盆
代表性正文：作为形成于3．8 Ga 的古老陆核，华北克拉通经历了多阶段多期次的构造演化( Wu and Zhong，1998; 翟明国等，2014) 前人研究认为，华北克拉通基底于约2．5 Ga 由多个微陆块拼合形成，可划分为胶辽 前淮 许昌 阜平 济宁和阿拉善地块 6 个地块 ( Zhai et al． ，2005; Zhai and Santosh，2011 )2．25～2． 0 Ga 期间，其西北部 中部及东北－东部发育3 条主裂谷带，裂谷盆地进一步演化为洋盆并启动俯冲过程( Santosh，2010; Zhai and Santosh，2011;翟明国等，2021) 历经长期俯冲－增生作用后，克拉通于 1． 97～1． 82 Ga 通过陆块碰撞完成最终克拉通化，形成孔兹岩带( 北部) 中央造山带( 中部) 及胶－辽－吉带( 东部) 3 条主缝合带( Zhai and Peng，2007; Santosh et al． ，2011; 刘 建 辉 等，2025 )1．80 Ga 时期华北克拉通进入伸展构造环境，伴随区域性伸展作用，克拉通内发育多组陆内裂谷系统基性岩墙群及非造山岩浆活动产物( 李 1．80～1． 75 Ga 是华北克拉通伸展作用的起始年代，这个阶段与南缘熊耳群火山岩及五台 恒山地区的基性岩墙群密切相关，期间岩浆活动记录了克拉通早期减薄和陆内伸展的地质过程。前人对这些岩浆事件进行了大量研究，认为这一时期的构造活动是 Columbia 超大陆裂解的初始( 陆松年等，2002;翟明 国 等，2014; 相 振 群，2014; Huang et al． ，2020) ，但对华北克拉通西南缘的研究仍有些薄弱( 赵太平等，2001，2004; 彭澎等，2004; 徐欢等，2020; 相振群等，2020; 李秋根等，2024) ，对地质事件的性质和构造背景的认识尚存在争议，如 Zhao 等( 2009) 根据火山岩地球化学特点，认为南缘的熊耳群火山岩具有钙碱性特点，形成于大陆边缘弧环境，而翟明国( 2004) 赵太平等( 2004) 姜盛洪( 2015)等认为其形成于与地幔柱相关的大陆裂解环境，Zhao 等( 2018) 相振群等( 2020) 认为南缘登封地区石秤花岗闪长岩是碰撞后形成的 因此，查明华北克拉通西南缘1．8 ～ 1．6 Ga 的构造事件性质及其动力学机制，对于 在1．80～1．75 Ga 期间，华北克拉通形成了广泛发育的双峰式火成岩组合，如熊耳群的双峰式火山－侵入岩。 最近，作者在位于鄂尔多斯盆地西南缘的陇县骑安沟地区，识别出一套新的由玄武安山岩与花岗斑岩组成的典型双峰式火成岩组合，对该套火成岩的岩石学特征 地球化学组成进行了研究，并进行了锆石 U-Pb 定年分析，厘定其成因机制及形成时代，进而为华北克拉通西部－鄂尔多斯盆地在中元古代的构造演化过程提供了重要证据，同时探究了其与南缘熊耳群岩浆事件及哥伦比亚超大陆裂解的关系。

========================================================================================
[阶段 2] 文档级 Schema 候选池
========================================================================================
selection_confidence : 0.7865
fallback_used        : False
concept_count        : 61
relation_count       : 253
  [01] Basin                        盆地             final=0.9094 vector=0.7986 lexical=1.0000 schemaKeys=1.0000 context=1.0000 reasons=['文档级向量召回', '文档关键词、示例词或名称命中', '文档 schemaKeys 命中', '文档精确命中', 'Top3 核心概念树全量保留']
  [02] StructuralUnit               构造单元           final=0.8747 vector=0.7772 lexical=1.0000 schemaKeys=0.0000 context=1.0000 reasons=['文档级向量召回', '文档关键词、示例词或名称命中', '文档精确命中', 'Top3 核心概念树全量保留']
  [03] StudyArea                    研究区            final=0.8028 vector=0.7841 lexical=1.0000 schemaKeys=1.0000 context=0.0000 reasons=['文档级向量召回', '文档关键词、示例词或名称命中', '文档 schemaKeys 命中', '文档精确命中', 'Top3 核心概念树全量保留']
  [04] FaultZone                    断裂带            final=0.7925 vector=0.7611 lexical=1.0000 schemaKeys=1.0000 context=0.0000 reasons=['文档级向量召回', '文档关键词、示例词或名称命中', '文档 schemaKeys 命中', '文档精确命中', 'Top3 核心概念树全量保留']
  [05] Lithology                    岩性             final=0.7904 vector=0.7564 lexical=1.0000 schemaKeys=1.0000 context=0.0000 reasons=['文档级向量召回', '文档关键词、示例词或名称命中', '文档 schemaKeys 命中', '文档精确命中', 'Top3 核心概念树全量保留']
  [06] Outcrop                      露头             final=0.7901 vector=0.7558 lexical=1.0000 schemaKeys=1.0000 context=0.0000 reasons=['文档级向量召回', '文档关键词、示例词或名称命中', '文档 schemaKeys 命中', '文档精确命中', 'Top3 核心概念树全量保留']
  [07] Uplift                       隆起             final=0.7589 vector=0.7936 lexical=1.0000 schemaKeys=0.0000 context=0.0000 reasons=['文档级向量召回', '文档关键词、示例词或名称命中', '文档精确命中', 'Top3 核心概念树全量保留']
  [08] Fault                        断层             final=0.7201 vector=0.7802 lexical=0.9000 schemaKeys=0.0000 context=0.0000 reasons=['文档级向量召回', '文档关键词、示例词或名称命中', 'Top3 核心概念树全量保留']
  [09] SedimentaryFacies            沉积相            final=0.6620 vector=0.7602 lexical=0.7500 schemaKeys=0.0000 context=0.0000 reasons=['文档级向量召回', '文档关键词、示例词或名称命中', 'Top3 核心概念树全量保留']
  [10] SedimentaryStructure         沉积构造           final=0.6355 vector=0.7688 lexical=0.6500 schemaKeys=0.0000 context=0.0000 reasons=['文档级向量召回', '文档关键词、示例词或名称命中', 'Top3 核心概念树全量保留']
  [11] DepositionalEnvironment      沉积环境           final=0.6305 vector=0.7598 lexical=0.6500 schemaKeys=0.0000 context=0.0000 reasons=['文档级向量召回', '文档关键词、示例词或名称命中', 'Top3 核心概念树全量保留']
  [12] Core                         岩心             final=0.6274 vector=0.7543 lexical=0.6500 schemaKeys=0.0000 context=0.0000 reasons=['文档级向量召回', '文档关键词、示例词或名称命中', 'Top3 核心概念树全量保留']
  [13] DiageneticStage              成岩阶段           final=0.6274 vector=0.7820 lexical=0.6000 schemaKeys=0.0000 context=0.0000 reasons=['文档级向量召回', '文档关键词、示例词或名称命中', 'Top3 核心概念树全量保留']
  [14] ThinSection                  薄片             final=0.6261 vector=0.7519 lexical=0.6500 schemaKeys=0.0000 context=0.0000 reasons=['文档级向量召回', '文档关键词、示例词或名称命中', 'Top3 核心概念树全量保留']
  [15] DiageneticFacies             成岩相            final=0.6167 vector=0.7630 lexical=0.6000 schemaKeys=0.0000 context=0.0000 reasons=['文档级向量召回', '文档关键词、示例词或名称命中', 'Top3 核心概念树全量保留']
  [16] Diagenesis                   成岩作用           final=0.6112 vector=0.7532 lexical=0.6000 schemaKeys=0.0000 context=0.0000 reasons=['文档级向量召回', '文档关键词、示例词或名称命中', 'Top3 核心概念树全量保留']
  [17] Slope                        斜坡             final=0.6036 vector=0.7675 lexical=0.5500 schemaKeys=0.0000 context=0.0000 reasons=['文档级向量召回', '文档关键词、示例词或名称命中', 'Top3 核心概念树全量保留']
  [18] RockTexture                  岩石结构/组构        final=0.6000 vector=0.7610 lexical=0.5500 schemaKeys=0.0000 context=0.0000 reasons=['文档级向量召回', '文档关键词、示例词或名称命中', 'Top3 核心概念树全量保留']
  [19] WellLog                      测井资料           final=0.5997 vector=0.7607 lexical=0.5500 schemaKeys=0.0000 context=0.0000 reasons=['文档级向量召回', '文档关键词、示例词或名称命中', 'Top3 核心概念树全量保留']
  [20] DepositionalSystem           沉积体系           final=0.5956 vector=0.7532 lexical=0.5500 schemaKeys=0.0000 context=0.0000 reasons=['文档级向量召回', '文档关键词、示例词或名称命中', 'Top3 核心概念树全量保留']
  [21] Mineral                      矿物             final=0.4500 vector=0.0000 lexical=1.0000 schemaKeys=1.0000 context=0.0000 reasons=['文档关键词、示例词或名称命中', '文档 schemaKeys 命中', '文档精确命中', 'Top3 核心概念树全量保留']
  [22] Depression                   凹陷/坳陷          final=0.4364 vector=0.7758 lexical=0.0000 schemaKeys=0.0000 context=0.0000 reasons=['文档级向量召回', 'Top3 核心概念树全量保留']
  [23] Block                        区块             final=0.4337 vector=0.7710 lexical=0.0000 schemaKeys=0.0000 context=0.0000 reasons=['文档级向量召回', 'Top3 核心概念树全量保留']
  [24] StructuralBelt               构造带            final=0.4312 vector=0.7666 lexical=0.0000 schemaKeys=0.0000 context=0.0000 reasons=['文档级向量召回', 'Top3 核心概念树全量保留']
  [25] SeismicProfile               地震剖面           final=0.4282 vector=0.7612 lexical=0.0000 schemaKeys=0.0000 context=0.0000 reasons=['文档级向量召回', 'Top3 核心概念树全量保留']
  [26] Sag                          洼陷             final=0.4280 vector=0.7610 lexical=0.0000 schemaKeys=0.0000 context=0.0000 reasons=['文档级向量召回', 'Top3 核心概念树全量保留']
  [27] GeologicalMap                地质图            final=0.2031 vector=0.0000 lexical=0.6500 schemaKeys=0.0000 context=0.0000 reasons=['文档关键词、示例词或名称命中', 'Top3 核心概念树全量保留']
  [28] Subfacies                    亚相             final=0.2031 vector=0.0000 lexical=0.6500 schemaKeys=0.0000 context=0.0000 reasons=['文档关键词、示例词或名称命中', 'Top3 核心概念树全量保留']
  [29] Microfacies                  微相             final=0.1719 vector=0.0000 lexical=0.5500 schemaKeys=0.0000 context=0.0000 reasons=['文档关键词、示例词或名称命中', 'Top3 核心概念树全量保留']
  [30] ProductionTest               测试/试采          final=0.1719 vector=0.0000 lexical=0.5500 schemaKeys=0.0000 context=0.0000 reasons=['文档关键词、示例词或名称命中', 'Top3 核心概念树全量保留']
  [31] Well                         井              final=0.0000 vector=0.0000 lexical=0.0000 schemaKeys=0.0000 context=0.0000 reasons=['Top3 核心概念树全量保留']
  [32] StratigraphicBoundary        地层界面           final=0.6977 vector=0.7681 lexical=0.8500 schemaKeys=0.0000 context=0.0000 reasons=['文档级向量召回', '文档关键词、示例词或名称命中', '跨树 Document Schema Prior']
  [33] Unconformity                 不整合面           final=0.6687 vector=0.7721 lexical=0.7500 schemaKeys=0.0000 context=0.0000 reasons=['文档级向量召回', '文档关键词、示例词或名称命中', '跨树 Document Schema Prior']
  [34] SequenceBoundary             层序界面           final=0.6593 vector=0.7555 lexical=0.7500 schemaKeys=0.0000 context=0.0000 reasons=['文档级向量召回', '文档关键词、示例词或名称命中', '跨树 Document Schema Prior']
  [35] PetroleumSystem              含油气系统/成藏系统     final=0.6318 vector=0.7621 lexical=0.6500 schemaKeys=0.0000 context=0.0000 reasons=['文档级向量召回', '文档关键词、示例词或名称命中', '跨树 Document Schema Prior']
  [36] AnalyticalMethod             分析方法           final=0.4500 vector=0.0000 lexical=1.0000 schemaKeys=1.0000 context=0.0000 reasons=['文档关键词、示例词或名称命中', '文档 schemaKeys 命中', '文档精确命中', '跨树 Document Schema Prior']
  [37] Experiment                   实验             final=0.4500 vector=0.0000 lexical=1.0000 schemaKeys=1.0000 context=0.0000 reasons=['文档关键词、示例词或名称命中', '文档 schemaKeys 命中', '文档精确命中', '跨树 Document Schema Prior']
  [38] GeologicAge                  地质时代           final=0.4500 vector=0.0000 lexical=1.0000 schemaKeys=1.0000 context=0.0000 reasons=['文档关键词、示例词或名称命中', '文档 schemaKeys 命中', '文档精确命中', '跨树 Document Schema Prior']
  [39] Sample                       样品             final=0.4500 vector=0.0000 lexical=1.0000 schemaKeys=1.0000 context=0.0000 reasons=['文档关键词、示例词或名称命中', '文档 schemaKeys 命中', '文档精确命中', '跨树 Document Schema Prior']
  [40] Fracture                     裂缝             final=0.4287 vector=0.7622 lexical=0.0000 schemaKeys=0.0000 context=0.0000 reasons=['文档级向量召回', '跨树 Document Schema Prior']
  [41] Formation                    组              final=0.3125 vector=0.0000 lexical=1.0000 schemaKeys=0.0000 context=0.0000 reasons=['文档关键词、示例词或名称命中', '文档精确命中', '跨树 Document Schema Prior']
  [42] StratigraphicMember          段              final=0.3125 vector=0.0000 lexical=1.0000 schemaKeys=0.0000 context=0.0000 reasons=['文档关键词、示例词或名称命中', '文档精确命中', '跨树 Document Schema Prior']
  [43] Bed                          层/单层           final=0.2344 vector=0.0000 lexical=0.7500 schemaKeys=0.0000 context=0.0000 reasons=['文档关键词、示例词或名称命中', '跨树 Document Schema Prior']
  [44] Isotope                      同位素            final=0.2344 vector=0.0000 lexical=0.7500 schemaKeys=0.0000 context=0.0000 reasons=['文档关键词、示例词或名称命中', '跨树 Document Schema Prior']
  [45] ReservoirInterval            目的层/储层段        final=0.2344 vector=0.0000 lexical=0.7500 schemaKeys=0.0000 context=0.0000 reasons=['文档关键词、示例词或名称命中', '跨树 Document Schema Prior']
  [46] SequenceStratigraphicUnit    层序单元           final=0.2344 vector=0.0000 lexical=0.7500 schemaKeys=0.0000 context=0.0000 reasons=['文档关键词、示例词或名称命中', '跨树 Document Schema Prior']
  [47] SubMember                    亚段/小层          final=0.2344 vector=0.0000 lexical=0.7500 schemaKeys=0.0000 context=0.0000 reasons=['文档关键词、示例词或名称命中', '跨树 Document Schema Prior']
  [48] SystemTract                  体系域            final=0.2344 vector=0.0000 lexical=0.7500 schemaKeys=0.0000 context=0.0000 reasons=['文档关键词、示例词或名称命中', '跨树 Document Schema Prior']
  [49] Biomarker                    生物标志化合物        final=0.2031 vector=0.0000 lexical=0.6500 schemaKeys=0.0000 context=0.0000 reasons=['文档关键词、示例词或名称命中', '跨树 Document Schema Prior']
  [50] OilGasReservoir              油气藏            final=0.2031 vector=0.0000 lexical=0.6500 schemaKeys=0.0000 context=0.0000 reasons=['文档关键词、示例词或名称命中', '跨树 Document Schema Prior']
  [51] Trap                         圈闭             final=0.2031 vector=0.0000 lexical=0.6500 schemaKeys=0.0000 context=0.0000 reasons=['文档关键词、示例词或名称命中', '跨树 Document Schema Prior']
  [52] AccumulationProcess          成藏过程           final=0.1875 vector=0.0000 lexical=0.6000 schemaKeys=0.0000 context=0.0000 reasons=['文档关键词、示例词或名称命中', '跨树 Document Schema Prior']
  [53] SourceRock                   烃源岩            final=0.1875 vector=0.0000 lexical=0.6000 schemaKeys=0.0000 context=0.0000 reasons=['文档关键词、示例词或名称命中', '跨树 Document Schema Prior']
  [54] KerogenType                  干酪根类型          final=0.1719 vector=0.0000 lexical=0.5500 schemaKeys=0.0000 context=0.0000 reasons=['文档关键词、示例词或名称命中', '跨树 Document Schema Prior']
  [55] OrganicMatter                有机质            final=0.1719 vector=0.0000 lexical=0.5500 schemaKeys=0.0000 context=0.0000 reasons=['文档关键词、示例词或名称命中', '跨树 Document Schema Prior']
  [56] CarrierSystem                输导体系           final=0.0000 vector=0.0000 lexical=0.0000 schemaKeys=0.0000 context=0.0000 reasons=['跨树 Document Schema Prior']
  [57] Cavity                       溶蚀孔洞/洞穴        final=0.0000 vector=0.0000 lexical=0.0000 schemaKeys=0.0000 context=0.0000 reasons=['跨树 Document Schema Prior']
  [58] FluidContact                 流体界面           final=0.0000 vector=0.0000 lexical=0.0000 schemaKeys=0.0000 context=0.0000 reasons=['跨树 Document Schema Prior']
  [59] Hydrocarbon                  烃类/油气          final=0.0000 vector=0.0000 lexical=0.0000 schemaKeys=0.0000 context=0.0000 reasons=['跨树 Document Schema Prior']
  [60] MigrationPathway             运移通道           final=0.0000 vector=0.0000 lexical=0.0000 schemaKeys=0.0000 context=0.0000 reasons=['跨树 Document Schema Prior']
  [61] OilGasField                  油气田            final=0.0000 vector=0.0000 lexical=0.0000 schemaKeys=0.0000 context=0.0000 reasons=['跨树 Document Schema Prior']
文档池内部关系：
  AccumulationProcess -[INVOLVES/涉及]-> MigrationPathway
  AccumulationProcess -[INVOLVES/涉及]-> SourceRock
  AccumulationProcess -[INVOLVES/涉及]-> Trap
  AccumulationProcess -[OCCURS_IN/发生于]-> PetroleumSystem
  AnalyticalMethod -[ANALYZES/分析]-> Biomarker
  AnalyticalMethod -[ANALYZES/分析]-> Cavity
  AnalyticalMethod -[ANALYZES/分析]-> Fracture
  AnalyticalMethod -[ANALYZES/分析]-> Isotope
  AnalyticalMethod -[ANALYZES/分析]-> KerogenType
  AnalyticalMethod -[ANALYZES/分析]-> Lithology
  AnalyticalMethod -[ANALYZES/分析]-> Mineral
  AnalyticalMethod -[ANALYZES/分析]-> OrganicMatter
  AnalyticalMethod -[ANALYZES/分析]-> Sample
  Basin -[CONTAINS/包含]-> Block
  Basin -[CONTAINS/包含]-> Depression
  Basin -[CONTAINS/包含]-> FaultZone
  Basin -[CONTAINS/包含]-> Sag
  Basin -[CONTAINS/包含]-> Slope
  Basin -[CONTAINS/包含]-> StructuralBelt
  Basin -[CONTAINS/包含]-> StructuralUnit
  Basin -[CONTAINS/包含]-> StudyArea
  Basin -[CONTAINS/包含]-> Uplift
  Basin -[DEVELOPS/发育]-> Formation
  Basin -[DEVELOPS/发育]-> ReservoirInterval
  Basin -[DEVELOPS/发育]-> StratigraphicMember
  Bed -[CONTAINS/包含]-> ReservoirInterval
  Bed -[HAS_LITHOLOGY/具有岩性]-> Lithology
  Bed -[PART_OF/属于]-> SubMember
  Biomarker -[INDICATES/指示]-> DepositionalEnvironment
  Biomarker -[INDICATES/指示]-> Hydrocarbon
  Biomarker -[INDICATES/指示]-> OrganicMatter
  Biomarker -[INDICATES/指示]-> SourceRock
  CarrierSystem -[CONTAINS/包含]-> MigrationPathway
  Core -[REVEALS/揭示]-> Fracture
  Core -[REVEALS/揭示]-> Lithology
  Core -[REVEALS/揭示]-> SedimentaryStructure
  Core -[SAMPLED_FROM/取自]-> ReservoirInterval
  Core -[SAMPLED_FROM/取自]-> Well
  DepositionalEnvironment -[CONTROLS/控制]-> Lithology
  DepositionalEnvironment -[CONTROLS/控制]-> SedimentaryFacies
  DepositionalSystem -[CONTAINS/包含]-> Microfacies
  DepositionalSystem -[CONTAINS/包含]-> SedimentaryFacies
  DepositionalSystem -[CONTAINS/包含]-> Subfacies
  Depression -[CONTAINS/包含]-> Sag
  Depression -[DEVELOPS/发育]-> SourceRock
  Depression -[PART_OF/属于]-> Basin
  Diagenesis -[AFFECTS/影响]-> Lithology
  Diagenesis -[AFFECTS/影响]-> Mineral
  Diagenesis -[AFFECTS/影响]-> RockTexture
  Diagenesis -[FORMS/形成]-> Cavity
  Diagenesis -[FORMS/形成]-> DiageneticFacies
  Diagenesis -[HAS_STAGE/具有阶段]-> DiageneticStage
  DiageneticFacies -[CONTROLLED_BY/受……控制]-> Diagenesis
  Experiment -[EVALUATES/评价]-> Hydrocarbon
  Experiment -[EVALUATES/评价]-> SourceRock
  Experiment -[USES/使用]-> Sample
  Experiment -[USES_METHOD/使用方法]-> AnalyticalMethod
  Fault -[CONTROLS/控制]-> Block
  Fault -[CONTROLS/控制]-> Fracture
  Fault -[CONTROLS/控制]-> MigrationPathway
  Fault -[CONTROLS/控制]-> StratigraphicBoundary
  Fault -[CONTROLS/控制]-> StructuralUnit
  Fault -[CONTROLS/控制]-> Trap
  Fault -[CUTS/切割]-> Formation
  Fault -[CUTS/切割]-> ReservoirInterval
  Fault -[CUTS/切割]-> StratigraphicMember
  Fault -[PART_OF/属于]-> FaultZone
  FaultZone -[CONTAINS/包含]-> Fault
  FaultZone -[CONTROLS/控制]-> CarrierSystem
  FaultZone -[CONTROLS/控制]-> StructuralBelt
  FaultZone -[CONTROLS/控制]-> StructuralUnit
  FaultZone -[CONTROLS/控制]-> Unconformity
  FluidContact -[BOUNDS/限定边界]-> OilGasReservoir
  FluidContact -[INDICATES/指示]-> Hydrocarbon
  Formation -[BELONGS_TO/属于]-> DepositionalSystem
  Formation -[CONTAINS/包含]-> ReservoirInterval
  Formation -[DEPOSITED_IN/沉积于]-> DepositionalEnvironment
  Formation -[HAS_FACIES/具有沉积相]-> SedimentaryFacies
  Formation -[HAS_LITHOLOGY/具有岩性]-> Lithology
  Formation -[HAS_MEMBER/具有段]-> StratigraphicMember
  GeologicAge -[DEFINES_AGE_OF/限定时代]-> Bed
  GeologicAge -[DEFINES_AGE_OF/限定时代]-> Formation
  GeologicAge -[DEFINES_AGE_OF/限定时代]-> SequenceStratigraphicUnit
  GeologicAge -[DEFINES_AGE_OF/限定时代]-> StratigraphicMember
  GeologicAge -[DEFINES_AGE_OF/限定时代]-> SubMember
  GeologicalMap -[SHOWS/展示]-> Basin
  GeologicalMap -[SHOWS/展示]-> Fault
  GeologicalMap -[SHOWS/展示]-> FaultZone
  GeologicalMap -[SHOWS/展示]-> Formation
  GeologicalMap -[SHOWS/展示]-> OilGasReservoir
  GeologicalMap -[SHOWS/展示]-> SedimentaryFacies
  GeologicalMap -[SHOWS/展示]-> StructuralUnit
  Hydrocarbon -[ACCUMULATES_IN/聚集于]-> OilGasReservoir
  Hydrocarbon -[ACCUMULATES_IN/聚集于]-> Trap
  Hydrocarbon -[CORRELATED_WITH/油源对比于]-> SourceRock
  Hydrocarbon -[HAS_BIOMARKER/具有生物标志化合物]-> Biomarker
  Hydrocarbon -[HAS_ISOTOPE/具有同位素]-> Isotope
  Isotope -[INDICATES/指示]-> DepositionalEnvironment
  Isotope -[INDICATES/指示]-> Hydrocarbon
  Isotope -[INDICATES/指示]-> SourceRock
  Lithology -[COMPOSED_OF/由……组成]-> Mineral
  Lithology -[HAS_STRUCTURE/具有沉积构造]-> SedimentaryStructure
  Lithology -[HAS_TEXTURE/具有结构/组构]-> RockTexture
  Lithology -[INDICATES/指示]-> DepositionalEnvironment
  Lithology -[INDICATES/指示]-> SedimentaryFacies
  Microfacies -[PART_OF/属于]-> Subfacies
  MigrationPathway -[CONNECTS/连接]-> SourceRock
  MigrationPathway -[CONNECTS/连接]-> Trap
  OilGasField -[CONTAINS/包含]-> OilGasReservoir
  OilGasField -[LOCATED_IN/位于]-> Basin
  OilGasField -[LOCATED_IN/位于]-> Block
  OilGasField -[LOCATED_IN/位于]-> StructuralUnit
  OilGasReservoir -[CONTAINS/包含]-> Hydrocarbon
  OilGasReservoir -[DEVELOPED_IN/发育于]-> ReservoirInterval
  OilGasReservoir -[DEVELOPED_IN/发育于]-> Trap
  OilGasReservoir -[HAS_FLUID_CONTACT/具有流体界面]-> FluidContact
  OilGasReservoir -[PART_OF/属于]-> OilGasField
  OrganicMatter -[GENERATES/生成]-> Hydrocarbon
  OrganicMatter -[HAS_TYPE/具有类型]-> KerogenType
  Outcrop -[EXPOSES/出露]-> Fault
  Outcrop -[EXPOSES/出露]-> Formation
  Outcrop -[EXPOSES/出露]-> Lithology
  Outcrop -[EXPOSES/出露]-> StratigraphicBoundary
  Outcrop -[EXPOSES/出露]-> StratigraphicMember
  PetroleumSystem -[DEVELOPED_IN/发育于]-> Basin
  PetroleumSystem -[DEVELOPED_IN/发育于]-> Block
  PetroleumSystem -[DEVELOPED_IN/发育于]-> StructuralUnit
  PetroleumSystem -[HAS_CARRIER_SYSTEM/具有输导体系]-> CarrierSystem
  PetroleumSystem -[HAS_MIGRATION_PATHWAY/具有运移通道]-> MigrationPathway
  PetroleumSystem -[HAS_PROCESS/具有成藏过程]-> AccumulationProcess
  PetroleumSystem -[HAS_SOURCE_ROCK/具有烃源岩]-> SourceRock
  PetroleumSystem -[HAS_TRAP/具有圈闭]-> Trap
  ProductionTest -[CONFIRMS/证实]-> Hydrocarbon
  ProductionTest -[TESTS/测试]-> OilGasReservoir
  ProductionTest -[TESTS/测试]-> ReservoirInterval
  ProductionTest -[TESTS/测试]-> Well
  ReservoirInterval -[BELONGS_TO/属于]-> DepositionalSystem
  ReservoirInterval -[CORRESPONDS_TO/对应]-> SourceRock
  ReservoirInterval -[DEPOSITED_IN/沉积于]-> DepositionalEnvironment
  ReservoirInterval -[HAS_FACIES/具有沉积相]-> SedimentaryFacies
  ReservoirInterval -[HAS_LITHOLOGY/具有岩性]-> Lithology
  ReservoirInterval -[PART_OF/属于]-> Bed
  ReservoirInterval -[PART_OF/属于]-> Formation
  ReservoirInterval -[PART_OF/属于]-> StratigraphicMember
  ReservoirInterval -[PART_OF/属于]-> SubMember
  Sag -[DEVELOPS/发育]-> SourceRock
  Sag -[PART_OF/属于]-> Depression
  Sample -[COLLECTED_FROM/采自]-> Core
  Sample -[COLLECTED_FROM/采自]-> Formation
  Sample -[COLLECTED_FROM/采自]-> Hydrocarbon
  Sample -[COLLECTED_FROM/采自]-> Lithology
  Sample -[COLLECTED_FROM/采自]-> Outcrop
  Sample -[COLLECTED_FROM/采自]-> ReservoirInterval
  Sample -[COLLECTED_FROM/采自]-> StratigraphicMember
  Sample -[COLLECTED_FROM/采自]-> Well
  SedimentaryFacies -[CONTAINS/包含]-> Subfacies
  SedimentaryFacies -[PART_OF/属于]-> DepositionalSystem
  SedimentaryStructure -[INDICATES/指示]-> DepositionalEnvironment
  SeismicProfile -[INTERPRETS/解释]-> Fault
  SeismicProfile -[INTERPRETS/解释]-> FaultZone
  SeismicProfile -[INTERPRETS/解释]-> StratigraphicBoundary
  SeismicProfile -[INTERPRETS/解释]-> StructuralUnit
  SeismicProfile -[INTERPRETS/解释]-> Trap
  SeismicProfile -[INTERPRETS/解释]-> Unconformity
  SequenceBoundary -[IS_TYPE_OF/属于类型]-> StratigraphicBoundary
  SequenceStratigraphicUnit -[BOUNDED_BY/受界面限定]-> SequenceBoundary
  SequenceStratigraphicUnit -[CONTAINS/包含]-> SystemTract
  SequenceStratigraphicUnit -[CONTROLS/控制]-> DepositionalSystem
  Slope -[ADJACENT_TO/邻接]-> Depression
  Slope -[ADJACENT_TO/邻接]-> Uplift
  Slope -[TRANSITION_BETWEEN/过渡于]-> Depression
  Slope -[TRANSITION_BETWEEN/过渡于]-> Uplift
  SourceRock -[CONTAINS/包含]-> OrganicMatter
  SourceRock -[DEVELOPED_IN/发育于]-> Depression
  SourceRock -[DEVELOPED_IN/发育于]-> Formation
  SourceRock -[DEVELOPED_IN/发育于]-> Sag
  SourceRock -[DEVELOPED_IN/发育于]-> StratigraphicMember
  SourceRock -[EXPELS/排出]-> Hydrocarbon
  SourceRock -[GENERATES/生成]-> Hydrocarbon
  SourceRock -[HAS_BIOMARKER/具有生物标志化合物]-> Biomarker
  SourceRock -[HAS_ISOTOPE/具有同位素]-> Isotope
  SourceRock -[HAS_LITHOLOGY/具有岩性]-> Lithology
  StratigraphicBoundary -[BOUNDS/限定边界]-> Bed
  StratigraphicBoundary -[BOUNDS/限定边界]-> Formation
  StratigraphicBoundary -[BOUNDS/限定边界]-> StratigraphicMember
  StratigraphicBoundary -[BOUNDS/限定边界]-> SubMember
  StratigraphicMember -[BELONGS_TO/属于]-> DepositionalSystem
  StratigraphicMember -[CONTAINS/包含]-> ReservoirInterval
  StratigraphicMember -[DEPOSITED_IN/沉积于]-> DepositionalEnvironment
  StratigraphicMember -[HAS_FACIES/具有沉积相]-> SedimentaryFacies
  StratigraphicMember -[HAS_LITHOLOGY/具有岩性]-> Lithology
  StratigraphicMember -[HAS_SUBMEMBER/具有亚段/小层]-> SubMember
  StratigraphicMember -[PART_OF/属于]-> Formation
  StructuralBelt -[CONTAINS/包含]-> Fault
  StructuralBelt -[CONTAINS/包含]-> FaultZone
  StructuralUnit -[CONTAINS/包含]-> Block
  StructuralUnit -[CONTAINS/包含]-> Depression
  StructuralUnit -[CONTAINS/包含]-> FaultZone
  StructuralUnit -[CONTAINS/包含]-> Sag
  StructuralUnit -[CONTAINS/包含]-> Slope
  StructuralUnit -[CONTAINS/包含]-> StructuralBelt
  StructuralUnit -[CONTAINS/包含]-> Uplift
  StructuralUnit -[DEVELOPS/发育]-> Formation
  StructuralUnit -[DEVELOPS/发育]-> ReservoirInterval
  StructuralUnit -[DEVELOPS/发育]-> StratigraphicMember
  StructuralUnit -[PART_OF/属于]-> Basin
  StudyArea -[COVERS/覆盖]-> Basin
  StudyArea -[COVERS/覆盖]-> Block
  StudyArea -[COVERS/覆盖]-> Depression
  StudyArea -[COVERS/覆盖]-> Sag
  StudyArea -[COVERS/覆盖]-> Slope
  StudyArea -[COVERS/覆盖]-> StructuralBelt
  StudyArea -[COVERS/覆盖]-> StructuralUnit
  StudyArea -[COVERS/覆盖]-> Uplift
  SubMember -[CONTAINS/包含]-> ReservoirInterval
  SubMember -[HAS_BED/具有层]-> Bed
  SubMember -[HAS_LITHOLOGY/具有岩性]-> Lithology
  SubMember -[PART_OF/属于]-> StratigraphicMember
  Subfacies -[CONTAINS/包含]-> Microfacies
  Subfacies -[PART_OF/属于]-> SedimentaryFacies
  SystemTract -[CONTROLS/控制]-> SedimentaryFacies
  SystemTract -[PART_OF/属于]-> SequenceStratigraphicUnit
  ThinSection -[OBSERVES/观察]-> Diagenesis
  ThinSection -[OBSERVES/观察]-> DiageneticFacies
  ThinSection -[OBSERVES/观察]-> Mineral
  ThinSection -[OBSERVES/观察]-> RockTexture
  ThinSection -[PREPARED_FROM/制备自]-> Core
  Trap -[DEVELOPED_IN/发育于]-> Slope
  Trap -[DEVELOPED_IN/发育于]-> StructuralBelt
  Trap -[DEVELOPED_IN/发育于]-> Uplift
  Trap -[RELATED_TO/相关于]-> Lithology
  Trap -[RELATED_TO/相关于]-> StratigraphicBoundary
  Trap -[RELATED_TO/相关于]-> Unconformity
  Trap -[TRAPS/圈闭]-> Hydrocarbon
  Unconformity -[ACTS_AS/作为]-> MigrationPathway
  Unconformity -[CONTROLS/控制]-> Trap
  Unconformity -[IS_TYPE_OF/属于类型]-> StratigraphicBoundary
  Uplift -[ADJACENT_TO/邻接]-> Slope
  Uplift -[EXPOSES_OR_ERODES/出露或剥蚀]-> Formation
  Well -[ENCOUNTERS/钻遇]-> FluidContact
  Well -[ENCOUNTERS/钻遇]-> Formation
  Well -[ENCOUNTERS/钻遇]-> ReservoirInterval
  Well -[ENCOUNTERS/钻遇]-> StratigraphicMember
  Well -[HAS_CORE/具有岩心]-> Core
  Well -[HAS_WELL_LOG/具有测井资料]-> WellLog
  Well -[LOCATED_IN/位于]-> Basin
  Well -[LOCATED_IN/位于]-> Block
  Well -[LOCATED_IN/位于]-> StructuralUnit
  Well -[LOCATED_IN/位于]-> StudyArea
  WellLog -[INTERPRETS/解释]-> FluidContact
  WellLog -[INTERPRETS/解释]-> Lithology
  WellLog -[INTERPRETS/解释]-> ReservoirInterval
  WellLog -[INTERPRETS/解释]-> StratigraphicBoundary

========================================================================================
[阶段 3] 每个 Chunk 的局部 Schema 子图
========================================================================================

--- Chunk 0:text:0 / order=0 ---
正文预览：作为形成于3．8 Ga 的古老陆核，华北克拉通经历了多阶段多期次的构造演化( Wu and Zhong，1998; 翟明国等，2014) 前人研究认为，华北克拉通基底于约2．5 Ga 由多个微陆块拼合形成，可划分为胶辽 前淮 许昌 阜平 济宁和阿拉善地块 6 个地块 ( Zhai et al． ，2005; Zhai ...
相邻上文：(无)
相邻下文：1．80～1． 75 Ga 是华北克拉通伸展作用的起始年代，这个阶段与南缘熊耳群火山岩及五台 恒山地区的基性岩墙群密切相关，期间岩浆活动记录了克拉通早期减薄和陆内伸展的地质过程。前人对这些岩浆事件进行
query_terms          : ['华北克拉通', '构造演化', '岩浆活动', '基性岩', '事件', '地块', '墙群', '大陆', '裂谷', '陆块', '双峰式火成岩', '鄂尔多斯盆地', '哥伦比亚', '地球化学', '构造环境', '裂谷盆地', '动力学', '岩石学', '火山岩', '产物', '关键', '吉带', '地质', '基底', '安沟', '对象', '小节', '岩浆', '性质', '恒山', '成因', '斑岩', '时代', '机制', '洋盆', '济宁', '系统', '胶辽', '花岗', '证据']
selection_confidence : 0.7605
fallback_used        : False
局部概念：
  Basin                        盆地             final=0.9094 vector=0.7986 lexical=1.0000 schemaKeys=1.0000 document=0.9094 reasons=['文档级向量召回', '文档关键词、示例词或名称命中', '文档 schemaKeys 命中', '文档精确命中', 'Top3 核心概念树全量保留', 'Chunk 正文关键词、示例词或名称命中', '章节摘要或前后文命中', '章节 schemaKeys 命中', '章节 schemaKeys 精确命中', 'Chunk 精确命中']
  StructuralUnit               构造单元           final=0.8747 vector=0.7772 lexical=1.0000 schemaKeys=1.0000 document=0.8747 reasons=['文档级向量召回', '文档关键词、示例词或名称命中', '文档精确命中', 'Top3 核心概念树全量保留', 'Chunk 正文关键词、示例词或名称命中', '章节摘要或前后文命中', '章节 schemaKeys 命中', '章节 schemaKeys 精确命中', 'Chunk 精确命中']
  StudyArea                    研究区            final=0.8028 vector=0.7841 lexical=1.0000 schemaKeys=1.0000 document=0.8028 reasons=['文档级向量召回', '文档关键词、示例词或名称命中', '文档 schemaKeys 命中', '文档精确命中', 'Top3 核心概念树全量保留', 'Chunk 正文关键词、示例词或名称命中', '章节摘要或前后文命中', '章节 schemaKeys 命中', '章节 schemaKeys 精确命中', 'Chunk 精确命中']
  FaultZone                    断裂带            final=0.7925 vector=0.7611 lexical=1.0000 schemaKeys=1.0000 document=0.7925 reasons=['文档级向量召回', '文档关键词、示例词或名称命中', '文档 schemaKeys 命中', '文档精确命中', 'Top3 核心概念树全量保留']
  Lithology                    岩性             final=0.7904 vector=0.7564 lexical=1.0000 schemaKeys=1.0000 document=0.7904 reasons=['文档级向量召回', '文档关键词、示例词或名称命中', '文档 schemaKeys 命中', '文档精确命中', 'Top3 核心概念树全量保留', '章节 schemaKeys 命中', '章节 schemaKeys 精确命中', 'Chunk 精确命中']
  Outcrop                      露头             final=0.7901 vector=0.7558 lexical=1.0000 schemaKeys=1.0000 document=0.7901 reasons=['文档级向量召回', '文档关键词、示例词或名称命中', '文档 schemaKeys 命中', '文档精确命中', 'Top3 核心概念树全量保留', 'Chunk 正文关键词、示例词或名称命中', '章节摘要或前后文命中']
  Uplift                       隆起             final=0.7589 vector=0.7936 lexical=1.0000 schemaKeys=1.0000 document=0.7589 reasons=['文档级向量召回', '文档关键词、示例词或名称命中', '文档精确命中', 'Top3 核心概念树全量保留', '章节 schemaKeys 命中', '章节 schemaKeys 精确命中', 'Chunk 精确命中']
  Fault                        断层             final=0.7201 vector=0.7802 lexical=0.9000 schemaKeys=0.0000 document=0.7201 reasons=['文档级向量召回', '文档关键词、示例词或名称命中', 'Top3 核心概念树全量保留', 'Chunk 正文关键词、示例词或名称命中', '章节摘要或前后文命中']
  SedimentaryFacies            沉积相            final=0.6620 vector=0.7602 lexical=0.7500 schemaKeys=0.0000 document=0.6620 reasons=['文档级向量召回', '文档关键词、示例词或名称命中', 'Top3 核心概念树全量保留']
  SedimentaryStructure         沉积构造           final=0.6355 vector=0.7688 lexical=0.6500 schemaKeys=0.0000 document=0.6355 reasons=['文档级向量召回', '文档关键词、示例词或名称命中', 'Top3 核心概念树全量保留', '章节摘要或前后文命中']
  DepositionalEnvironment      沉积环境           final=0.6305 vector=0.7598 lexical=0.6500 schemaKeys=0.0000 document=0.6305 reasons=['文档级向量召回', '文档关键词、示例词或名称命中', 'Top3 核心概念树全量保留']
  Core                         岩心             final=0.6274 vector=0.7543 lexical=0.6500 schemaKeys=0.0000 document=0.6274 reasons=['文档级向量召回', '文档关键词、示例词或名称命中', 'Top3 核心概念树全量保留']
  DiageneticStage              成岩阶段           final=0.6274 vector=0.7820 lexical=0.6000 schemaKeys=0.0000 document=0.6274 reasons=['文档级向量召回', '文档关键词、示例词或名称命中', 'Top3 核心概念树全量保留', 'Chunk 正文关键词、示例词或名称命中', '章节摘要或前后文命中']
  ThinSection                  薄片             final=0.6261 vector=0.7519 lexical=0.6500 schemaKeys=0.0000 document=0.6261 reasons=['文档级向量召回', '文档关键词、示例词或名称命中', 'Top3 核心概念树全量保留']
  DiageneticFacies             成岩相            final=0.6167 vector=0.7630 lexical=0.6000 schemaKeys=0.0000 document=0.6167 reasons=['文档级向量召回', '文档关键词、示例词或名称命中', 'Top3 核心概念树全量保留', '章节摘要或前后文命中']
  Diagenesis                   成岩作用           final=0.6112 vector=0.7532 lexical=0.6000 schemaKeys=0.0000 document=0.6112 reasons=['文档级向量召回', '文档关键词、示例词或名称命中', 'Top3 核心概念树全量保留', 'Chunk 正文关键词、示例词或名称命中', '章节摘要或前后文命中']
  Slope                        斜坡             final=0.6036 vector=0.7675 lexical=0.5500 schemaKeys=0.0000 document=0.6036 reasons=['文档级向量召回', '文档关键词、示例词或名称命中', 'Top3 核心概念树全量保留']
  RockTexture                  岩石结构/组构        final=0.6000 vector=0.7610 lexical=0.5500 schemaKeys=0.0000 document=0.6000 reasons=['文档级向量召回', '文档关键词、示例词或名称命中', 'Top3 核心概念树全量保留']
  WellLog                      测井资料           final=0.5997 vector=0.7607 lexical=0.5500 schemaKeys=0.0000 document=0.5997 reasons=['文档级向量召回', '文档关键词、示例词或名称命中', 'Top3 核心概念树全量保留']
  DepositionalSystem           沉积体系           final=0.5956 vector=0.7532 lexical=0.5500 schemaKeys=0.0000 document=0.5956 reasons=['文档级向量召回', '文档关键词、示例词或名称命中', 'Top3 核心概念树全量保留', 'Chunk 正文关键词、示例词或名称命中']
  Mineral                      矿物             final=0.4500 vector=0.0000 lexical=1.0000 schemaKeys=1.0000 document=0.4500 reasons=['文档关键词、示例词或名称命中', '文档 schemaKeys 命中', '文档精确命中', 'Top3 核心概念树全量保留']
  Depression                   凹陷/坳陷          final=0.4364 vector=0.7758 lexical=0.0000 schemaKeys=0.0000 document=0.4364 reasons=['文档级向量召回', 'Top3 核心概念树全量保留']
  Block                        区块             final=0.4337 vector=0.7710 lexical=0.0000 schemaKeys=0.0000 document=0.4337 reasons=['文档级向量召回', 'Top3 核心概念树全量保留']
  StructuralBelt               构造带            final=0.4312 vector=0.7666 lexical=0.0000 schemaKeys=0.0000 document=0.4312 reasons=['文档级向量召回', 'Top3 核心概念树全量保留']
  SeismicProfile               地震剖面           final=0.4282 vector=0.7612 lexical=0.0000 schemaKeys=0.0000 document=0.4282 reasons=['文档级向量召回', 'Top3 核心概念树全量保留']
  Sag                          洼陷             final=0.4280 vector=0.7610 lexical=0.0000 schemaKeys=0.0000 document=0.4280 reasons=['文档级向量召回', 'Top3 核心概念树全量保留']
  GeologicalMap                地质图            final=0.2031 vector=0.0000 lexical=0.6500 schemaKeys=0.0000 document=0.2031 reasons=['文档关键词、示例词或名称命中', 'Top3 核心概念树全量保留', 'Chunk 正文关键词、示例词或名称命中', '章节摘要或前后文命中']
  Subfacies                    亚相             final=0.2031 vector=0.0000 lexical=0.6500 schemaKeys=0.0000 document=0.2031 reasons=['文档关键词、示例词或名称命中', 'Top3 核心概念树全量保留']
  Microfacies                  微相             final=0.1719 vector=0.0000 lexical=0.5500 schemaKeys=0.0000 document=0.1719 reasons=['文档关键词、示例词或名称命中', 'Top3 核心概念树全量保留']
  ProductionTest               测试/试采          final=0.1719 vector=0.0000 lexical=0.5500 schemaKeys=0.0000 document=0.1719 reasons=['文档关键词、示例词或名称命中', 'Top3 核心概念树全量保留', 'Chunk 正文关键词、示例词或名称命中', '章节摘要或前后文命中']
  Well                         井              final=0.0000 vector=0.0000 lexical=0.0000 schemaKeys=0.0000 document=0.0000 reasons=['Top3 核心概念树全量保留']
  Unconformity                 不整合面           final=0.7051 vector=0.7679 lexical=0.6500 schemaKeys=0.0000 document=0.6687 reasons=['Chunk 向量召回', 'Chunk 正文关键词、示例词或名称命中', '章节摘要或前后文命中', 'Document Schema Prior']
  Bed                          层/单层           final=0.6500 vector=0.0000 lexical=0.6500 schemaKeys=0.0000 document=0.0000 reasons=['受控一跳概念扩展']
  Isotope                      同位素            final=0.6500 vector=0.0000 lexical=0.6500 schemaKeys=0.0000 document=0.0000 reasons=['受控一跳概念扩展']
  OrganicMatter                有机质            final=0.6500 vector=0.0000 lexical=0.6500 schemaKeys=0.0000 document=0.0000 reasons=['受控一跳概念扩展']
  ReservoirInterval            目的层/储层段        final=0.6500 vector=0.0000 lexical=0.6500 schemaKeys=0.0000 document=0.0000 reasons=['受控一跳概念扩展']
  SequenceStratigraphicUnit    层序单元           final=0.6500 vector=0.0000 lexical=0.6500 schemaKeys=0.0000 document=0.0000 reasons=['受控一跳概念扩展']
  SubMember                    亚段/小层          final=0.6500 vector=0.0000 lexical=0.6500 schemaKeys=0.0000 document=0.0000 reasons=['受控一跳概念扩展']
  AccumulationProcess          成藏过程           final=0.6000 vector=0.0000 lexical=0.6000 schemaKeys=0.0000 document=0.0000 reasons=['受控一跳概念扩展']
  Biomarker                    生物标志化合物        final=0.5500 vector=0.0000 lexical=0.5500 schemaKeys=0.0000 document=0.0000 reasons=['受控一跳概念扩展']
  KerogenType                  干酪根类型          final=0.5500 vector=0.0000 lexical=0.5500 schemaKeys=0.0000 document=0.0000 reasons=['受控一跳概念扩展']
  Trap                         圈闭             final=0.5500 vector=0.0000 lexical=0.5500 schemaKeys=0.0000 document=0.0000 reasons=['受控一跳概念扩展']
  GeologicAge                  地质时代           final=0.4925 vector=0.0000 lexical=0.7500 schemaKeys=1.0000 document=0.4500 reasons=['Chunk 正文关键词、示例词或名称命中', '章节摘要或前后文命中', 'Document Schema Prior', '章节 schemaKeys 命中', 'Chunk 精确命中']
  Formation                    组              final=0.4336 vector=0.0000 lexical=1.0000 schemaKeys=0.0000 document=0.3125 reasons=['Chunk 正文关键词、示例词或名称命中', '章节摘要或前后文命中', 'Document Schema Prior', 'Chunk 精确命中']
  StratigraphicMember          段              final=0.4336 vector=0.0000 lexical=1.0000 schemaKeys=0.0000 document=0.3125 reasons=['Chunk 正文关键词、示例词或名称命中', '章节摘要或前后文命中', 'Document Schema Prior', 'Chunk 精确命中']
  AnalyticalMethod             分析方法           final=0.4325 vector=0.0000 lexical=0.5500 schemaKeys=1.0000 document=0.4500 reasons=['Chunk 正文关键词、示例词或名称命中', '章节摘要或前后文命中', 'Document Schema Prior', '章节 schemaKeys 命中', 'Chunk 精确命中']
  Experiment                   实验             final=0.4325 vector=0.0000 lexical=0.5500 schemaKeys=1.0000 document=0.4500 reasons=['Chunk 正文关键词、示例词或名称命中', '章节摘要或前后文命中', 'Document Schema Prior', '章节 schemaKeys 命中', 'Chunk 精确命中']
  Fracture                     裂缝             final=0.4145 vector=0.7638 lexical=0.0000 schemaKeys=0.0000 document=0.4287 reasons=['Chunk 向量召回', 'Document Schema Prior']
  StratigraphicBoundary        地层界面           final=0.3746 vector=0.0000 lexical=0.6500 schemaKeys=0.0000 document=0.6977 reasons=['Chunk 正文关键词、示例词或名称命中', '章节摘要或前后文命中', 'Document Schema Prior']
  SequenceBoundary             层序界面           final=0.3674 vector=0.0000 lexical=0.6500 schemaKeys=0.0000 document=0.6593 reasons=['Chunk 正文关键词、示例词或名称命中', '章节摘要或前后文命中', 'Document Schema Prior']
  PetroleumSystem              含油气系统/成藏系统     final=0.3497 vector=0.0000 lexical=0.6500 schemaKeys=0.0000 document=0.6318 reasons=['Chunk 正文关键词、示例词或名称命中', '章节摘要或前后文命中', 'Document Schema Prior']
  CarrierSystem                输导体系           final=0.2000 vector=0.0000 lexical=0.0000 schemaKeys=0.0000 document=0.0000 reasons=['受控一跳概念扩展']
  Cavity                       溶蚀孔洞/洞穴        final=0.2000 vector=0.0000 lexical=0.0000 schemaKeys=0.0000 document=0.0000 reasons=['受控一跳概念扩展']
  Hydrocarbon                  烃类/油气          final=0.2000 vector=0.0000 lexical=0.0000 schemaKeys=0.0000 document=0.0000 reasons=['受控一跳概念扩展']
  MigrationPathway             运移通道           final=0.2000 vector=0.0000 lexical=0.0000 schemaKeys=0.0000 document=0.0000 reasons=['受控一跳概念扩展']
  PoreStructure                孔隙结构           final=0.2000 vector=0.0000 lexical=0.0000 schemaKeys=0.0000 document=0.0000 reasons=['受控一跳概念扩展']
局部关系：
  AccumulationProcess -[INVOLVES/涉及]-> MigrationPathway  edge=0.0000
  AccumulationProcess -[INVOLVES/涉及]-> Trap  edge=0.0000
  AccumulationProcess -[OCCURS_IN/发生于]-> PetroleumSystem  edge=0.0000
  AnalyticalMethod -[ANALYZES/分析]-> Biomarker  edge=0.0000
  AnalyticalMethod -[ANALYZES/分析]-> Cavity  edge=0.0000
  AnalyticalMethod -[ANALYZES/分析]-> Fracture  edge=0.0000
  AnalyticalMethod -[ANALYZES/分析]-> Isotope  edge=0.0000
  AnalyticalMethod -[ANALYZES/分析]-> KerogenType  edge=0.0000
  AnalyticalMethod -[ANALYZES/分析]-> Lithology  edge=0.0000
  AnalyticalMethod -[ANALYZES/分析]-> Mineral  edge=0.0000
  AnalyticalMethod -[ANALYZES/分析]-> OrganicMatter  edge=0.0000
  AnalyticalMethod -[ANALYZES/分析]-> PoreStructure  edge=0.0000
  Basin -[CONTAINS/包含]-> Block  edge=0.0000
  Basin -[CONTAINS/包含]-> Depression  edge=0.0000
  Basin -[CONTAINS/包含]-> FaultZone  edge=0.0000
  Basin -[CONTAINS/包含]-> Sag  edge=0.0000
  Basin -[CONTAINS/包含]-> Slope  edge=0.0000
  Basin -[CONTAINS/包含]-> StructuralBelt  edge=0.0000
  Basin -[CONTAINS/包含]-> StructuralUnit  edge=0.0000
  Basin -[CONTAINS/包含]-> StudyArea  edge=0.0000
  Basin -[CONTAINS/包含]-> Uplift  edge=0.0000
  Basin -[DEVELOPS/发育]-> Formation  edge=0.0000
  Basin -[DEVELOPS/发育]-> ReservoirInterval  edge=0.0000
  Basin -[DEVELOPS/发育]-> StratigraphicMember  edge=0.0000
  Bed -[CONTAINS/包含]-> ReservoirInterval  edge=0.0000
  Bed -[HAS_LITHOLOGY/具有岩性]-> Lithology  edge=0.0000
  Bed -[PART_OF/属于]-> SubMember  edge=0.0000
  Biomarker -[INDICATES/指示]-> DepositionalEnvironment  edge=0.0000
  Biomarker -[INDICATES/指示]-> Hydrocarbon  edge=0.0000
  Biomarker -[INDICATES/指示]-> OrganicMatter  edge=0.0000
  CarrierSystem -[CONTAINS/包含]-> MigrationPathway  edge=0.0000
  Core -[REVEALS/揭示]-> Fracture  edge=0.0000
  Core -[REVEALS/揭示]-> Lithology  edge=0.0000
  Core -[REVEALS/揭示]-> PoreStructure  edge=0.0000
  Core -[REVEALS/揭示]-> SedimentaryStructure  edge=0.0000
  Core -[SAMPLED_FROM/取自]-> ReservoirInterval  edge=0.0000
  Core -[SAMPLED_FROM/取自]-> Well  edge=0.0000
  DepositionalEnvironment -[CONTROLS/控制]-> Lithology  edge=0.0000
  DepositionalEnvironment -[CONTROLS/控制]-> SedimentaryFacies  edge=0.0000
  DepositionalSystem -[CONTAINS/包含]-> Microfacies  edge=0.0000
  DepositionalSystem -[CONTAINS/包含]-> SedimentaryFacies  edge=0.0000
  DepositionalSystem -[CONTAINS/包含]-> Subfacies  edge=0.0000
  Depression -[CONTAINS/包含]-> Sag  edge=0.0000
  Depression -[PART_OF/属于]-> Basin  edge=0.0000
  Diagenesis -[AFFECTS/影响]-> Lithology  edge=0.0000
  Diagenesis -[AFFECTS/影响]-> Mineral  edge=0.0000
  Diagenesis -[AFFECTS/影响]-> PoreStructure  edge=0.0000
  Diagenesis -[AFFECTS/影响]-> RockTexture  edge=0.0000
  Diagenesis -[FORMS/形成]-> Cavity  edge=0.0000
  Diagenesis -[FORMS/形成]-> DiageneticFacies  edge=0.0000
  Diagenesis -[HAS_STAGE/具有阶段]-> DiageneticStage  edge=0.0000
  DiageneticFacies -[CONTROLLED_BY/受……控制]-> Diagenesis  edge=0.0000
  Experiment -[EVALUATES/评价]-> Hydrocarbon  edge=0.0000
  Experiment -[USES_METHOD/使用方法]-> AnalyticalMethod  edge=0.0000
  Fault -[CONTROLS/控制]-> Block  edge=0.0000
  Fault -[CONTROLS/控制]-> Fracture  edge=0.0000
  Fault -[CONTROLS/控制]-> MigrationPathway  edge=0.0000
  Fault -[CONTROLS/控制]-> StratigraphicBoundary  edge=0.0000
  Fault -[CONTROLS/控制]-> StructuralUnit  edge=0.0000
  Fault -[CONTROLS/控制]-> Trap  edge=0.0000
  Fault -[CUTS/切割]-> Formation  edge=0.0000
  Fault -[CUTS/切割]-> ReservoirInterval  edge=0.0000
  Fault -[CUTS/切割]-> StratigraphicMember  edge=0.0000
  Fault -[PART_OF/属于]-> FaultZone  edge=0.0000
  FaultZone -[CONTAINS/包含]-> Fault  edge=0.0000
  FaultZone -[CONTROLS/控制]-> CarrierSystem  edge=0.0000
  FaultZone -[CONTROLS/控制]-> StructuralBelt  edge=0.0000
  FaultZone -[CONTROLS/控制]-> StructuralUnit  edge=0.0000
  FaultZone -[CONTROLS/控制]-> Unconformity  edge=0.0000
  Formation -[BELONGS_TO/属于]-> DepositionalSystem  edge=0.0000
  Formation -[CONTAINS/包含]-> ReservoirInterval  edge=0.0000
  Formation -[DEPOSITED_IN/沉积于]-> DepositionalEnvironment  edge=0.0000
  Formation -[HAS_FACIES/具有沉积相]-> SedimentaryFacies  edge=0.0000
  Formation -[HAS_LITHOLOGY/具有岩性]-> Lithology  edge=0.0000
  Formation -[HAS_MEMBER/具有段]-> StratigraphicMember  edge=0.0000
  GeologicAge -[DEFINES_AGE_OF/限定时代]-> Bed  edge=0.0000
  GeologicAge -[DEFINES_AGE_OF/限定时代]-> Formation  edge=0.0000
  GeologicAge -[DEFINES_AGE_OF/限定时代]-> SequenceStratigraphicUnit  edge=0.0000
  GeologicAge -[DEFINES_AGE_OF/限定时代]-> StratigraphicMember  edge=0.0000
  GeologicAge -[DEFINES_AGE_OF/限定时代]-> SubMember  edge=0.0000
  GeologicalMap -[SHOWS/展示]-> Basin  edge=0.0000
  GeologicalMap -[SHOWS/展示]-> Fault  edge=0.0000
  GeologicalMap -[SHOWS/展示]-> FaultZone  edge=0.0000
  GeologicalMap -[SHOWS/展示]-> Formation  edge=0.0000
  GeologicalMap -[SHOWS/展示]-> SedimentaryFacies  edge=0.0000
  GeologicalMap -[SHOWS/展示]-> StructuralUnit  edge=0.0000
  Hydrocarbon -[ACCUMULATES_IN/聚集于]-> Trap  edge=0.0000
  Hydrocarbon -[HAS_BIOMARKER/具有生物标志化合物]-> Biomarker  edge=0.0000
  Hydrocarbon -[HAS_ISOTOPE/具有同位素]-> Isotope  edge=0.0000
  Isotope -[INDICATES/指示]-> DepositionalEnvironment  edge=0.0000
  Isotope -[INDICATES/指示]-> Hydrocarbon  edge=0.0000
  Lithology -[COMPOSED_OF/由……组成]-> Mineral  edge=0.0000
  Lithology -[CONTROLS/控制]-> PoreStructure  edge=0.0000
  Lithology -[HAS_STRUCTURE/具有沉积构造]-> SedimentaryStructure  edge=0.0000
  Lithology -[HAS_TEXTURE/具有结构/组构]-> RockTexture  edge=0.0000
  Lithology -[INDICATES/指示]-> DepositionalEnvironment  edge=0.0000
  Lithology -[INDICATES/指示]-> SedimentaryFacies  edge=0.0000
  Microfacies -[PART_OF/属于]-> Subfacies  edge=0.0000
  MigrationPathway -[CONNECTS/连接]-> Trap  edge=0.0000
  Mineral -[AFFECTS/影响]-> PoreStructure  edge=0.0000
  OrganicMatter -[GENERATES/生成]-> Hydrocarbon  edge=0.0000
  OrganicMatter -[HAS_TYPE/具有类型]-> KerogenType  edge=0.0000
  Outcrop -[EXPOSES/出露]-> Fault  edge=0.0000
  Outcrop -[EXPOSES/出露]-> Formation  edge=0.0000
  Outcrop -[EXPOSES/出露]-> Lithology  edge=0.0000
  Outcrop -[EXPOSES/出露]-> StratigraphicBoundary  edge=0.0000
  Outcrop -[EXPOSES/出露]-> StratigraphicMember  edge=0.0000
  PetroleumSystem -[DEVELOPED_IN/发育于]-> Basin  edge=0.0000
  PetroleumSystem -[DEVELOPED_IN/发育于]-> Block  edge=0.0000
  PetroleumSystem -[DEVELOPED_IN/发育于]-> StructuralUnit  edge=0.0000
  PetroleumSystem -[HAS_CARRIER_SYSTEM/具有输导体系]-> CarrierSystem  edge=0.0000
  PetroleumSystem -[HAS_MIGRATION_PATHWAY/具有运移通道]-> MigrationPathway  edge=0.0000
  PetroleumSystem -[HAS_PROCESS/具有成藏过程]-> AccumulationProcess  edge=0.0000
  PetroleumSystem -[HAS_TRAP/具有圈闭]-> Trap  edge=0.0000
  PoreStructure -[DEVELOPED_IN/发育于]-> Lithology  edge=0.0000
  ProductionTest -[CONFIRMS/证实]-> Hydrocarbon  edge=0.0000
  ProductionTest -[TESTS/测试]-> ReservoirInterval  edge=0.0000
  ProductionTest -[TESTS/测试]-> Well  edge=0.0000
  ReservoirInterval -[BELONGS_TO/属于]-> DepositionalSystem  edge=0.0000
  ReservoirInterval -[DEPOSITED_IN/沉积于]-> DepositionalEnvironment  edge=0.0000
  ReservoirInterval -[HAS_FACIES/具有沉积相]-> SedimentaryFacies  edge=0.0000
  ReservoirInterval -[HAS_LITHOLOGY/具有岩性]-> Lithology  edge=0.0000
  ReservoirInterval -[PART_OF/属于]-> Bed  edge=0.0000
  ReservoirInterval -[PART_OF/属于]-> Formation  edge=0.0000
  ReservoirInterval -[PART_OF/属于]-> StratigraphicMember  edge=0.0000
  ReservoirInterval -[PART_OF/属于]-> SubMember  edge=0.0000
  Sag -[PART_OF/属于]-> Depression  edge=0.0000
  SedimentaryFacies -[CONTAINS/包含]-> Subfacies  edge=0.0000
  SedimentaryFacies -[PART_OF/属于]-> DepositionalSystem  edge=0.0000
  SedimentaryStructure -[INDICATES/指示]-> DepositionalEnvironment  edge=0.0000
  SeismicProfile -[INTERPRETS/解释]-> Fault  edge=0.0000
  SeismicProfile -[INTERPRETS/解释]-> FaultZone  edge=0.0000
  SeismicProfile -[INTERPRETS/解释]-> StratigraphicBoundary  edge=0.0000
  SeismicProfile -[INTERPRETS/解释]-> StructuralUnit  edge=0.0000
  SeismicProfile -[INTERPRETS/解释]-> Trap  edge=0.0000
  SeismicProfile -[INTERPRETS/解释]-> Unconformity  edge=0.0000
  SequenceBoundary -[IS_TYPE_OF/属于类型]-> StratigraphicBoundary  edge=0.0000
  SequenceStratigraphicUnit -[BOUNDED_BY/受界面限定]-> SequenceBoundary  edge=0.0000
  SequenceStratigraphicUnit -[CONTROLS/控制]-> DepositionalSystem  edge=0.0000
  Slope -[ADJACENT_TO/邻接]-> Depression  edge=0.0000
  Slope -[ADJACENT_TO/邻接]-> Uplift  edge=0.0000
  Slope -[TRANSITION_BETWEEN/过渡于]-> Depression  edge=0.0000
  Slope -[TRANSITION_BETWEEN/过渡于]-> Uplift  edge=0.0000
  StratigraphicBoundary -[BOUNDS/限定边界]-> Bed  edge=0.0000
  StratigraphicBoundary -[BOUNDS/限定边界]-> Formation  edge=0.0000
  StratigraphicBoundary -[BOUNDS/限定边界]-> StratigraphicMember  edge=0.0000
  StratigraphicBoundary -[BOUNDS/限定边界]-> SubMember  edge=0.0000
  StratigraphicMember -[BELONGS_TO/属于]-> DepositionalSystem  edge=0.0000
  StratigraphicMember -[CONTAINS/包含]-> ReservoirInterval  edge=0.0000
  StratigraphicMember -[DEPOSITED_IN/沉积于]-> DepositionalEnvironment  edge=0.0000
  StratigraphicMember -[HAS_FACIES/具有沉积相]-> SedimentaryFacies  edge=0.0000
  StratigraphicMember -[HAS_LITHOLOGY/具有岩性]-> Lithology  edge=0.0000
  StratigraphicMember -[HAS_SUBMEMBER/具有亚段/小层]-> SubMember  edge=0.0000
  StratigraphicMember -[PART_OF/属于]-> Formation  edge=0.0000
  StructuralBelt -[CONTAINS/包含]-> Fault  edge=0.0000
  StructuralBelt -[CONTAINS/包含]-> FaultZone  edge=0.0000
  StructuralUnit -[CONTAINS/包含]-> Block  edge=0.0000
  StructuralUnit -[CONTAINS/包含]-> Depression  edge=0.0000
  StructuralUnit -[CONTAINS/包含]-> FaultZone  edge=0.0000
  StructuralUnit -[CONTAINS/包含]-> Sag  edge=0.0000
  StructuralUnit -[CONTAINS/包含]-> Slope  edge=0.0000
  StructuralUnit -[CONTAINS/包含]-> StructuralBelt  edge=0.0000
  StructuralUnit -[CONTAINS/包含]-> Uplift  edge=0.0000
  StructuralUnit -[DEVELOPS/发育]-> Formation  edge=0.0000
  StructuralUnit -[DEVELOPS/发育]-> ReservoirInterval  edge=0.0000
  StructuralUnit -[DEVELOPS/发育]-> StratigraphicMember  edge=0.0000
  StructuralUnit -[PART_OF/属于]-> Basin  edge=0.0000
  StudyArea -[COVERS/覆盖]-> Basin  edge=0.0000
  StudyArea -[COVERS/覆盖]-> Block  edge=0.0000
  StudyArea -[COVERS/覆盖]-> Depression  edge=0.0000
  StudyArea -[COVERS/覆盖]-> Sag  edge=0.0000
  StudyArea -[COVERS/覆盖]-> Slope  edge=0.0000
  StudyArea -[COVERS/覆盖]-> StructuralBelt  edge=0.0000
  StudyArea -[COVERS/覆盖]-> StructuralUnit  edge=0.0000
  StudyArea -[COVERS/覆盖]-> Uplift  edge=0.0000
  SubMember -[CONTAINS/包含]-> ReservoirInterval  edge=0.0000
  SubMember -[HAS_BED/具有层]-> Bed  edge=0.0000
  SubMember -[HAS_LITHOLOGY/具有岩性]-> Lithology  edge=0.0000
  SubMember -[PART_OF/属于]-> StratigraphicMember  edge=0.0000
  Subfacies -[CONTAINS/包含]-> Microfacies  edge=0.0000
  Subfacies -[PART_OF/属于]-> SedimentaryFacies  edge=0.0000
  ThinSection -[OBSERVES/观察]-> Diagenesis  edge=0.0000
  ThinSection -[OBSERVES/观察]-> DiageneticFacies  edge=0.0000
  ThinSection -[OBSERVES/观察]-> Mineral  edge=0.0000
  ThinSection -[OBSERVES/观察]-> PoreStructure  edge=0.0000
  ThinSection -[OBSERVES/观察]-> RockTexture  edge=0.0000
  ThinSection -[PREPARED_FROM/制备自]-> Core  edge=0.0000
  Trap -[DEVELOPED_IN/发育于]-> Slope  edge=0.0000
  Trap -[DEVELOPED_IN/发育于]-> StructuralBelt  edge=0.0000
  Trap -[DEVELOPED_IN/发育于]-> Uplift  edge=0.0000
  Trap -[RELATED_TO/相关于]-> Lithology  edge=0.0000
  Trap -[RELATED_TO/相关于]-> StratigraphicBoundary  edge=0.0000
  Trap -[RELATED_TO/相关于]-> Unconformity  edge=0.0000
  Trap -[TRAPS/圈闭]-> Hydrocarbon  edge=0.0000
  Unconformity -[ACTS_AS/作为]-> MigrationPathway  edge=0.0000
  Unconformity -[CONTROLS/控制]-> Trap  edge=0.0000
  Unconformity -[IS_TYPE_OF/属于类型]-> StratigraphicBoundary  edge=0.0000
  Uplift -[ADJACENT_TO/邻接]-> Slope  edge=0.0000
  Uplift -[EXPOSES_OR_ERODES/出露或剥蚀]-> Formation  edge=0.0000
  Well -[ENCOUNTERS/钻遇]-> Formation  edge=0.0000
  Well -[ENCOUNTERS/钻遇]-> ReservoirInterval  edge=0.0000
  Well -[ENCOUNTERS/钻遇]-> StratigraphicMember  edge=0.0000
  Well -[HAS_CORE/具有岩心]-> Core  edge=0.0000
  Well -[HAS_WELL_LOG/具有测井资料]-> WellLog  edge=0.0000
  Well -[LOCATED_IN/位于]-> Basin  edge=0.0000
  Well -[LOCATED_IN/位于]-> Block  edge=0.0000
  Well -[LOCATED_IN/位于]-> StructuralUnit  edge=0.0000
  Well -[LOCATED_IN/位于]-> StudyArea  edge=0.0000
  WellLog -[INTERPRETS/解释]-> Lithology  edge=0.0000
  WellLog -[INTERPRETS/解释]-> ReservoirInterval  edge=0.0000
  WellLog -[INTERPRETS/解释]-> StratigraphicBoundary  edge=0.0000

--- Chunk 0:text:1 / order=1 ---
正文预览：1．80～1． 75 Ga 是华北克拉通伸展作用的起始年代，这个阶段与南缘熊耳群火山岩及五台 恒山地区的基性岩墙群密切相关，期间岩浆活动记录了克拉通早期减薄和陆内伸展的地质过程。前人对这些岩浆事件进行了大量研究，认为这一时期的构造活动是 Columbia 超大陆裂解的初始( 陆松年等，2002;翟明 国 等，2014;...
相邻上文：带( 中部) 及胶－辽－吉带( 东部) 3 条主缝合带( Zhai and Peng，2007; Santosh et al． ，2011; 刘 建 辉 等，2025 )1．80 Ga 时期华北克拉通
相邻下文：在1．80～1．75 Ga 期间，华北克拉通形成了广泛发育的双峰式火成岩组合，如熊耳群的双峰式火山－侵入岩。 最近，作者在位于鄂尔多斯盆地西南缘的陇县骑安沟地区，识别出一套新的由玄武安山岩与花岗斑岩组
query_terms          : ['华北克拉通', '大陆', '事件', '双峰式火成岩', '地球化学', '火山岩', '性质', '机制', '花岗', '鄂尔多斯盆地', '哥伦比亚', '岩浆活动', '构造演化', '构造环境', '动力学', '基性岩', '岩石学', '地质', '墙群', '安沟', '成因', '斑岩', '时代', '环境', '锆石', '陇县', 'U-Pb', '火成岩', '闪长岩', '争议', '产物', '关键', '吉带', '地幔', '太平', '对象', '小节', '岩浆', '恒山', '火山']
selection_confidence : 0.7605
fallback_used        : False
局部概念：
  Basin                        盆地             final=0.9094 vector=0.7986 lexical=1.0000 schemaKeys=1.0000 document=0.9094 reasons=['文档级向量召回', '文档关键词、示例词或名称命中', '文档 schemaKeys 命中', '文档精确命中', 'Top3 核心概念树全量保留', 'Chunk 正文关键词、示例词或名称命中', '章节摘要或前后文命中', '章节 schemaKeys 命中', '章节 schemaKeys 精确命中', 'Chunk 精确命中']
  StructuralUnit               构造单元           final=0.8747 vector=0.7772 lexical=1.0000 schemaKeys=1.0000 document=0.8747 reasons=['文档级向量召回', '文档关键词、示例词或名称命中', '文档精确命中', 'Top3 核心概念树全量保留', 'Chunk 正文关键词、示例词或名称命中', '章节摘要或前后文命中', '章节 schemaKeys 命中', '章节 schemaKeys 精确命中', 'Chunk 精确命中']
  StudyArea                    研究区            final=0.8028 vector=0.7841 lexical=1.0000 schemaKeys=1.0000 document=0.8028 reasons=['文档级向量召回', '文档关键词、示例词或名称命中', '文档 schemaKeys 命中', '文档精确命中', 'Top3 核心概念树全量保留', 'Chunk 正文关键词、示例词或名称命中', '章节摘要或前后文命中', '章节 schemaKeys 命中', '章节 schemaKeys 精确命中', 'Chunk 精确命中']
  FaultZone                    断裂带            final=0.7925 vector=0.7611 lexical=1.0000 schemaKeys=1.0000 document=0.7925 reasons=['文档级向量召回', '文档关键词、示例词或名称命中', '文档 schemaKeys 命中', '文档精确命中', 'Top3 核心概念树全量保留']
  Lithology                    岩性             final=0.7904 vector=0.7564 lexical=1.0000 schemaKeys=1.0000 document=0.7904 reasons=['文档级向量召回', '文档关键词、示例词或名称命中', '文档 schemaKeys 命中', '文档精确命中', 'Top3 核心概念树全量保留', 'Chunk 正文关键词、示例词或名称命中', '章节 schemaKeys 命中', '章节 schemaKeys 精确命中', 'Chunk 精确命中']
  Outcrop                      露头             final=0.7901 vector=0.7558 lexical=1.0000 schemaKeys=1.0000 document=0.7901 reasons=['文档级向量召回', '文档关键词、示例词或名称命中', '文档 schemaKeys 命中', '文档精确命中', 'Top3 核心概念树全量保留', 'Chunk 正文关键词、示例词或名称命中']
  Uplift                       隆起             final=0.7589 vector=0.7936 lexical=1.0000 schemaKeys=1.0000 document=0.7589 reasons=['文档级向量召回', '文档关键词、示例词或名称命中', '文档精确命中', 'Top3 核心概念树全量保留', '章节 schemaKeys 命中', '章节 schemaKeys 精确命中', 'Chunk 精确命中']
  Fault                        断层             final=0.7201 vector=0.7802 lexical=0.9000 schemaKeys=0.0000 document=0.7201 reasons=['文档级向量召回', '文档关键词、示例词或名称命中', 'Top3 核心概念树全量保留', 'Chunk 正文关键词、示例词或名称命中']
  SedimentaryFacies            沉积相            final=0.6620 vector=0.7602 lexical=0.7500 schemaKeys=0.0000 document=0.6620 reasons=['文档级向量召回', '文档关键词、示例词或名称命中', 'Top3 核心概念树全量保留', 'Chunk 正文关键词、示例词或名称命中']
  SedimentaryStructure         沉积构造           final=0.6355 vector=0.7688 lexical=0.6500 schemaKeys=0.0000 document=0.6355 reasons=['文档级向量召回', '文档关键词、示例词或名称命中', 'Top3 核心概念树全量保留', 'Chunk 正文关键词、示例词或名称命中', '章节摘要或前后文命中']
  DepositionalEnvironment      沉积环境           final=0.6305 vector=0.7598 lexical=0.6500 schemaKeys=0.0000 document=0.6305 reasons=['文档级向量召回', '文档关键词、示例词或名称命中', 'Top3 核心概念树全量保留', 'Chunk 正文关键词、示例词或名称命中']
  Core                         岩心             final=0.6274 vector=0.7543 lexical=0.6500 schemaKeys=0.0000 document=0.6274 reasons=['文档级向量召回', '文档关键词、示例词或名称命中', 'Top3 核心概念树全量保留']
  DiageneticStage              成岩阶段           final=0.6274 vector=0.7820 lexical=0.6000 schemaKeys=0.0000 document=0.6274 reasons=['文档级向量召回', '文档关键词、示例词或名称命中', 'Top3 核心概念树全量保留', 'Chunk 正文关键词、示例词或名称命中']
  ThinSection                  薄片             final=0.6261 vector=0.7519 lexical=0.6500 schemaKeys=0.0000 document=0.6261 reasons=['文档级向量召回', '文档关键词、示例词或名称命中', 'Top3 核心概念树全量保留']
  DiageneticFacies             成岩相            final=0.6167 vector=0.7630 lexical=0.6000 schemaKeys=0.0000 document=0.6167 reasons=['文档级向量召回', '文档关键词、示例词或名称命中', 'Top3 核心概念树全量保留', 'Chunk 正文关键词、示例词或名称命中']
  Diagenesis                   成岩作用           final=0.6112 vector=0.7532 lexical=0.6000 schemaKeys=0.0000 document=0.6112 reasons=['文档级向量召回', '文档关键词、示例词或名称命中', 'Top3 核心概念树全量保留', 'Chunk 正文关键词、示例词或名称命中', '章节摘要或前后文命中']
  Slope                        斜坡             final=0.6036 vector=0.7675 lexical=0.5500 schemaKeys=0.0000 document=0.6036 reasons=['文档级向量召回', '文档关键词、示例词或名称命中', 'Top3 核心概念树全量保留']
  RockTexture                  岩石结构/组构        final=0.6000 vector=0.7610 lexical=0.5500 schemaKeys=0.0000 document=0.6000 reasons=['文档级向量召回', '文档关键词、示例词或名称命中', 'Top3 核心概念树全量保留']
  WellLog                      测井资料           final=0.5997 vector=0.7607 lexical=0.5500 schemaKeys=0.0000 document=0.5997 reasons=['文档级向量召回', '文档关键词、示例词或名称命中', 'Top3 核心概念树全量保留']
  DepositionalSystem           沉积体系           final=0.5956 vector=0.7532 lexical=0.5500 schemaKeys=0.0000 document=0.5956 reasons=['文档级向量召回', '文档关键词、示例词或名称命中', 'Top3 核心概念树全量保留', '章节摘要或前后文命中']
  Mineral                      矿物             final=0.4500 vector=0.0000 lexical=1.0000 schemaKeys=1.0000 document=0.4500 reasons=['文档关键词、示例词或名称命中', '文档 schemaKeys 命中', '文档精确命中', 'Top3 核心概念树全量保留']
  Depression                   凹陷/坳陷          final=0.4364 vector=0.7758 lexical=0.0000 schemaKeys=0.0000 document=0.4364 reasons=['文档级向量召回', 'Top3 核心概念树全量保留']
  Block                        区块             final=0.4337 vector=0.7710 lexical=0.0000 schemaKeys=0.0000 document=0.4337 reasons=['文档级向量召回', 'Top3 核心概念树全量保留']
  StructuralBelt               构造带            final=0.4312 vector=0.7666 lexical=0.0000 schemaKeys=0.0000 document=0.4312 reasons=['文档级向量召回', 'Top3 核心概念树全量保留']
  SeismicProfile               地震剖面           final=0.4282 vector=0.7612 lexical=0.0000 schemaKeys=0.0000 document=0.4282 reasons=['文档级向量召回', 'Top3 核心概念树全量保留']
  Sag                          洼陷             final=0.4280 vector=0.7610 lexical=0.0000 schemaKeys=0.0000 document=0.4280 reasons=['文档级向量召回', 'Top3 核心概念树全量保留']
  GeologicalMap                地质图            final=0.2031 vector=0.0000 lexical=0.6500 schemaKeys=0.0000 document=0.2031 reasons=['文档关键词、示例词或名称命中', 'Top3 核心概念树全量保留', 'Chunk 正文关键词、示例词或名称命中']
  Subfacies                    亚相             final=0.2031 vector=0.0000 lexical=0.6500 schemaKeys=0.0000 document=0.2031 reasons=['文档关键词、示例词或名称命中', 'Top3 核心概念树全量保留', 'Chunk 正文关键词、示例词或名称命中']
  Microfacies                  微相             final=0.1719 vector=0.0000 lexical=0.5500 schemaKeys=0.0000 document=0.1719 reasons=['文档关键词、示例词或名称命中', 'Top3 核心概念树全量保留']
  ProductionTest               测试/试采          final=0.1719 vector=0.0000 lexical=0.5500 schemaKeys=0.0000 document=0.1719 reasons=['文档关键词、示例词或名称命中', 'Top3 核心概念树全量保留', 'Chunk 正文关键词、示例词或名称命中', '章节摘要或前后文命中']
  Well                         井              final=0.0000 vector=0.0000 lexical=0.0000 schemaKeys=0.0000 document=0.0000 reasons=['Top3 核心概念树全量保留']
  Isotope                      同位素            final=0.7500 vector=0.0000 lexical=0.7500 schemaKeys=0.0000 document=0.0000 reasons=['受控一跳概念扩展']
  Unconformity                 不整合面           final=0.6925 vector=0.7676 lexical=0.6500 schemaKeys=0.0000 document=0.6687 reasons=['Chunk 向量召回', 'Chunk 正文关键词、示例词或名称命中', '章节摘要或前后文命中', 'Document Schema Prior']
  Bed                          层/单层           final=0.6500 vector=0.0000 lexical=0.6500 schemaKeys=0.0000 document=0.0000 reasons=['受控一跳概念扩展']
  Biomarker                    生物标志化合物        final=0.6500 vector=0.0000 lexical=0.6500 schemaKeys=0.0000 document=0.0000 reasons=['受控一跳概念扩展']
  OrganicMatter                有机质            final=0.6500 vector=0.0000 lexical=0.6500 schemaKeys=0.0000 document=0.0000 reasons=['受控一跳概念扩展']
  ReservoirInterval            目的层/储层段        final=0.6500 vector=0.0000 lexical=0.6500 schemaKeys=0.0000 document=0.0000 reasons=['受控一跳概念扩展']
  SequenceStratigraphicUnit    层序单元           final=0.6500 vector=0.0000 lexical=0.6500 schemaKeys=0.0000 document=0.0000 reasons=['受控一跳概念扩展']
  SubMember                    亚段/小层          final=0.6500 vector=0.0000 lexical=0.6500 schemaKeys=0.0000 document=0.0000 reasons=['受控一跳概念扩展']
  AccumulationProcess          成藏过程           final=0.6000 vector=0.0000 lexical=0.6000 schemaKeys=0.0000 document=0.0000 reasons=['受控一跳概念扩展']
  SourceRock                   烃源岩            final=0.6000 vector=0.0000 lexical=0.0000 schemaKeys=0.0000 document=0.0000 reasons=['受控一跳概念扩展']
  KerogenType                  干酪根类型          final=0.5500 vector=0.0000 lexical=0.5500 schemaKeys=0.0000 document=0.0000 reasons=['受控一跳概念扩展']
  Trap                         圈闭             final=0.5500 vector=0.0000 lexical=0.5500 schemaKeys=0.0000 document=0.0000 reasons=['受控一跳概念扩展']
  GeologicAge                  地质时代           final=0.4825 vector=0.0000 lexical=0.7500 schemaKeys=1.0000 document=0.4500 reasons=['Chunk 正文关键词、示例词或名称命中', '章节摘要或前后文命中', 'Document Schema Prior', '章节 schemaKeys 命中', 'Chunk 精确命中']
  Experiment                   实验             final=0.4325 vector=0.0000 lexical=0.5500 schemaKeys=1.0000 document=0.4500 reasons=['Chunk 正文关键词、示例词或名称命中', '章节摘要或前后文命中', 'Document Schema Prior', '章节 schemaKeys 命中', 'Chunk 精确命中']
  Fracture                     裂缝             final=0.4144 vector=0.7634 lexical=0.0000 schemaKeys=0.0000 document=0.4287 reasons=['Chunk 向量召回', 'Document Schema Prior']
  AnalyticalMethod             分析方法           final=0.3775 vector=0.0000 lexical=0.5500 schemaKeys=1.0000 document=0.4500 reasons=['Chunk 正文关键词、示例词或名称命中', 'Document Schema Prior', '章节 schemaKeys 命中', 'Chunk 精确命中']
  StratigraphicMember          段              final=0.3773 vector=0.0000 lexical=1.0000 schemaKeys=0.0000 document=0.3125 reasons=['Chunk 正文关键词、示例词或名称命中', '章节摘要或前后文命中', 'Document Schema Prior', 'Chunk 精确命中']
  StratigraphicBoundary        地层界面           final=0.3621 vector=0.0000 lexical=0.6500 schemaKeys=0.0000 document=0.6977 reasons=['Chunk 正文关键词、示例词或名称命中', '章节摘要或前后文命中', 'Document Schema Prior']
  SequenceBoundary             层序界面           final=0.3549 vector=0.0000 lexical=0.6500 schemaKeys=0.0000 document=0.6593 reasons=['Chunk 正文关键词、示例词或名称命中', '章节摘要或前后文命中', 'Document Schema Prior']
  Formation                    组              final=0.3461 vector=0.0000 lexical=0.6500 schemaKeys=0.0000 document=0.3125 reasons=['Chunk 正文关键词、示例词或名称命中', '章节摘要或前后文命中', 'Document Schema Prior']
  PetroleumSystem              含油气系统/成藏系统     final=0.3372 vector=0.0000 lexical=0.5500 schemaKeys=0.0000 document=0.6318 reasons=['Chunk 正文关键词、示例词或名称命中', '章节摘要或前后文命中', 'Document Schema Prior']
  CarrierSystem                输导体系           final=0.2000 vector=0.0000 lexical=0.0000 schemaKeys=0.0000 document=0.0000 reasons=['受控一跳概念扩展']
  Cavity                       溶蚀孔洞/洞穴        final=0.2000 vector=0.0000 lexical=0.0000 schemaKeys=0.0000 document=0.0000 reasons=['受控一跳概念扩展']
  Hydrocarbon                  烃类/油气          final=0.2000 vector=0.0000 lexical=0.0000 schemaKeys=0.0000 document=0.0000 reasons=['受控一跳概念扩展']
  MigrationPathway             运移通道           final=0.2000 vector=0.0000 lexical=0.0000 schemaKeys=0.0000 document=0.0000 reasons=['受控一跳概念扩展']
局部关系：
  AccumulationProcess -[INVOLVES/涉及]-> MigrationPathway  edge=0.0000
  AccumulationProcess -[INVOLVES/涉及]-> SourceRock  edge=0.0000
  AccumulationProcess -[INVOLVES/涉及]-> Trap  edge=0.0000
  AccumulationProcess -[OCCURS_IN/发生于]-> PetroleumSystem  edge=0.0000
  AnalyticalMethod -[ANALYZES/分析]-> Biomarker  edge=0.0000
  AnalyticalMethod -[ANALYZES/分析]-> Cavity  edge=0.0000
  AnalyticalMethod -[ANALYZES/分析]-> Fracture  edge=0.0000
  AnalyticalMethod -[ANALYZES/分析]-> Isotope  edge=0.0000
  AnalyticalMethod -[ANALYZES/分析]-> KerogenType  edge=0.0000
  AnalyticalMethod -[ANALYZES/分析]-> Lithology  edge=0.0000
  AnalyticalMethod -[ANALYZES/分析]-> Mineral  edge=0.0000
  AnalyticalMethod -[ANALYZES/分析]-> OrganicMatter  edge=0.0000
  Basin -[CONTAINS/包含]-> Block  edge=0.0000
  Basin -[CONTAINS/包含]-> Depression  edge=0.0000
  Basin -[CONTAINS/包含]-> FaultZone  edge=0.0000
  Basin -[CONTAINS/包含]-> Sag  edge=0.0000
  Basin -[CONTAINS/包含]-> Slope  edge=0.0000
  Basin -[CONTAINS/包含]-> StructuralBelt  edge=0.0000
  Basin -[CONTAINS/包含]-> StructuralUnit  edge=0.0000
  Basin -[CONTAINS/包含]-> StudyArea  edge=0.0000
  Basin -[CONTAINS/包含]-> Uplift  edge=0.0000
  Basin -[DEVELOPS/发育]-> Formation  edge=0.0000
  Basin -[DEVELOPS/发育]-> ReservoirInterval  edge=0.0000
  Basin -[DEVELOPS/发育]-> StratigraphicMember  edge=0.0000
  Bed -[CONTAINS/包含]-> ReservoirInterval  edge=0.0000
  Bed -[HAS_LITHOLOGY/具有岩性]-> Lithology  edge=0.0000
  Bed -[PART_OF/属于]-> SubMember  edge=0.0000
  Biomarker -[INDICATES/指示]-> DepositionalEnvironment  edge=0.0000
  Biomarker -[INDICATES/指示]-> Hydrocarbon  edge=0.0000
  Biomarker -[INDICATES/指示]-> OrganicMatter  edge=0.0000
  Biomarker -[INDICATES/指示]-> SourceRock  edge=0.0000
  CarrierSystem -[CONTAINS/包含]-> MigrationPathway  edge=0.0000
  Core -[REVEALS/揭示]-> Fracture  edge=0.0000
  Core -[REVEALS/揭示]-> Lithology  edge=0.0000
  Core -[REVEALS/揭示]-> SedimentaryStructure  edge=0.0000
  Core -[SAMPLED_FROM/取自]-> ReservoirInterval  edge=0.0000
  Core -[SAMPLED_FROM/取自]-> Well  edge=0.0000
  DepositionalEnvironment -[CONTROLS/控制]-> Lithology  edge=0.0000
  DepositionalEnvironment -[CONTROLS/控制]-> SedimentaryFacies  edge=0.0000
  DepositionalSystem -[CONTAINS/包含]-> Microfacies  edge=0.0000
  DepositionalSystem -[CONTAINS/包含]-> SedimentaryFacies  edge=0.0000
  DepositionalSystem -[CONTAINS/包含]-> Subfacies  edge=0.0000
  Depression -[CONTAINS/包含]-> Sag  edge=0.0000
  Depression -[DEVELOPS/发育]-> SourceRock  edge=0.0000
  Depression -[PART_OF/属于]-> Basin  edge=0.0000
  Diagenesis -[AFFECTS/影响]-> Lithology  edge=0.0000
  Diagenesis -[AFFECTS/影响]-> Mineral  edge=0.0000
  Diagenesis -[AFFECTS/影响]-> RockTexture  edge=0.0000
  Diagenesis -[FORMS/形成]-> Cavity  edge=0.0000
  Diagenesis -[FORMS/形成]-> DiageneticFacies  edge=0.0000
  Diagenesis -[HAS_STAGE/具有阶段]-> DiageneticStage  edge=0.0000
  DiageneticFacies -[CONTROLLED_BY/受……控制]-> Diagenesis  edge=0.0000
  Experiment -[EVALUATES/评价]-> Hydrocarbon  edge=0.0000
  Experiment -[EVALUATES/评价]-> SourceRock  edge=0.0000
  Experiment -[USES_METHOD/使用方法]-> AnalyticalMethod  edge=0.0000
  Fault -[CONTROLS/控制]-> Block  edge=0.0000
  Fault -[CONTROLS/控制]-> Fracture  edge=0.0000
  Fault -[CONTROLS/控制]-> MigrationPathway  edge=0.0000
  Fault -[CONTROLS/控制]-> StratigraphicBoundary  edge=0.0000
  Fault -[CONTROLS/控制]-> StructuralUnit  edge=0.0000
  Fault -[CONTROLS/控制]-> Trap  edge=0.0000
  Fault -[CUTS/切割]-> Formation  edge=0.0000
  Fault -[CUTS/切割]-> ReservoirInterval  edge=0.0000
  Fault -[CUTS/切割]-> StratigraphicMember  edge=0.0000
  Fault -[PART_OF/属于]-> FaultZone  edge=0.0000
  FaultZone -[CONTAINS/包含]-> Fault  edge=0.0000
  FaultZone -[CONTROLS/控制]-> CarrierSystem  edge=0.0000
  FaultZone -[CONTROLS/控制]-> StructuralBelt  edge=0.0000
  FaultZone -[CONTROLS/控制]-> StructuralUnit  edge=0.0000
  FaultZone -[CONTROLS/控制]-> Unconformity  edge=0.0000
  Formation -[BELONGS_TO/属于]-> DepositionalSystem  edge=0.0000
  Formation -[CONTAINS/包含]-> ReservoirInterval  edge=0.0000
  Formation -[DEPOSITED_IN/沉积于]-> DepositionalEnvironment  edge=0.0000
  Formation -[HAS_FACIES/具有沉积相]-> SedimentaryFacies  edge=0.0000
  Formation -[HAS_LITHOLOGY/具有岩性]-> Lithology  edge=0.0000
  Formation -[HAS_MEMBER/具有段]-> StratigraphicMember  edge=0.0000
  GeologicAge -[DEFINES_AGE_OF/限定时代]-> Bed  edge=0.0000
  GeologicAge -[DEFINES_AGE_OF/限定时代]-> Formation  edge=0.0000
  GeologicAge -[DEFINES_AGE_OF/限定时代]-> SequenceStratigraphicUnit  edge=0.0000
  GeologicAge -[DEFINES_AGE_OF/限定时代]-> StratigraphicMember  edge=0.0000
  GeologicAge -[DEFINES_AGE_OF/限定时代]-> SubMember  edge=0.0000
  GeologicalMap -[SHOWS/展示]-> Basin  edge=0.0000
  GeologicalMap -[SHOWS/展示]-> Fault  edge=0.0000
  GeologicalMap -[SHOWS/展示]-> FaultZone  edge=0.0000
  GeologicalMap -[SHOWS/展示]-> Formation  edge=0.0000
  GeologicalMap -[SHOWS/展示]-> SedimentaryFacies  edge=0.0000
  GeologicalMap -[SHOWS/展示]-> StructuralUnit  edge=0.0000
  Hydrocarbon -[ACCUMULATES_IN/聚集于]-> Trap  edge=0.0000
  Hydrocarbon -[CORRELATED_WITH/油源对比于]-> SourceRock  edge=0.0000
  Hydrocarbon -[HAS_BIOMARKER/具有生物标志化合物]-> Biomarker  edge=0.0000
  Hydrocarbon -[HAS_ISOTOPE/具有同位素]-> Isotope  edge=0.0000
  Isotope -[INDICATES/指示]-> DepositionalEnvironment  edge=0.0000
  Isotope -[INDICATES/指示]-> Hydrocarbon  edge=0.0000
  Isotope -[INDICATES/指示]-> SourceRock  edge=0.0000
  Lithology -[COMPOSED_OF/由……组成]-> Mineral  edge=0.0000
  Lithology -[HAS_STRUCTURE/具有沉积构造]-> SedimentaryStructure  edge=0.0000
  Lithology -[HAS_TEXTURE/具有结构/组构]-> RockTexture  edge=0.0000
  Lithology -[INDICATES/指示]-> DepositionalEnvironment  edge=0.0000
  Lithology -[INDICATES/指示]-> SedimentaryFacies  edge=0.0000
  Microfacies -[PART_OF/属于]-> Subfacies  edge=0.0000
  MigrationPathway -[CONNECTS/连接]-> SourceRock  edge=0.0000
  MigrationPathway -[CONNECTS/连接]-> Trap  edge=0.0000
  OrganicMatter -[GENERATES/生成]-> Hydrocarbon  edge=0.0000
  OrganicMatter -[HAS_TYPE/具有类型]-> KerogenType  edge=0.0000
  Outcrop -[EXPOSES/出露]-> Fault  edge=0.0000
  Outcrop -[EXPOSES/出露]-> Formation  edge=0.0000
  Outcrop -[EXPOSES/出露]-> Lithology  edge=0.0000
  Outcrop -[EXPOSES/出露]-> StratigraphicBoundary  edge=0.0000
  Outcrop -[EXPOSES/出露]-> StratigraphicMember  edge=0.0000
  PetroleumSystem -[DEVELOPED_IN/发育于]-> Basin  edge=0.0000
  PetroleumSystem -[DEVELOPED_IN/发育于]-> Block  edge=0.0000
  PetroleumSystem -[DEVELOPED_IN/发育于]-> StructuralUnit  edge=0.0000
  PetroleumSystem -[HAS_CARRIER_SYSTEM/具有输导体系]-> CarrierSystem  edge=0.0000
  PetroleumSystem -[HAS_MIGRATION_PATHWAY/具有运移通道]-> MigrationPathway  edge=0.0000
  PetroleumSystem -[HAS_PROCESS/具有成藏过程]-> AccumulationProcess  edge=0.0000
  PetroleumSystem -[HAS_SOURCE_ROCK/具有烃源岩]-> SourceRock  edge=0.0000
  PetroleumSystem -[HAS_TRAP/具有圈闭]-> Trap  edge=0.0000
  ProductionTest -[CONFIRMS/证实]-> Hydrocarbon  edge=0.0000
  ProductionTest -[TESTS/测试]-> ReservoirInterval  edge=0.0000
  ProductionTest -[TESTS/测试]-> Well  edge=0.0000
  ReservoirInterval -[BELONGS_TO/属于]-> DepositionalSystem  edge=0.0000
  ReservoirInterval -[CORRESPONDS_TO/对应]-> SourceRock  edge=0.0000
  ReservoirInterval -[DEPOSITED_IN/沉积于]-> DepositionalEnvironment  edge=0.0000
  ReservoirInterval -[HAS_FACIES/具有沉积相]-> SedimentaryFacies  edge=0.0000
  ReservoirInterval -[HAS_LITHOLOGY/具有岩性]-> Lithology  edge=0.0000
  ReservoirInterval -[PART_OF/属于]-> Bed  edge=0.0000
  ReservoirInterval -[PART_OF/属于]-> Formation  edge=0.0000
  ReservoirInterval -[PART_OF/属于]-> StratigraphicMember  edge=0.0000
  ReservoirInterval -[PART_OF/属于]-> SubMember  edge=0.0000
  Sag -[DEVELOPS/发育]-> SourceRock  edge=0.0000
  Sag -[PART_OF/属于]-> Depression  edge=0.0000
  SedimentaryFacies -[CONTAINS/包含]-> Subfacies  edge=0.0000
  SedimentaryFacies -[PART_OF/属于]-> DepositionalSystem  edge=0.0000
  SedimentaryStructure -[INDICATES/指示]-> DepositionalEnvironment  edge=0.0000
  SeismicProfile -[INTERPRETS/解释]-> Fault  edge=0.0000
  SeismicProfile -[INTERPRETS/解释]-> FaultZone  edge=0.0000
  SeismicProfile -[INTERPRETS/解释]-> StratigraphicBoundary  edge=0.0000
  SeismicProfile -[INTERPRETS/解释]-> StructuralUnit  edge=0.0000
  SeismicProfile -[INTERPRETS/解释]-> Trap  edge=0.0000
  SeismicProfile -[INTERPRETS/解释]-> Unconformity  edge=0.0000
  SequenceBoundary -[IS_TYPE_OF/属于类型]-> StratigraphicBoundary  edge=0.0000
  SequenceStratigraphicUnit -[BOUNDED_BY/受界面限定]-> SequenceBoundary  edge=0.0000
  SequenceStratigraphicUnit -[CONTROLS/控制]-> DepositionalSystem  edge=0.0000
  Slope -[ADJACENT_TO/邻接]-> Depression  edge=0.0000
  Slope -[ADJACENT_TO/邻接]-> Uplift  edge=0.0000
  Slope -[TRANSITION_BETWEEN/过渡于]-> Depression  edge=0.0000
  Slope -[TRANSITION_BETWEEN/过渡于]-> Uplift  edge=0.0000
  SourceRock -[CONTAINS/包含]-> OrganicMatter  edge=0.0000
  SourceRock -[DEVELOPED_IN/发育于]-> Depression  edge=0.0000
  SourceRock -[DEVELOPED_IN/发育于]-> Formation  edge=0.0000
  SourceRock -[DEVELOPED_IN/发育于]-> Sag  edge=0.0000
  SourceRock -[DEVELOPED_IN/发育于]-> StratigraphicMember  edge=0.0000
  SourceRock -[EXPELS/排出]-> Hydrocarbon  edge=0.0000
  SourceRock -[GENERATES/生成]-> Hydrocarbon  edge=0.0000
  SourceRock -[HAS_BIOMARKER/具有生物标志化合物]-> Biomarker  edge=0.0000
  SourceRock -[HAS_ISOTOPE/具有同位素]-> Isotope  edge=0.0000
  SourceRock -[HAS_LITHOLOGY/具有岩性]-> Lithology  edge=0.0000
  StratigraphicBoundary -[BOUNDS/限定边界]-> Bed  edge=0.0000
  StratigraphicBoundary -[BOUNDS/限定边界]-> Formation  edge=0.0000
  StratigraphicBoundary -[BOUNDS/限定边界]-> StratigraphicMember  edge=0.0000
  StratigraphicBoundary -[BOUNDS/限定边界]-> SubMember  edge=0.0000
  StratigraphicMember -[BELONGS_TO/属于]-> DepositionalSystem  edge=0.0000
  StratigraphicMember -[CONTAINS/包含]-> ReservoirInterval  edge=0.0000
  StratigraphicMember -[DEPOSITED_IN/沉积于]-> DepositionalEnvironment  edge=0.0000
  StratigraphicMember -[HAS_FACIES/具有沉积相]-> SedimentaryFacies  edge=0.0000
  StratigraphicMember -[HAS_LITHOLOGY/具有岩性]-> Lithology  edge=0.0000
  StratigraphicMember -[HAS_SUBMEMBER/具有亚段/小层]-> SubMember  edge=0.0000
  StratigraphicMember -[PART_OF/属于]-> Formation  edge=0.0000
  StructuralBelt -[CONTAINS/包含]-> Fault  edge=0.0000
  StructuralBelt -[CONTAINS/包含]-> FaultZone  edge=0.0000
  StructuralUnit -[CONTAINS/包含]-> Block  edge=0.0000
  StructuralUnit -[CONTAINS/包含]-> Depression  edge=0.0000
  StructuralUnit -[CONTAINS/包含]-> FaultZone  edge=0.0000
  StructuralUnit -[CONTAINS/包含]-> Sag  edge=0.0000
  StructuralUnit -[CONTAINS/包含]-> Slope  edge=0.0000
  StructuralUnit -[CONTAINS/包含]-> StructuralBelt  edge=0.0000
  StructuralUnit -[CONTAINS/包含]-> Uplift  edge=0.0000
  StructuralUnit -[DEVELOPS/发育]-> Formation  edge=0.0000
  StructuralUnit -[DEVELOPS/发育]-> ReservoirInterval  edge=0.0000
  StructuralUnit -[DEVELOPS/发育]-> StratigraphicMember  edge=0.0000
  StructuralUnit -[PART_OF/属于]-> Basin  edge=0.0000
  StudyArea -[COVERS/覆盖]-> Basin  edge=0.0000
  StudyArea -[COVERS/覆盖]-> Block  edge=0.0000
  StudyArea -[COVERS/覆盖]-> Depression  edge=0.0000
  StudyArea -[COVERS/覆盖]-> Sag  edge=0.0000
  StudyArea -[COVERS/覆盖]-> Slope  edge=0.0000
  StudyArea -[COVERS/覆盖]-> StructuralBelt  edge=0.0000
  StudyArea -[COVERS/覆盖]-> StructuralUnit  edge=0.0000
  StudyArea -[COVERS/覆盖]-> Uplift  edge=0.0000
  SubMember -[CONTAINS/包含]-> ReservoirInterval  edge=0.0000
  SubMember -[HAS_BED/具有层]-> Bed  edge=0.0000
  SubMember -[HAS_LITHOLOGY/具有岩性]-> Lithology  edge=0.0000
  SubMember -[PART_OF/属于]-> StratigraphicMember  edge=0.0000
  Subfacies -[CONTAINS/包含]-> Microfacies  edge=0.0000
  Subfacies -[PART_OF/属于]-> SedimentaryFacies  edge=0.0000
  ThinSection -[OBSERVES/观察]-> Diagenesis  edge=0.0000
  ThinSection -[OBSERVES/观察]-> DiageneticFacies  edge=0.0000
  ThinSection -[OBSERVES/观察]-> Mineral  edge=0.0000
  ThinSection -[OBSERVES/观察]-> RockTexture  edge=0.0000
  ThinSection -[PREPARED_FROM/制备自]-> Core  edge=0.0000
  Trap -[DEVELOPED_IN/发育于]-> Slope  edge=0.0000
  Trap -[DEVELOPED_IN/发育于]-> StructuralBelt  edge=0.0000
  Trap -[DEVELOPED_IN/发育于]-> Uplift  edge=0.0000
  Trap -[RELATED_TO/相关于]-> Lithology  edge=0.0000
  Trap -[RELATED_TO/相关于]-> StratigraphicBoundary  edge=0.0000
  Trap -[RELATED_TO/相关于]-> Unconformity  edge=0.0000
  Trap -[TRAPS/圈闭]-> Hydrocarbon  edge=0.0000
  Unconformity -[ACTS_AS/作为]-> MigrationPathway  edge=0.0000
  Unconformity -[CONTROLS/控制]-> Trap  edge=0.0000
  Unconformity -[IS_TYPE_OF/属于类型]-> StratigraphicBoundary  edge=0.0000
  Uplift -[ADJACENT_TO/邻接]-> Slope  edge=0.0000
  Uplift -[EXPOSES_OR_ERODES/出露或剥蚀]-> Formation  edge=0.0000
  Well -[ENCOUNTERS/钻遇]-> Formation  edge=0.0000
  Well -[ENCOUNTERS/钻遇]-> ReservoirInterval  edge=0.0000
  Well -[ENCOUNTERS/钻遇]-> StratigraphicMember  edge=0.0000
  Well -[HAS_CORE/具有岩心]-> Core  edge=0.0000
  Well -[HAS_WELL_LOG/具有测井资料]-> WellLog  edge=0.0000
  Well -[LOCATED_IN/位于]-> Basin  edge=0.0000
  Well -[LOCATED_IN/位于]-> Block  edge=0.0000
  Well -[LOCATED_IN/位于]-> StructuralUnit  edge=0.0000
  Well -[LOCATED_IN/位于]-> StudyArea  edge=0.0000
  WellLog -[INTERPRETS/解释]-> Lithology  edge=0.0000
  WellLog -[INTERPRETS/解释]-> ReservoirInterval  edge=0.0000
  WellLog -[INTERPRETS/解释]-> StratigraphicBoundary  edge=0.0000

--- Chunk 0:text:2 / order=2 ---
正文预览：在1．80～1．75 Ga 期间，华北克拉通形成了广泛发育的双峰式火成岩组合，如熊耳群的双峰式火山－侵入岩。 最近，作者在位于鄂尔多斯盆地西南缘的陇县骑安沟地区，识别出一套新的由玄武安山岩与花岗斑岩组成的典型双峰式火成岩组合，对该套火成岩的岩石学特征 地球化学组成进行了研究，并进行了锆石 U-Pb 定年分析，厘定其成因...
相邻上文：( 2004) 赵太平等( 2004) 姜盛洪( 2015)等认为其形成于与地幔柱相关的大陆裂解环境，Zhao 等( 2018) 相振群等( 2020) 认为南缘登封地区石秤花岗闪长岩是碰撞后形成的 
相邻下文：(无)
query_terms          : ['华北克拉通', '大陆', '双峰式火成岩', '鄂尔多斯盆地', '哥伦比亚', '构造演化', '事件', '机制', '花岗', '地球化学', '动力学', '岩石学', '安沟', '性质', '成因', '斑岩', '时代', '证据', '锆石', '陇县', 'U-Pb', '构造环境', '火成岩', '闪长岩', '关键', '地幔', '太平', '对象', '小节', '岩浆', '火山', '环境', '石秤']
selection_confidence : 0.7650
fallback_used        : False
局部概念：
  Basin                        盆地             final=0.9094 vector=0.7986 lexical=1.0000 schemaKeys=1.0000 document=0.9094 reasons=['文档级向量召回', '文档关键词、示例词或名称命中', '文档 schemaKeys 命中', '文档精确命中', 'Top3 核心概念树全量保留', 'Chunk 正文关键词、示例词或名称命中', '章节摘要或前后文命中', '章节 schemaKeys 命中', '章节 schemaKeys 精确命中', 'Chunk 精确命中']
  StructuralUnit               构造单元           final=0.8747 vector=0.7772 lexical=1.0000 schemaKeys=1.0000 document=0.8747 reasons=['文档级向量召回', '文档关键词、示例词或名称命中', '文档精确命中', 'Top3 核心概念树全量保留', 'Chunk 正文关键词、示例词或名称命中', '章节摘要或前后文命中', '章节 schemaKeys 命中', '章节 schemaKeys 精确命中', 'Chunk 精确命中']
  StudyArea                    研究区            final=0.8028 vector=0.7841 lexical=1.0000 schemaKeys=1.0000 document=0.8028 reasons=['文档级向量召回', '文档关键词、示例词或名称命中', '文档 schemaKeys 命中', '文档精确命中', 'Top3 核心概念树全量保留', 'Chunk 正文关键词、示例词或名称命中', '章节摘要或前后文命中', '章节 schemaKeys 命中', '章节 schemaKeys 精确命中', 'Chunk 精确命中']
  FaultZone                    断裂带            final=0.7925 vector=0.7611 lexical=1.0000 schemaKeys=1.0000 document=0.7925 reasons=['文档级向量召回', '文档关键词、示例词或名称命中', '文档 schemaKeys 命中', '文档精确命中', 'Top3 核心概念树全量保留']
  Lithology                    岩性             final=0.7904 vector=0.7564 lexical=1.0000 schemaKeys=1.0000 document=0.7904 reasons=['文档级向量召回', '文档关键词、示例词或名称命中', '文档 schemaKeys 命中', '文档精确命中', 'Top3 核心概念树全量保留', 'Chunk 正文关键词、示例词或名称命中', '章节摘要或前后文命中', '章节 schemaKeys 命中', '章节 schemaKeys 精确命中', 'Chunk 精确命中']
  Outcrop                      露头             final=0.7901 vector=0.7558 lexical=1.0000 schemaKeys=1.0000 document=0.7901 reasons=['文档级向量召回', '文档关键词、示例词或名称命中', '文档 schemaKeys 命中', '文档精确命中', 'Top3 核心概念树全量保留']
  Uplift                       隆起             final=0.7589 vector=0.7936 lexical=1.0000 schemaKeys=1.0000 document=0.7589 reasons=['文档级向量召回', '文档关键词、示例词或名称命中', '文档精确命中', 'Top3 核心概念树全量保留', '章节 schemaKeys 命中', '章节 schemaKeys 精确命中', 'Chunk 精确命中']
  Fault                        断层             final=0.7201 vector=0.7802 lexical=0.9000 schemaKeys=0.0000 document=0.7201 reasons=['文档级向量召回', '文档关键词、示例词或名称命中', 'Top3 核心概念树全量保留']
  SedimentaryFacies            沉积相            final=0.6620 vector=0.7602 lexical=0.7500 schemaKeys=0.0000 document=0.6620 reasons=['文档级向量召回', '文档关键词、示例词或名称命中', 'Top3 核心概念树全量保留', 'Chunk 正文关键词、示例词或名称命中', '章节摘要或前后文命中']
  SedimentaryStructure         沉积构造           final=0.6355 vector=0.7688 lexical=0.6500 schemaKeys=0.0000 document=0.6355 reasons=['文档级向量召回', '文档关键词、示例词或名称命中', 'Top3 核心概念树全量保留', 'Chunk 正文关键词、示例词或名称命中', '章节摘要或前后文命中']
  DepositionalEnvironment      沉积环境           final=0.6305 vector=0.7598 lexical=0.6500 schemaKeys=0.0000 document=0.6305 reasons=['文档级向量召回', '文档关键词、示例词或名称命中', 'Top3 核心概念树全量保留', 'Chunk 正文关键词、示例词或名称命中', '章节摘要或前后文命中']
  Core                         岩心             final=0.6274 vector=0.7543 lexical=0.6500 schemaKeys=0.0000 document=0.6274 reasons=['文档级向量召回', '文档关键词、示例词或名称命中', 'Top3 核心概念树全量保留']
  DiageneticStage              成岩阶段           final=0.6274 vector=0.7820 lexical=0.6000 schemaKeys=0.0000 document=0.6274 reasons=['文档级向量召回', '文档关键词、示例词或名称命中', 'Top3 核心概念树全量保留']
  ThinSection                  薄片             final=0.6261 vector=0.7519 lexical=0.6500 schemaKeys=0.0000 document=0.6261 reasons=['文档级向量召回', '文档关键词、示例词或名称命中', 'Top3 核心概念树全量保留']
  DiageneticFacies             成岩相            final=0.6167 vector=0.7630 lexical=0.6000 schemaKeys=0.0000 document=0.6167 reasons=['文档级向量召回', '文档关键词、示例词或名称命中', 'Top3 核心概念树全量保留']
  Diagenesis                   成岩作用           final=0.6112 vector=0.7532 lexical=0.6000 schemaKeys=0.0000 document=0.6112 reasons=['文档级向量召回', '文档关键词、示例词或名称命中', 'Top3 核心概念树全量保留']
  Slope                        斜坡             final=0.6036 vector=0.7675 lexical=0.5500 schemaKeys=0.0000 document=0.6036 reasons=['文档级向量召回', '文档关键词、示例词或名称命中', 'Top3 核心概念树全量保留']
  RockTexture                  岩石结构/组构        final=0.6000 vector=0.7610 lexical=0.5500 schemaKeys=0.0000 document=0.6000 reasons=['文档级向量召回', '文档关键词、示例词或名称命中', 'Top3 核心概念树全量保留']
  WellLog                      测井资料           final=0.5997 vector=0.7607 lexical=0.5500 schemaKeys=0.0000 document=0.5997 reasons=['文档级向量召回', '文档关键词、示例词或名称命中', 'Top3 核心概念树全量保留']
  DepositionalSystem           沉积体系           final=0.5956 vector=0.7532 lexical=0.5500 schemaKeys=0.0000 document=0.5956 reasons=['文档级向量召回', '文档关键词、示例词或名称命中', 'Top3 核心概念树全量保留']
  Mineral                      矿物             final=0.4500 vector=0.0000 lexical=1.0000 schemaKeys=1.0000 document=0.4500 reasons=['文档关键词、示例词或名称命中', '文档 schemaKeys 命中', '文档精确命中', 'Top3 核心概念树全量保留']
  Depression                   凹陷/坳陷          final=0.4364 vector=0.7758 lexical=0.0000 schemaKeys=0.0000 document=0.4364 reasons=['文档级向量召回', 'Top3 核心概念树全量保留']
  Block                        区块             final=0.4337 vector=0.7710 lexical=0.0000 schemaKeys=0.0000 document=0.4337 reasons=['文档级向量召回', 'Top3 核心概念树全量保留']
  StructuralBelt               构造带            final=0.4312 vector=0.7666 lexical=0.0000 schemaKeys=0.0000 document=0.4312 reasons=['文档级向量召回', 'Top3 核心概念树全量保留']
  SeismicProfile               地震剖面           final=0.4282 vector=0.7612 lexical=0.0000 schemaKeys=0.0000 document=0.4282 reasons=['文档级向量召回', 'Top3 核心概念树全量保留']
  Sag                          洼陷             final=0.4280 vector=0.7610 lexical=0.0000 schemaKeys=0.0000 document=0.4280 reasons=['文档级向量召回', 'Top3 核心概念树全量保留']
  GeologicalMap                地质图            final=0.2031 vector=0.0000 lexical=0.6500 schemaKeys=0.0000 document=0.2031 reasons=['文档关键词、示例词或名称命中', 'Top3 核心概念树全量保留']
  Subfacies                    亚相             final=0.2031 vector=0.0000 lexical=0.6500 schemaKeys=0.0000 document=0.2031 reasons=['文档关键词、示例词或名称命中', 'Top3 核心概念树全量保留', 'Chunk 正文关键词、示例词或名称命中', '章节摘要或前后文命中']
  Microfacies                  微相             final=0.1719 vector=0.0000 lexical=0.5500 schemaKeys=0.0000 document=0.1719 reasons=['文档关键词、示例词或名称命中', 'Top3 核心概念树全量保留']
  ProductionTest               测试/试采          final=0.1719 vector=0.0000 lexical=0.5500 schemaKeys=0.0000 document=0.1719 reasons=['文档关键词、示例词或名称命中', 'Top3 核心概念树全量保留', 'Chunk 正文关键词、示例词或名称命中', '章节摘要或前后文命中']
  Well                         井              final=0.0000 vector=0.0000 lexical=0.0000 schemaKeys=0.0000 document=0.0000 reasons=['Top3 核心概念树全量保留']
  StratigraphicBoundary        地层界面           final=0.6728 vector=0.7673 lexical=0.5500 schemaKeys=0.0000 document=0.6977 reasons=['Chunk 向量召回', 'Chunk 正文关键词、示例词或名称命中', '章节摘要或前后文命中', 'Document Schema Prior']
  Unconformity                 不整合面           final=0.6689 vector=0.7709 lexical=0.5500 schemaKeys=0.0000 document=0.6687 reasons=['Chunk 向量召回', 'Chunk 正文关键词、示例词或名称命中', '章节摘要或前后文命中', 'Document Schema Prior']
  OrganicMatter                有机质            final=0.6500 vector=0.0000 lexical=0.6500 schemaKeys=0.0000 document=0.0000 reasons=['受控一跳概念扩展']
  AccumulationProcess          成藏过程           final=0.6000 vector=0.0000 lexical=0.6000 schemaKeys=0.0000 document=0.0000 reasons=['受控一跳概念扩展']
  SourceRock                   烃源岩            final=0.6000 vector=0.0000 lexical=0.6000 schemaKeys=0.0000 document=0.0000 reasons=['受控一跳概念扩展']
  Bed                          层/单层           final=0.5500 vector=0.0000 lexical=0.5500 schemaKeys=0.0000 document=0.0000 reasons=['受控一跳概念扩展']
  KerogenType                  干酪根类型          final=0.5500 vector=0.0000 lexical=0.5500 schemaKeys=0.0000 document=0.0000 reasons=['受控一跳概念扩展']
  ReservoirInterval            目的层/储层段        final=0.5500 vector=0.0000 lexical=0.5500 schemaKeys=0.0000 document=0.0000 reasons=['受控一跳概念扩展']
  SequenceStratigraphicUnit    层序单元           final=0.5500 vector=0.0000 lexical=0.5500 schemaKeys=0.0000 document=0.0000 reasons=['受控一跳概念扩展']
  StratigraphicMember          段              final=0.5500 vector=0.0000 lexical=0.5500 schemaKeys=0.0000 document=0.0000 reasons=['受控一跳概念扩展']
  SubMember                    亚段/小层          final=0.5500 vector=0.0000 lexical=0.5500 schemaKeys=0.0000 document=0.0000 reasons=['受控一跳概念扩展']
  GeologicAge                  地质时代           final=0.4625 vector=0.0000 lexical=0.6500 schemaKeys=1.0000 document=0.4500 reasons=['Chunk 正文关键词、示例词或名称命中', '章节摘要或前后文命中', 'Document Schema Prior', '章节 schemaKeys 命中', 'Chunk 精确命中']
  Formation                    组              final=0.4336 vector=0.0000 lexical=1.0000 schemaKeys=0.0000 document=0.3125 reasons=['Chunk 正文关键词、示例词或名称命中', '章节摘要或前后文命中', 'Document Schema Prior', 'Chunk 精确命中']
  Experiment                   实验             final=0.4325 vector=0.0000 lexical=0.5500 schemaKeys=1.0000 document=0.4500 reasons=['Chunk 正文关键词、示例词或名称命中', '章节摘要或前后文命中', 'Document Schema Prior', '章节 schemaKeys 命中', 'Chunk 精确命中']
  SequenceBoundary             层序界面           final=0.3299 vector=0.0000 lexical=0.5500 schemaKeys=0.0000 document=0.6593 reasons=['Chunk 正文关键词、示例词或名称命中', '章节摘要或前后文命中', 'Document Schema Prior']
  Isotope                      同位素            final=0.3252 vector=0.0000 lexical=0.7500 schemaKeys=0.0000 document=0.2344 reasons=['Chunk 正文关键词、示例词或名称命中', '章节摘要或前后文命中', 'Document Schema Prior']
  PetroleumSystem              含油气系统/成藏系统     final=0.3247 vector=0.0000 lexical=0.5500 schemaKeys=0.0000 document=0.6318 reasons=['Chunk 正文关键词、示例词或名称命中', '章节摘要或前后文命中', 'Document Schema Prior']
  Biomarker                    生物标志化合物        final=0.2818 vector=0.0000 lexical=0.6500 schemaKeys=0.0000 document=0.2031 reasons=['Chunk 正文关键词、示例词或名称命中', '章节摘要或前后文命中', 'Document Schema Prior']
  AnalyticalMethod             分析方法           final=0.2675 vector=0.0000 lexical=0.0000 schemaKeys=1.0000 document=0.4500 reasons=['Document Schema Prior', '章节 schemaKeys 命中', 'Chunk 精确命中']
  CarrierSystem                输导体系           final=0.2000 vector=0.0000 lexical=0.0000 schemaKeys=0.0000 document=0.0000 reasons=['受控一跳概念扩展']
  Cavity                       溶蚀孔洞/洞穴        final=0.2000 vector=0.0000 lexical=0.0000 schemaKeys=0.0000 document=0.0000 reasons=['受控一跳概念扩展']
  Fracture                     裂缝             final=0.2000 vector=0.0000 lexical=0.0000 schemaKeys=0.0000 document=0.0000 reasons=['受控一跳概念扩展']
  Hydrocarbon                  烃类/油气          final=0.2000 vector=0.0000 lexical=0.0000 schemaKeys=0.0000 document=0.0000 reasons=['受控一跳概念扩展']
  MigrationPathway             运移通道           final=0.2000 vector=0.0000 lexical=0.0000 schemaKeys=0.0000 document=0.0000 reasons=['受控一跳概念扩展']
  PoreStructure                孔隙结构           final=0.2000 vector=0.0000 lexical=0.0000 schemaKeys=0.0000 document=0.0000 reasons=['受控一跳概念扩展']
局部关系：
  AccumulationProcess -[INVOLVES/涉及]-> MigrationPathway  edge=0.0000
  AccumulationProcess -[INVOLVES/涉及]-> SourceRock  edge=0.0000
  AccumulationProcess -[OCCURS_IN/发生于]-> PetroleumSystem  edge=0.0000
  AnalyticalMethod -[ANALYZES/分析]-> Biomarker  edge=0.0000
  AnalyticalMethod -[ANALYZES/分析]-> Cavity  edge=0.0000
  AnalyticalMethod -[ANALYZES/分析]-> Fracture  edge=0.0000
  AnalyticalMethod -[ANALYZES/分析]-> Isotope  edge=0.0000
  AnalyticalMethod -[ANALYZES/分析]-> KerogenType  edge=0.0000
  AnalyticalMethod -[ANALYZES/分析]-> Lithology  edge=0.0000
  AnalyticalMethod -[ANALYZES/分析]-> Mineral  edge=0.0000
  AnalyticalMethod -[ANALYZES/分析]-> OrganicMatter  edge=0.0000
  AnalyticalMethod -[ANALYZES/分析]-> PoreStructure  edge=0.0000
  Basin -[CONTAINS/包含]-> Block  edge=0.0000
  Basin -[CONTAINS/包含]-> Depression  edge=0.0000
  Basin -[CONTAINS/包含]-> FaultZone  edge=0.0000
  Basin -[CONTAINS/包含]-> Sag  edge=0.0000
  Basin -[CONTAINS/包含]-> Slope  edge=0.0000
  Basin -[CONTAINS/包含]-> StructuralBelt  edge=0.0000
  Basin -[CONTAINS/包含]-> StructuralUnit  edge=0.0000
  Basin -[CONTAINS/包含]-> StudyArea  edge=0.0000
  Basin -[CONTAINS/包含]-> Uplift  edge=0.0000
  Basin -[DEVELOPS/发育]-> Formation  edge=0.0000
  Basin -[DEVELOPS/发育]-> ReservoirInterval  edge=0.0000
  Basin -[DEVELOPS/发育]-> StratigraphicMember  edge=0.0000
  Bed -[CONTAINS/包含]-> ReservoirInterval  edge=0.0000
  Bed -[HAS_LITHOLOGY/具有岩性]-> Lithology  edge=0.0000
  Bed -[PART_OF/属于]-> SubMember  edge=0.0000
  Biomarker -[INDICATES/指示]-> DepositionalEnvironment  edge=0.0000
  Biomarker -[INDICATES/指示]-> Hydrocarbon  edge=0.0000
  Biomarker -[INDICATES/指示]-> OrganicMatter  edge=0.0000
  Biomarker -[INDICATES/指示]-> SourceRock  edge=0.0000
  CarrierSystem -[CONTAINS/包含]-> MigrationPathway  edge=0.0000
  Core -[REVEALS/揭示]-> Fracture  edge=0.0000
  Core -[REVEALS/揭示]-> Lithology  edge=0.0000
  Core -[REVEALS/揭示]-> PoreStructure  edge=0.0000
  Core -[REVEALS/揭示]-> SedimentaryStructure  edge=0.0000
  Core -[SAMPLED_FROM/取自]-> ReservoirInterval  edge=0.0000
  Core -[SAMPLED_FROM/取自]-> Well  edge=0.0000
  DepositionalEnvironment -[CONTROLS/控制]-> Lithology  edge=0.0000
  DepositionalEnvironment -[CONTROLS/控制]-> SedimentaryFacies  edge=0.0000
  DepositionalSystem -[CONTAINS/包含]-> Microfacies  edge=0.0000
  DepositionalSystem -[CONTAINS/包含]-> SedimentaryFacies  edge=0.0000
  DepositionalSystem -[CONTAINS/包含]-> Subfacies  edge=0.0000
  Depression -[CONTAINS/包含]-> Sag  edge=0.0000
  Depression -[DEVELOPS/发育]-> SourceRock  edge=0.0000
  Depression -[PART_OF/属于]-> Basin  edge=0.0000
  Diagenesis -[AFFECTS/影响]-> Lithology  edge=0.0000
  Diagenesis -[AFFECTS/影响]-> Mineral  edge=0.0000
  Diagenesis -[AFFECTS/影响]-> PoreStructure  edge=0.0000
  Diagenesis -[AFFECTS/影响]-> RockTexture  edge=0.0000
  Diagenesis -[FORMS/形成]-> Cavity  edge=0.0000
  Diagenesis -[FORMS/形成]-> DiageneticFacies  edge=0.0000
  Diagenesis -[HAS_STAGE/具有阶段]-> DiageneticStage  edge=0.0000
  DiageneticFacies -[CONTROLLED_BY/受……控制]-> Diagenesis  edge=0.0000
  Experiment -[EVALUATES/评价]-> Hydrocarbon  edge=0.0000
  Experiment -[EVALUATES/评价]-> SourceRock  edge=0.0000
  Experiment -[USES_METHOD/使用方法]-> AnalyticalMethod  edge=0.0000
  Fault -[CONTROLS/控制]-> Block  edge=0.0000
  Fault -[CONTROLS/控制]-> Fracture  edge=0.0000
  Fault -[CONTROLS/控制]-> MigrationPathway  edge=0.0000
  Fault -[CONTROLS/控制]-> StratigraphicBoundary  edge=0.0000
  Fault -[CONTROLS/控制]-> StructuralUnit  edge=0.0000
  Fault -[CUTS/切割]-> Formation  edge=0.0000
  Fault -[CUTS/切割]-> ReservoirInterval  edge=0.0000
  Fault -[CUTS/切割]-> StratigraphicMember  edge=0.0000
  Fault -[PART_OF/属于]-> FaultZone  edge=0.0000
  FaultZone -[CONTAINS/包含]-> Fault  edge=0.0000
  FaultZone -[CONTROLS/控制]-> CarrierSystem  edge=0.0000
  FaultZone -[CONTROLS/控制]-> StructuralBelt  edge=0.0000
  FaultZone -[CONTROLS/控制]-> StructuralUnit  edge=0.0000
  FaultZone -[CONTROLS/控制]-> Unconformity  edge=0.0000
  Formation -[BELONGS_TO/属于]-> DepositionalSystem  edge=0.0000
  Formation -[CONTAINS/包含]-> ReservoirInterval  edge=0.0000
  Formation -[DEPOSITED_IN/沉积于]-> DepositionalEnvironment  edge=0.0000
  Formation -[HAS_FACIES/具有沉积相]-> SedimentaryFacies  edge=0.0000
  Formation -[HAS_LITHOLOGY/具有岩性]-> Lithology  edge=0.0000
  Formation -[HAS_MEMBER/具有段]-> StratigraphicMember  edge=0.0000
  GeologicAge -[DEFINES_AGE_OF/限定时代]-> Bed  edge=0.0000
  GeologicAge -[DEFINES_AGE_OF/限定时代]-> Formation  edge=0.0000
  GeologicAge -[DEFINES_AGE_OF/限定时代]-> SequenceStratigraphicUnit  edge=0.0000
  GeologicAge -[DEFINES_AGE_OF/限定时代]-> StratigraphicMember  edge=0.0000
  GeologicAge -[DEFINES_AGE_OF/限定时代]-> SubMember  edge=0.0000
  GeologicalMap -[SHOWS/展示]-> Basin  edge=0.0000
  GeologicalMap -[SHOWS/展示]-> Fault  edge=0.0000
  GeologicalMap -[SHOWS/展示]-> FaultZone  edge=0.0000
  GeologicalMap -[SHOWS/展示]-> Formation  edge=0.0000
  GeologicalMap -[SHOWS/展示]-> SedimentaryFacies  edge=0.0000
  GeologicalMap -[SHOWS/展示]-> StructuralUnit  edge=0.0000
  Hydrocarbon -[CORRELATED_WITH/油源对比于]-> SourceRock  edge=0.0000
  Hydrocarbon -[HAS_BIOMARKER/具有生物标志化合物]-> Biomarker  edge=0.0000
  Hydrocarbon -[HAS_ISOTOPE/具有同位素]-> Isotope  edge=0.0000
  Isotope -[INDICATES/指示]-> DepositionalEnvironment  edge=0.0000
  Isotope -[INDICATES/指示]-> Hydrocarbon  edge=0.0000
  Isotope -[INDICATES/指示]-> SourceRock  edge=0.0000
  Lithology -[COMPOSED_OF/由……组成]-> Mineral  edge=0.0000
  Lithology -[CONTROLS/控制]-> PoreStructure  edge=0.0000
  Lithology -[HAS_STRUCTURE/具有沉积构造]-> SedimentaryStructure  edge=0.0000
  Lithology -[HAS_TEXTURE/具有结构/组构]-> RockTexture  edge=0.0000
  Lithology -[INDICATES/指示]-> DepositionalEnvironment  edge=0.0000
  Lithology -[INDICATES/指示]-> SedimentaryFacies  edge=0.0000
  Microfacies -[PART_OF/属于]-> Subfacies  edge=0.0000
  MigrationPathway -[CONNECTS/连接]-> SourceRock  edge=0.0000
  Mineral -[AFFECTS/影响]-> PoreStructure  edge=0.0000
  OrganicMatter -[GENERATES/生成]-> Hydrocarbon  edge=0.0000
  OrganicMatter -[HAS_TYPE/具有类型]-> KerogenType  edge=0.0000
  Outcrop -[EXPOSES/出露]-> Fault  edge=0.0000
  Outcrop -[EXPOSES/出露]-> Formation  edge=0.0000
  Outcrop -[EXPOSES/出露]-> Lithology  edge=0.0000
  Outcrop -[EXPOSES/出露]-> StratigraphicBoundary  edge=0.0000
  Outcrop -[EXPOSES/出露]-> StratigraphicMember  edge=0.0000
  PetroleumSystem -[DEVELOPED_IN/发育于]-> Basin  edge=0.0000
  PetroleumSystem -[DEVELOPED_IN/发育于]-> Block  edge=0.0000
  PetroleumSystem -[DEVELOPED_IN/发育于]-> StructuralUnit  edge=0.0000
  PetroleumSystem -[HAS_CARRIER_SYSTEM/具有输导体系]-> CarrierSystem  edge=0.0000
  PetroleumSystem -[HAS_MIGRATION_PATHWAY/具有运移通道]-> MigrationPathway  edge=0.0000
  PetroleumSystem -[HAS_PROCESS/具有成藏过程]-> AccumulationProcess  edge=0.0000
  PetroleumSystem -[HAS_SOURCE_ROCK/具有烃源岩]-> SourceRock  edge=0.0000
  PoreStructure -[DEVELOPED_IN/发育于]-> Lithology  edge=0.0000
  ProductionTest -[CONFIRMS/证实]-> Hydrocarbon  edge=0.0000
  ProductionTest -[TESTS/测试]-> ReservoirInterval  edge=0.0000
  ProductionTest -[TESTS/测试]-> Well  edge=0.0000
  ReservoirInterval -[BELONGS_TO/属于]-> DepositionalSystem  edge=0.0000
  ReservoirInterval -[CORRESPONDS_TO/对应]-> SourceRock  edge=0.0000
  ReservoirInterval -[DEPOSITED_IN/沉积于]-> DepositionalEnvironment  edge=0.0000
  ReservoirInterval -[HAS_FACIES/具有沉积相]-> SedimentaryFacies  edge=0.0000
  ReservoirInterval -[HAS_LITHOLOGY/具有岩性]-> Lithology  edge=0.0000
  ReservoirInterval -[PART_OF/属于]-> Bed  edge=0.0000
  ReservoirInterval -[PART_OF/属于]-> Formation  edge=0.0000
  ReservoirInterval -[PART_OF/属于]-> StratigraphicMember  edge=0.0000
  ReservoirInterval -[PART_OF/属于]-> SubMember  edge=0.0000
  Sag -[DEVELOPS/发育]-> SourceRock  edge=0.0000
  Sag -[PART_OF/属于]-> Depression  edge=0.0000
  SedimentaryFacies -[CONTAINS/包含]-> Subfacies  edge=0.0000
  SedimentaryFacies -[PART_OF/属于]-> DepositionalSystem  edge=0.0000
  SedimentaryStructure -[INDICATES/指示]-> DepositionalEnvironment  edge=0.0000
  SeismicProfile -[INTERPRETS/解释]-> Fault  edge=0.0000
  SeismicProfile -[INTERPRETS/解释]-> FaultZone  edge=0.0000
  SeismicProfile -[INTERPRETS/解释]-> StratigraphicBoundary  edge=0.0000
  SeismicProfile -[INTERPRETS/解释]-> StructuralUnit  edge=0.0000
  SeismicProfile -[INTERPRETS/解释]-> Unconformity  edge=0.0000
  SequenceBoundary -[IS_TYPE_OF/属于类型]-> StratigraphicBoundary  edge=0.0000
  SequenceStratigraphicUnit -[BOUNDED_BY/受界面限定]-> SequenceBoundary  edge=0.0000
  SequenceStratigraphicUnit -[CONTROLS/控制]-> DepositionalSystem  edge=0.0000
  Slope -[ADJACENT_TO/邻接]-> Depression  edge=0.0000
  Slope -[ADJACENT_TO/邻接]-> Uplift  edge=0.0000
  Slope -[TRANSITION_BETWEEN/过渡于]-> Depression  edge=0.0000
  Slope -[TRANSITION_BETWEEN/过渡于]-> Uplift  edge=0.0000
  SourceRock -[CONTAINS/包含]-> OrganicMatter  edge=0.0000
  SourceRock -[DEVELOPED_IN/发育于]-> Depression  edge=0.0000
  SourceRock -[DEVELOPED_IN/发育于]-> Formation  edge=0.0000
  SourceRock -[DEVELOPED_IN/发育于]-> Sag  edge=0.0000
  SourceRock -[DEVELOPED_IN/发育于]-> StratigraphicMember  edge=0.0000
  SourceRock -[EXPELS/排出]-> Hydrocarbon  edge=0.0000
  SourceRock -[GENERATES/生成]-> Hydrocarbon  edge=0.0000
  SourceRock -[HAS_BIOMARKER/具有生物标志化合物]-> Biomarker  edge=0.0000
  SourceRock -[HAS_ISOTOPE/具有同位素]-> Isotope  edge=0.0000
  SourceRock -[HAS_LITHOLOGY/具有岩性]-> Lithology  edge=0.0000
  StratigraphicBoundary -[BOUNDS/限定边界]-> Bed  edge=0.0000
  StratigraphicBoundary -[BOUNDS/限定边界]-> Formation  edge=0.0000
  StratigraphicBoundary -[BOUNDS/限定边界]-> StratigraphicMember  edge=0.0000
  StratigraphicBoundary -[BOUNDS/限定边界]-> SubMember  edge=0.0000
  StratigraphicMember -[BELONGS_TO/属于]-> DepositionalSystem  edge=0.0000
  StratigraphicMember -[CONTAINS/包含]-> ReservoirInterval  edge=0.0000
  StratigraphicMember -[DEPOSITED_IN/沉积于]-> DepositionalEnvironment  edge=0.0000
  StratigraphicMember -[HAS_FACIES/具有沉积相]-> SedimentaryFacies  edge=0.0000
  StratigraphicMember -[HAS_LITHOLOGY/具有岩性]-> Lithology  edge=0.0000
  StratigraphicMember -[HAS_SUBMEMBER/具有亚段/小层]-> SubMember  edge=0.0000
  StratigraphicMember -[PART_OF/属于]-> Formation  edge=0.0000
  StructuralBelt -[CONTAINS/包含]-> Fault  edge=0.0000
  StructuralBelt -[CONTAINS/包含]-> FaultZone  edge=0.0000
  StructuralUnit -[CONTAINS/包含]-> Block  edge=0.0000
  StructuralUnit -[CONTAINS/包含]-> Depression  edge=0.0000
  StructuralUnit -[CONTAINS/包含]-> FaultZone  edge=0.0000
  StructuralUnit -[CONTAINS/包含]-> Sag  edge=0.0000
  StructuralUnit -[CONTAINS/包含]-> Slope  edge=0.0000
  StructuralUnit -[CONTAINS/包含]-> StructuralBelt  edge=0.0000
  StructuralUnit -[CONTAINS/包含]-> Uplift  edge=0.0000
  StructuralUnit -[DEVELOPS/发育]-> Formation  edge=0.0000
  StructuralUnit -[DEVELOPS/发育]-> ReservoirInterval  edge=0.0000
  StructuralUnit -[DEVELOPS/发育]-> StratigraphicMember  edge=0.0000
  StructuralUnit -[PART_OF/属于]-> Basin  edge=0.0000
  StudyArea -[COVERS/覆盖]-> Basin  edge=0.0000
  StudyArea -[COVERS/覆盖]-> Block  edge=0.0000
  StudyArea -[COVERS/覆盖]-> Depression  edge=0.0000
  StudyArea -[COVERS/覆盖]-> Sag  edge=0.0000
  StudyArea -[COVERS/覆盖]-> Slope  edge=0.0000
  StudyArea -[COVERS/覆盖]-> StructuralBelt  edge=0.0000
  StudyArea -[COVERS/覆盖]-> StructuralUnit  edge=0.0000
  StudyArea -[COVERS/覆盖]-> Uplift  edge=0.0000
  SubMember -[CONTAINS/包含]-> ReservoirInterval  edge=0.0000
  SubMember -[HAS_BED/具有层]-> Bed  edge=0.0000
  SubMember -[HAS_LITHOLOGY/具有岩性]-> Lithology  edge=0.0000
  SubMember -[PART_OF/属于]-> StratigraphicMember  edge=0.0000
  Subfacies -[CONTAINS/包含]-> Microfacies  edge=0.0000
  Subfacies -[PART_OF/属于]-> SedimentaryFacies  edge=0.0000
  ThinSection -[OBSERVES/观察]-> Diagenesis  edge=0.0000
  ThinSection -[OBSERVES/观察]-> DiageneticFacies  edge=0.0000
  ThinSection -[OBSERVES/观察]-> Mineral  edge=0.0000
  ThinSection -[OBSERVES/观察]-> PoreStructure  edge=0.0000
  ThinSection -[OBSERVES/观察]-> RockTexture  edge=0.0000
  ThinSection -[PREPARED_FROM/制备自]-> Core  edge=0.0000
  Unconformity -[ACTS_AS/作为]-> MigrationPathway  edge=0.0000
  Unconformity -[IS_TYPE_OF/属于类型]-> StratigraphicBoundary  edge=0.0000
  Uplift -[ADJACENT_TO/邻接]-> Slope  edge=0.0000
  Uplift -[EXPOSES_OR_ERODES/出露或剥蚀]-> Formation  edge=0.0000
  Well -[ENCOUNTERS/钻遇]-> Formation  edge=0.0000
  Well -[ENCOUNTERS/钻遇]-> ReservoirInterval  edge=0.0000
  Well -[ENCOUNTERS/钻遇]-> StratigraphicMember  edge=0.0000
  Well -[HAS_CORE/具有岩心]-> Core  edge=0.0000
  Well -[HAS_WELL_LOG/具有测井资料]-> WellLog  edge=0.0000
  Well -[LOCATED_IN/位于]-> Basin  edge=0.0000
  Well -[LOCATED_IN/位于]-> Block  edge=0.0000
  Well -[LOCATED_IN/位于]-> StructuralUnit  edge=0.0000
  Well -[LOCATED_IN/位于]-> StudyArea  edge=0.0000
  WellLog -[INTERPRETS/解释]-> Lithology  edge=0.0000
  WellLog -[INTERPRETS/解释]-> ReservoirInterval  edge=0.0000
  WellLog -[INTERPRETS/解释]-> StratigraphicBoundary  edge=0.0000

========================================================================================
[完整 JSON 返回结果]
========================================================================================
{
  "document_schema_pool": {
    "selector_version": "core_tree_prior_v2",
    "concepts": [
      {
        "schema": "Basin",
        "zhName": "盆地",
        "category": "地理与构造单元",
        "description": "具有相对独立沉积、构造演化和油气成藏背景的大型地质空间单元，是石油地质研究中的核心区域实体。",
        "examples": [
          "鄂尔多斯盆地",
          "四川盆地",
          "塔里木盆地"
        ],
        "vector_score": 0.7986245155334473,
        "lexical_score": 1.0,
        "context_score": 1.0,
        "schema_key_score": 1.0,
        "document_score": 0.9093810319900513,
        "final_score": 0.9093810319900513,
        "selection_reasons": [
          "文档级向量召回",
          "文档关键词、示例词或名称命中",
          "文档 schemaKeys 命中",
          "文档精确命中",
          "Top3 核心概念树全量保留"
        ]
      },
      {
        "schema": "StructuralUnit",
        "zhName": "构造单元",
        "category": "地理与构造单元",
        "description": "盆地内部按照构造形态、构造位置或构造演化特征划分出的次级地质单元。",
        "examples": [
          "伊陕斜坡",
          "天环坳陷",
          "中央隆起带"
        ],
        "vector_score": 0.7772254943847656,
        "lexical_score": 1.0,
        "context_score": 1.0,
        "schema_key_score": 0.0,
        "document_score": 0.8746893405914307,
        "final_score": 0.8746893405914307,
        "selection_reasons": [
          "文档级向量召回",
          "文档关键词、示例词或名称命中",
          "文档精确命中",
          "Top3 核心概念树全量保留"
        ]
      },
      {
        "schema": "StudyArea",
        "zhName": "研究区",
        "category": "地理与构造单元",
        "description": "论文、报告或项目中限定的具体研究范围，可以是盆地、凹陷、区块、剖面或井区。",
        "examples": [
          "鄂尔多斯盆地东南部研究区",
          "川东北研究区",
          "塔里木盆地塔中地区"
        ],
        "vector_score": 0.7840704917907715,
        "lexical_score": 1.0,
        "context_score": 0.0,
        "schema_key_score": 1.0,
        "document_score": 0.8028317213058471,
        "final_score": 0.8028317213058471,
        "selection_reasons": [
          "文档级向量召回",
          "文档关键词、示例词或名称命中",
          "文档 schemaKeys 命中",
          "文档精确命中",
          "Top3 核心概念树全量保留"
        ]
      },
      {
        "schema": "FaultZone",
        "zhName": "断裂带",
        "category": "地理与构造单元",
        "description": "由多条断层及其相关破碎带、裂缝带共同组成的带状构造区域，常作为油气运移通道或封堵边界。",
        "examples": [
          "郯庐断裂带",
          "贺兰－六盘山断裂带",
          "边界断裂带"
        ],
        "vector_score": 0.7611169815063477,
        "lexical_score": 1.0,
        "context_score": 0.0,
        "schema_key_score": 1.0,
        "document_score": 0.7925026416778564,
        "final_score": 0.7925026416778564,
        "selection_reasons": [
          "文档级向量召回",
          "文档关键词、示例词或名称命中",
          "文档 schemaKeys 命中",
          "文档精确命中",
          "Top3 核心概念树全量保留"
        ]
      },
      {
        "schema": "Lithology",
        "zhName": "岩性",
        "category": "岩石、矿物与沉积体系",
        "description": "岩石类型及其基本物质组成特征，是描述地层、储层和沉积环境的重要实体。",
        "examples": [
          "砂岩",
          "泥岩",
          "灰岩",
          "白云岩"
        ],
        "vector_score": 0.7563867568969727,
        "lexical_score": 1.0,
        "context_score": 0.0,
        "schema_key_score": 1.0,
        "document_score": 0.7903740406036377,
        "final_score": 0.7903740406036377,
        "selection_reasons": [
          "文档级向量召回",
          "文档关键词、示例词或名称命中",
          "文档 schemaKeys 命中",
          "文档精确命中",
          "Top3 核心概念树全量保留"
        ]
      },
      {
        "schema": "Outcrop",
        "zhName": "露头",
        "category": "勘探开发与资料类型",
        "description": "地表出露的岩层或地质体，可用于观察沉积构造、地层接触关系和构造变形。",
        "examples": [
          "野外露头",
          "剖面露头",
          "河谷露头"
        ],
        "vector_score": 0.7558097839355469,
        "lexical_score": 1.0,
        "context_score": 0.0,
        "schema_key_score": 1.0,
        "document_score": 0.7901144027709961,
        "final_score": 0.7901144027709961,
        "selection_reasons": [
          "文档级向量召回",
          "文档关键词、示例词或名称命中",
          "文档 schemaKeys 命中",
          "文档精确命中",
          "Top3 核心概念树全量保留"
        ]
      },
      {
        "schema": "Uplift",
        "zhName": "隆起",
        "category": "地理与构造单元",
        "description": "相对于周边地区构造位置较高的正向构造单元，常控制地层剥蚀、圈闭形成和油气运移方向。",
        "examples": [
          "伊盟隆起",
          "渤中隆起",
          "塔中隆起"
        ],
        "vector_score": 0.7936005592346191,
        "lexical_score": 1.0,
        "context_score": 0.0,
        "schema_key_score": 0.0,
        "document_score": 0.7589003145694735,
        "final_score": 0.7589003145694735,
        "selection_reasons": [
          "文档级向量召回",
          "文档关键词、示例词或名称命中",
          "文档精确命中",
          "Top3 核心概念树全量保留"
        ]
      },
      {
        "schema": "Fault",
        "zhName": "断层",
        "category": "地理与构造单元",
        "description": "岩层或地质体沿破裂面发生明显位移形成的构造实体，可影响地层展布、油气运移和圈闭形成。",
        "examples": [
          "F1断层",
          "郯庐断裂",
          "正断层"
        ],
        "vector_score": 0.7801976203918457,
        "lexical_score": 0.9,
        "context_score": 0.0,
        "schema_key_score": 0.0,
        "document_score": 0.7201111614704133,
        "final_score": 0.7201111614704133,
        "selection_reasons": [
          "文档级向量召回",
          "文档关键词、示例词或名称命中",
          "Top3 核心概念树全量保留"
        ]
      },
      {
        "schema": "SedimentaryFacies",
        "zhName": "沉积相",
        "category": "岩石、矿物与沉积体系",
        "description": "在一定沉积环境下形成的岩性、结构、构造和古生物特征组合。",
        "examples": [
          "三角洲相",
          "湖泊相",
          "河流相",
          "碳酸盐台地相"
        ],
        "vector_score": 0.7601838111877441,
        "lexical_score": 0.75,
        "context_score": 0.0,
        "schema_key_score": 0.0,
        "document_score": 0.6619783937931062,
        "final_score": 0.6619783937931062,
        "selection_reasons": [
          "文档级向量召回",
          "文档关键词、示例词或名称命中",
          "Top3 核心概念树全量保留"
        ]
      },
      {
        "schema": "SedimentaryStructure",
        "zhName": "沉积构造",
        "category": "岩石、矿物与沉积体系",
        "description": "沉积过程中形成的层理、波痕、冲刷面等构造现象，可用于判断沉积环境和水动力条件。",
        "examples": [
          "交错层理",
          "水平层理",
          "波痕",
          "冲刷面"
        ],
        "vector_score": 0.7687501907348633,
        "lexical_score": 0.65,
        "context_score": 0.0,
        "schema_key_score": 0.0,
        "document_score": 0.6355469822883607,
        "final_score": 0.6355469822883607,
        "selection_reasons": [
          "文档级向量召回",
          "文档关键词、示例词或名称命中",
          "Top3 核心概念树全量保留"
        ]
      },
      {
        "schema": "DepositionalEnvironment",
        "zhName": "沉积环境",
        "category": "岩石、矿物与沉积体系",
        "description": "沉积物形成时的自然环境条件，包括水体类型、能量条件、气候背景和构造背景等。",
        "examples": [
          "浅湖环境",
          "半深湖环境",
          "滨浅海环境",
          "三角洲前缘环境"
        ],
        "vector_score": 0.7597503662109375,
        "lexical_score": 0.65,
        "context_score": 0.0,
        "schema_key_score": 0.0,
        "document_score": 0.6304845809936525,
        "final_score": 0.6304845809936525,
        "selection_reasons": [
          "文档级向量召回",
          "文档关键词、示例词或名称命中",
          "Top3 核心概念树全量保留"
        ]
      },
      {
        "schema": "Core",
        "zhName": "岩心",
        "category": "勘探开发与资料类型",
        "description": "从井下取出的柱状岩石样品，可直接观察岩性、沉积构造、裂缝和储层特征。",
        "examples": [
          "取心段岩心",
          "砂岩岩心",
          "泥页岩岩心"
        ],
        "vector_score": 0.7542581558227539,
        "lexical_score": 0.65,
        "context_score": 0.0,
        "schema_key_score": 0.0,
        "document_score": 0.6273952126502991,
        "final_score": 0.6273952126502991,
        "selection_reasons": [
          "文档级向量召回",
          "文档关键词、示例词或名称命中",
          "Top3 核心概念树全量保留"
        ]
      },
      {
        "schema": "DiageneticStage",
        "zhName": "成岩阶段",
        "category": "岩石、矿物与沉积体系",
        "description": "根据埋藏深度、温度、成岩矿物和孔隙演化特征划分的成岩演化时期。",
        "examples": [
          "早成岩A期",
          "早成岩B期",
          "中成岩A期"
        ],
        "vector_score": 0.7819786071777344,
        "lexical_score": 0.6,
        "context_score": 0.0,
        "schema_key_score": 0.0,
        "document_score": 0.6273629665374756,
        "final_score": 0.6273629665374756,
        "selection_reasons": [
          "文档级向量召回",
          "文档关键词、示例词或名称命中",
          "Top3 核心概念树全量保留"
        ]
      },
      {
        "schema": "ThinSection",
        "zhName": "薄片",
        "category": "勘探开发与资料类型",
        "description": "将岩石样品磨制成薄片后在显微镜下观察，用于研究矿物组成、孔隙类型和成岩特征。",
        "examples": [
          "铸体薄片",
          "普通薄片",
          "阴极发光薄片"
        ],
        "vector_score": 0.7518796920776367,
        "lexical_score": 0.65,
        "context_score": 0.0,
        "schema_key_score": 0.0,
        "document_score": 0.6260573267936708,
        "final_score": 0.6260573267936708,
        "selection_reasons": [
          "文档级向量召回",
          "文档关键词、示例词或名称命中",
          "Top3 核心概念树全量保留"
        ]
      },
      {
        "schema": "DiageneticFacies",
        "zhName": "成岩相",
        "category": "岩石、矿物与沉积体系",
        "description": "由特定成岩作用、成岩矿物组合和孔隙演化特征共同表征的成岩类型单元。",
        "examples": [
          "溶蚀相",
          "碳酸盐胶结相",
          "压实致密相"
        ],
        "vector_score": 0.7630419731140137,
        "lexical_score": 0.6,
        "context_score": 0.0,
        "schema_key_score": 0.0,
        "document_score": 0.6167111098766328,
        "final_score": 0.6167111098766328,
        "selection_reasons": [
          "文档级向量召回",
          "文档关键词、示例词或名称命中",
          "Top3 核心概念树全量保留"
        ]
      },
      {
        "schema": "Diagenesis",
        "zhName": "成岩作用",
        "category": "岩石、矿物与沉积体系",
        "description": "沉积物埋藏后到变质作用前经历的物理、化学和生物改造过程。",
        "examples": [
          "压实作用",
          "胶结作用",
          "溶蚀作用",
          "交代作用"
        ],
        "vector_score": 0.7531757354736328,
        "lexical_score": 0.6,
        "context_score": 0.0,
        "schema_key_score": 0.0,
        "document_score": 0.6111613512039186,
        "final_score": 0.6111613512039186,
        "selection_reasons": [
          "文档级向量召回",
          "文档关键词、示例词或名称命中",
          "Top3 核心概念树全量保留"
        ]
      },
      {
        "schema": "Slope",
        "zhName": "斜坡",
        "category": "地理与构造单元",
        "description": "位于隆起与坳陷之间的倾斜过渡带，常是砂体展布、油气运移和岩性圈闭发育的重要区域。",
        "examples": [
          "伊陕斜坡",
          "北部斜坡带",
          "南部斜坡区"
        ],
        "vector_score": 0.7675256729125977,
        "lexical_score": 0.55,
        "context_score": 0.0,
        "schema_key_score": 0.0,
        "document_score": 0.6036081910133362,
        "final_score": 0.6036081910133362,
        "selection_reasons": [
          "文档级向量召回",
          "文档关键词、示例词或名称命中",
          "Top3 核心概念树全量保留"
        ]
      },
      {
        "schema": "RockTexture",
        "zhName": "岩石结构/组构",
        "category": "岩石、矿物与沉积体系",
        "description": "岩石中颗粒、晶体或组分的大小、形态、排列和接触关系等结构特征。",
        "examples": [
          "粒状结构",
          "泥晶结构",
          "交代结构",
          "碎屑结构"
        ],
        "vector_score": 0.7610387802124023,
        "lexical_score": 0.55,
        "context_score": 0.0,
        "schema_key_score": 0.0,
        "document_score": 0.5999593138694764,
        "final_score": 0.5999593138694764,
        "selection_reasons": [
          "文档级向量召回",
          "文档关键词、示例词或名称命中",
          "Top3 核心概念树全量保留"
        ]
      },
      {
        "schema": "WellLog",
        "zhName": "测井资料",
        "category": "勘探开发与资料类型",
        "description": "通过测井方法获得的井筒地球物理响应数据，用于解释岩性、物性、含油气性和地层界面。",
        "examples": [
          "自然伽马曲线",
          "电阻率测井",
          "声波时差测井",
          "密度测井"
        ],
        "vector_score": 0.7606601715087891,
        "lexical_score": 0.55,
        "context_score": 0.0,
        "schema_key_score": 0.0,
        "document_score": 0.599746346473694,
        "final_score": 0.599746346473694,
        "selection_reasons": [
          "文档级向量召回",
          "文档关键词、示例词或名称命中",
          "Top3 核心概念树全量保留"
        ]
      },
      {
        "schema": "DepositionalSystem",
        "zhName": "沉积体系",
        "category": "岩石、矿物与沉积体系",
        "description": "由若干相关沉积相、亚相和微相组成的沉积组合系统，反映区域沉积过程和沉积格局。",
        "examples": [
          "三角洲沉积体系",
          "扇三角洲沉积体系",
          "浊积扇沉积体系"
        ],
        "vector_score": 0.7532033920288086,
        "lexical_score": 0.55,
        "context_score": 0.0,
        "schema_key_score": 0.0,
        "document_score": 0.595551908016205,
        "final_score": 0.595551908016205,
        "selection_reasons": [
          "文档级向量召回",
          "文档关键词、示例词或名称命中",
          "Top3 核心概念树全量保留"
        ]
      },
      {
        "schema": "Mineral",
        "zhName": "矿物",
        "category": "岩石、矿物与沉积体系",
        "description": "组成岩石的基本矿物成分，可影响储层物性、成岩作用和脆性特征。",
        "examples": [
          "石英",
          "长石",
          "方解石",
          "黏土矿物"
        ],
        "vector_score": 0.0,
        "lexical_score": 1.0,
        "context_score": 0.0,
        "schema_key_score": 1.0,
        "document_score": 0.45,
        "final_score": 0.45,
        "selection_reasons": [
          "文档关键词、示例词或名称命中",
          "文档 schemaKeys 命中",
          "文档精确命中",
          "Top3 核心概念树全量保留"
        ]
      },
      {
        "schema": "Depression",
        "zhName": "凹陷/坳陷",
        "category": "地理与构造单元",
        "description": "相对于周缘构造位置较低、沉积厚度较大、常为烃源岩发育有利区的负向构造单元。",
        "examples": [
          "济阳坳陷",
          "黄骅坳陷",
          "天环坳陷"
        ],
        "vector_score": 0.7757740020751953,
        "lexical_score": 0.0,
        "context_score": 0.0,
        "schema_key_score": 0.0,
        "document_score": 0.4363728761672974,
        "final_score": 0.4363728761672974,
        "selection_reasons": [
          "文档级向量召回",
          "Top3 核心概念树全量保留"
        ]
      },
      {
        "schema": "Block",
        "zhName": "区块",
        "category": "地理与构造单元",
        "description": "油气勘探开发中按照地理位置、构造位置或开发管理需要划分的研究或开发单元。",
        "examples": [
          "苏里格区块",
          "塔中区块",
          "长庆油田某开发区块"
        ],
        "vector_score": 0.7710280418395996,
        "lexical_score": 0.0,
        "context_score": 0.0,
        "schema_key_score": 0.0,
        "document_score": 0.4337032735347748,
        "final_score": 0.4337032735347748,
        "selection_reasons": [
          "文档级向量召回",
          "Top3 核心概念树全量保留"
        ]
      },
      {
        "schema": "StructuralBelt",
        "zhName": "构造带",
        "category": "地理与构造单元",
        "description": "由一组具有相似构造变形特征的构造要素组成的带状区域，如逆冲带、褶皱带、断裂构造带等。",
        "examples": [
          "西缘逆冲带",
          "贺兰－六盘山构造带",
          "断裂构造带"
        ],
        "vector_score": 0.7666335105895996,
        "lexical_score": 0.0,
        "context_score": 0.0,
        "schema_key_score": 0.0,
        "document_score": 0.43123134970664984,
        "final_score": 0.43123134970664984,
        "selection_reasons": [
          "文档级向量召回",
          "Top3 核心概念树全量保留"
        ]
      },
      {
        "schema": "SeismicProfile",
        "zhName": "地震剖面",
        "category": "勘探开发与资料类型",
        "description": "通过地震勘探获得的地下反射结构剖面，用于识别断层、构造、地层界面和沉积体。",
        "examples": [
          "过井地震剖面",
          "二维地震剖面",
          "三维地震剖面"
        ],
        "vector_score": 0.7612285614013672,
        "lexical_score": 0.0,
        "context_score": 0.0,
        "schema_key_score": 0.0,
        "document_score": 0.4281910657882691,
        "final_score": 0.4281910657882691,
        "selection_reasons": [
          "文档级向量召回",
          "Top3 核心概念树全量保留"
        ]
      },
      {
        "schema": "Sag",
        "zhName": "洼陷",
        "category": "地理与构造单元",
        "description": "通常指坳陷内部更局部、更低洼的沉积中心或构造低部位，是细粒沉积和烃源岩发育的重要区域。",
        "examples": [
          "渤南洼陷",
          "苏桥洼陷",
          "辽中洼陷"
        ],
        "vector_score": 0.7609586715698242,
        "lexical_score": 0.0,
        "context_score": 0.0,
        "schema_key_score": 0.0,
        "document_score": 0.4280392527580262,
        "final_score": 0.4280392527580262,
        "selection_reasons": [
          "文档级向量召回",
          "Top3 核心概念树全量保留"
        ]
      },
      {
        "schema": "GeologicalMap",
        "zhName": "地质图",
        "category": "勘探开发与资料类型",
        "description": "表达地层、构造、岩性、沉积相或油气分布等空间信息的图件资料。",
        "examples": [
          "构造图",
          "沉积相图",
          "地层厚度图",
          "油藏分布图"
        ],
        "vector_score": 0.0,
        "lexical_score": 0.65,
        "context_score": 0.0,
        "schema_key_score": 0.0,
        "document_score": 0.20312500000000003,
        "final_score": 0.20312500000000003,
        "selection_reasons": [
          "文档关键词、示例词或名称命中",
          "Top3 核心概念树全量保留"
        ]
      },
      {
        "schema": "Subfacies",
        "zhName": "亚相",
        "category": "岩石、矿物与沉积体系",
        "description": "沉积相内部的次一级划分，用于更精细描述沉积环境和砂体分布。",
        "examples": [
          "三角洲前缘亚相",
          "滨浅湖亚相",
          "半深湖亚相"
        ],
        "vector_score": 0.0,
        "lexical_score": 0.65,
        "context_score": 0.0,
        "schema_key_score": 0.0,
        "document_score": 0.20312500000000003,
        "final_score": 0.20312500000000003,
        "selection_reasons": [
          "文档关键词、示例词或名称命中",
          "Top3 核心概念树全量保留"
        ]
      },
      {
        "schema": "Microfacies",
        "zhName": "微相",
        "category": "岩石、矿物与沉积体系",
        "description": "亚相内部更精细的沉积单元，常用于储层非均质性分析和砂体精细刻画。",
        "examples": [
          "水下分流河道微相",
          "河口坝微相",
          "席状砂微相"
        ],
        "vector_score": 0.0,
        "lexical_score": 0.55,
        "context_score": 0.0,
        "schema_key_score": 0.0,
        "document_score": 0.17187500000000003,
        "final_score": 0.17187500000000003,
        "selection_reasons": [
          "文档关键词、示例词或名称命中",
          "Top3 核心概念树全量保留"
        ]
      },
      {
        "schema": "ProductionTest",
        "zhName": "测试/试采",
        "category": "勘探开发与资料类型",
        "description": "通过试油、试气、试采或产能测试获取储层流体性质、产量和开发潜力的资料类型。",
        "examples": [
          "试油",
          "试气",
          "产能测试",
          "试采资料"
        ],
        "vector_score": 0.0,
        "lexical_score": 0.55,
        "context_score": 0.0,
        "schema_key_score": 0.0,
        "document_score": 0.17187500000000003,
        "final_score": 0.17187500000000003,
        "selection_reasons": [
          "文档关键词、示例词或名称命中",
          "Top3 核心概念树全量保留"
        ]
      },
      {
        "schema": "Well",
        "zhName": "井",
        "category": "勘探开发与资料类型",
        "description": "用于钻探、取心、测井、试油气或开发生产的钻井实体。",
        "examples": [
          "苏6井",
          "鄂123井",
          "塔中1井"
        ],
        "vector_score": 0.0,
        "lexical_score": 0.0,
        "context_score": 0.0,
        "schema_key_score": 0.0,
        "document_score": 0.0,
        "final_score": 0.0,
        "selection_reasons": [
          "Top3 核心概念树全量保留"
        ]
      },
      {
        "schema": "StratigraphicBoundary",
        "zhName": "地层界面",
        "category": "地层与地质时代",
        "description": "不同地层单元之间的分界面，可反映沉积间断、岩性变化或地质时代转换。",
        "examples": [
          "奥陶系顶界面",
          "延长组底界面",
          "组段分界面"
        ],
        "vector_score": 0.7681479454040527,
        "lexical_score": 0.85,
        "context_score": 0.0,
        "schema_key_score": 0.0,
        "document_score": 0.6977082192897797,
        "final_score": 0.6977082192897797,
        "selection_reasons": [
          "文档级向量召回",
          "文档关键词、示例词或名称命中",
          "跨树 Document Schema Prior"
        ]
      },
      {
        "schema": "Unconformity",
        "zhName": "不整合面",
        "category": "地层与地质时代",
        "description": "上下两套地层之间存在沉积间断、剥蚀或构造变形差异的地层接触界面。",
        "examples": [
          "加里东不整合面",
          "印支期不整合面",
          "区域不整合面"
        ],
        "vector_score": 0.7721123695373535,
        "lexical_score": 0.75,
        "context_score": 0.0,
        "schema_key_score": 0.0,
        "document_score": 0.6686882078647614,
        "final_score": 0.6686882078647614,
        "selection_reasons": [
          "文档级向量召回",
          "文档关键词、示例词或名称命中",
          "跨树 Document Schema Prior"
        ]
      },
      {
        "schema": "SequenceBoundary",
        "zhName": "层序界面",
        "category": "地层与地质时代",
        "description": "层序单元之间的边界，通常与相对湖平面或海平面变化、沉积间断或侵蚀面有关。",
        "examples": [
          "SB1",
          "SB2",
          "三级层序界面"
        ],
        "vector_score": 0.755465030670166,
        "lexical_score": 0.75,
        "context_score": 0.0,
        "schema_key_score": 0.0,
        "document_score": 0.6593240797519684,
        "final_score": 0.6593240797519684,
        "selection_reasons": [
          "文档级向量召回",
          "文档关键词、示例词或名称命中",
          "跨树 Document Schema Prior"
        ]
      },
      {
        "schema": "PetroleumSystem",
        "zhName": "含油气系统/成藏系统",
        "category": "油气成藏要素",
        "description": "由烃源岩、储层、盖层、圈闭、运移和保存条件等共同构成的油气生成、运移与聚集系统。",
        "examples": [
          "鄂尔多斯盆地延长组成藏系统",
          "四川盆地下古生界含气系统"
        ],
        "vector_score": 0.7621493339538574,
        "lexical_score": 0.65,
        "context_score": 0.0,
        "schema_key_score": 0.0,
        "document_score": 0.6318340003490449,
        "final_score": 0.6318340003490449,
        "selection_reasons": [
          "文档级向量召回",
          "文档关键词、示例词或名称命中",
          "跨树 Document Schema Prior"
        ]
      },
      {
        "schema": "AnalyticalMethod",
        "zhName": "分析方法",
        "category": "实验样品与测试",
        "description": "用于样品测试、数据分析和地质解释的具体技术方法或实验手段。",
        "examples": [
          "TOC分析",
          "Rock-Eval热解",
          "XRD分析",
          "气相色谱分析"
        ],
        "vector_score": 0.0,
        "lexical_score": 1.0,
        "context_score": 0.0,
        "schema_key_score": 1.0,
        "document_score": 0.45,
        "final_score": 0.45,
        "selection_reasons": [
          "文档关键词、示例词或名称命中",
          "文档 schemaKeys 命中",
          "文档精确命中",
          "跨树 Document Schema Prior"
        ]
      },
      {
        "schema": "Experiment",
        "zhName": "实验",
        "category": "实验样品与测试",
        "description": "针对样品开展的测试或分析过程，用于获取物性、地球化学、矿物学或储层结构参数。",
        "examples": [
          "压汞实验",
          "热解实验",
          "X射线衍射实验",
          "扫描电镜实验"
        ],
        "vector_score": 0.0,
        "lexical_score": 1.0,
        "context_score": 0.0,
        "schema_key_score": 1.0,
        "document_score": 0.45,
        "final_score": 0.45,
        "selection_reasons": [
          "文档关键词、示例词或名称命中",
          "文档 schemaKeys 命中",
          "文档精确命中",
          "跨树 Document Schema Prior"
        ]
      },
      {
        "schema": "GeologicAge",
        "zhName": "地质时代",
        "category": "地层与地质时代",
        "description": "表示地层形成或地质事件发生的时间单位，可包括宙、代、纪、世、期等不同层级。",
        "examples": [
          "三叠纪",
          "侏罗纪",
          "寒武纪"
        ],
        "vector_score": 0.0,
        "lexical_score": 1.0,
        "context_score": 0.0,
        "schema_key_score": 1.0,
        "document_score": 0.45,
        "final_score": 0.45,
        "selection_reasons": [
          "文档关键词、示例词或名称命中",
          "文档 schemaKeys 命中",
          "文档精确命中",
          "跨树 Document Schema Prior"
        ]
      },
      {
        "schema": "Sample",
        "zhName": "样品",
        "category": "实验样品与测试",
        "description": "用于实验分析、测试或观察的岩石、流体、有机质或矿物样品。",
        "examples": [
          "岩心样品",
          "烃源岩样品",
          "原油样品",
          "薄片样品"
        ],
        "vector_score": 0.0,
        "lexical_score": 1.0,
        "context_score": 0.0,
        "schema_key_score": 1.0,
        "document_score": 0.45,
        "final_score": 0.45,
        "selection_reasons": [
          "文档关键词、示例词或名称命中",
          "文档 schemaKeys 命中",
          "文档精确命中",
          "跨树 Document Schema Prior"
        ]
      },
      {
        "schema": "Fracture",
        "zhName": "裂缝",
        "category": "储层结构与评价实体",
        "description": "岩石中因构造应力、成岩收缩或溶蚀作用形成的破裂面，可改善储层渗流能力。",
        "examples": [
          "构造裂缝",
          "成岩裂缝",
          "高角度裂缝"
        ],
        "vector_score": 0.7621846199035645,
        "lexical_score": 0.0,
        "context_score": 0.0,
        "schema_key_score": 0.0,
        "document_score": 0.42872884869575506,
        "final_score": 0.42872884869575506,
        "selection_reasons": [
          "文档级向量召回",
          "跨树 Document Schema Prior"
        ]
      },
      {
        "schema": "Formation",
        "zhName": "组",
        "category": "地层与地质时代",
        "description": "岩石地层单位中的基本单位，通常具有相对稳定的岩性组合和区域可识别性。",
        "examples": [
          "延长组",
          "马家沟组",
          "龙马溪组"
        ],
        "vector_score": 0.0,
        "lexical_score": 1.0,
        "context_score": 0.0,
        "schema_key_score": 0.0,
        "document_score": 0.3125,
        "final_score": 0.3125,
        "selection_reasons": [
          "文档关键词、示例词或名称命中",
          "文档精确命中",
          "跨树 Document Schema Prior"
        ]
      },
      {
        "schema": "StratigraphicMember",
        "zhName": "段",
        "category": "地层与地质时代",
        "description": "组以下的次一级地层单位，常用于进一步划分储层、烃源岩或沉积旋回。",
        "examples": [
          "长7段",
          "长8段",
          "马五段"
        ],
        "vector_score": 0.0,
        "lexical_score": 1.0,
        "context_score": 0.0,
        "schema_key_score": 0.0,
        "document_score": 0.3125,
        "final_score": 0.3125,
        "selection_reasons": [
          "文档关键词、示例词或名称命中",
          "文档精确命中",
          "跨树 Document Schema Prior"
        ]
      },
      {
        "schema": "Bed",
        "zhName": "层/单层",
        "category": "地层与地质时代",
        "description": "最基本的层状地质单元，通常对应一个单独的岩层、砂层、泥岩层或煤层。",
        "examples": [
          "单砂层",
          "泥岩层",
          "7号煤层"
        ],
        "vector_score": 0.0,
        "lexical_score": 0.75,
        "context_score": 0.0,
        "schema_key_score": 0.0,
        "document_score": 0.23437500000000003,
        "final_score": 0.23437500000000003,
        "selection_reasons": [
          "文档关键词、示例词或名称命中",
          "跨树 Document Schema Prior"
        ]
      },
      {
        "schema": "Isotope",
        "zhName": "同位素",
        "category": "地球化学与有机质实体",
        "description": "用于地球化学示踪、成因判别、古环境恢复和流体来源分析的同位素指标。",
        "examples": [
          "δ13C",
          "δ18O",
          "87Sr/86Sr",
          "碳同位素"
        ],
        "vector_score": 0.0,
        "lexical_score": 0.75,
        "context_score": 0.0,
        "schema_key_score": 0.0,
        "document_score": 0.23437500000000003,
        "final_score": 0.23437500000000003,
        "selection_reasons": [
          "文档关键词、示例词或名称命中",
          "跨树 Document Schema Prior"
        ]
      },
      {
        "schema": "ReservoirInterval",
        "zhName": "目的层/储层段",
        "category": "地层与地质时代",
        "description": "勘探开发或储层评价中重点研究的含油气层段或目标储层层位。",
        "examples": [
          "长7储层段",
          "马五目的层",
          "盒8储层段"
        ],
        "vector_score": 0.0,
        "lexical_score": 0.75,
        "context_score": 0.0,
        "schema_key_score": 0.0,
        "document_score": 0.23437500000000003,
        "final_score": 0.23437500000000003,
        "selection_reasons": [
          "文档关键词、示例词或名称命中",
          "跨树 Document Schema Prior"
        ]
      },
      {
        "schema": "SequenceStratigraphicUnit",
        "zhName": "层序单元",
        "category": "地层与地质时代",
        "description": "层序地层学中依据基准面变化、沉积旋回和界面特征划分出的地层单元。",
        "examples": [
          "三级层序",
          "SQ1",
          "SQ2"
        ],
        "vector_score": 0.0,
        "lexical_score": 0.75,
        "context_score": 0.0,
        "schema_key_score": 0.0,
        "document_score": 0.23437500000000003,
        "final_score": 0.23437500000000003,
        "selection_reasons": [
          "文档关键词、示例词或名称命中",
          "跨树 Document Schema Prior"
        ]
      },
      {
        "schema": "SubMember",
        "zhName": "亚段/小层",
        "category": "地层与地质时代",
        "description": "段以下更精细的地层划分单元，常用于储层精细对比和小层划分。",
        "examples": [
          "长7三亚段",
          "马五5小层",
          "长6一小层"
        ],
        "vector_score": 0.0,
        "lexical_score": 0.75,
        "context_score": 0.0,
        "schema_key_score": 0.0,
        "document_score": 0.23437500000000003,
        "final_score": 0.23437500000000003,
        "selection_reasons": [
          "文档关键词、示例词或名称命中",
          "跨树 Document Schema Prior"
        ]
      },
      {
        "schema": "SystemTract",
        "zhName": "体系域",
        "category": "地层与地质时代",
        "description": "层序内部根据沉积充填样式和基准面变化阶段划分的沉积组合单元。",
        "examples": [
          "低位体系域",
          "湖侵体系域",
          "高位体系域"
        ],
        "vector_score": 0.0,
        "lexical_score": 0.75,
        "context_score": 0.0,
        "schema_key_score": 0.0,
        "document_score": 0.23437500000000003,
        "final_score": 0.23437500000000003,
        "selection_reasons": [
          "文档关键词、示例词或名称命中",
          "跨树 Document Schema Prior"
        ]
      },
      {
        "schema": "Biomarker",
        "zhName": "生物标志化合物",
        "category": "地球化学与有机质实体",
        "description": "能够反映有机质来源、沉积环境、成熟度和油源对比信息的特征有机化合物。",
        "examples": [
          "甾烷",
          "萜烷",
          "藿烷",
          "伽马蜡烷"
        ],
        "vector_score": 0.0,
        "lexical_score": 0.65,
        "context_score": 0.0,
        "schema_key_score": 0.0,
        "document_score": 0.20312500000000003,
        "final_score": 0.20312500000000003,
        "selection_reasons": [
          "文档关键词、示例词或名称命中",
          "跨树 Document Schema Prior"
        ]
      },
      {
        "schema": "OilGasReservoir",
        "zhName": "油气藏",
        "category": "油气藏与流体",
        "description": "油气在单一圈闭或储层单元中聚集形成的地质体，是油气田的基本组成单元。",
        "examples": [
          "长8油藏",
          "马五气藏",
          "岩性油藏"
        ],
        "vector_score": 0.0,
        "lexical_score": 0.65,
        "context_score": 0.0,
        "schema_key_score": 0.0,
        "document_score": 0.20312500000000003,
        "final_score": 0.20312500000000003,
        "selection_reasons": [
          "文档关键词、示例词或名称命中",
          "跨树 Document Schema Prior"
        ]
      },
      {
        "schema": "Trap",
        "zhName": "圈闭",
        "category": "油气成藏要素",
        "description": "能够阻止油气继续运移并使油气聚集保存的地质空间结构。",
        "examples": [
          "构造圈闭",
          "岩性圈闭",
          "地层圈闭",
          "复合圈闭"
        ],
        "vector_score": 0.0,
        "lexical_score": 0.65,
        "context_score": 0.0,
        "schema_key_score": 0.0,
        "document_score": 0.20312500000000003,
        "final_score": 0.20312500000000003,
        "selection_reasons": [
          "文档关键词、示例词或名称命中",
          "跨树 Document Schema Prior"
        ]
      },
      {
        "schema": "AccumulationProcess",
        "zhName": "成藏过程",
        "category": "油气成藏要素",
        "description": "油气从生成、排出、运移、聚集到保存的动态地质过程。",
        "examples": [
          "生烃",
          "排烃",
          "油气运移",
          "油气聚集"
        ],
        "vector_score": 0.0,
        "lexical_score": 0.6,
        "context_score": 0.0,
        "schema_key_score": 0.0,
        "document_score": 0.1875,
        "final_score": 0.1875,
        "selection_reasons": [
          "文档关键词、示例词或名称命中",
          "跨树 Document Schema Prior"
        ]
      },
      {
        "schema": "SourceRock",
        "zhName": "烃源岩",
        "category": "油气成藏要素",
        "description": "富含有机质并能够生成油气的岩石，是油气成藏的物质基础。",
        "examples": [
          "长7烃源岩",
          "龙马溪组页岩",
          "湖相泥页岩"
        ],
        "vector_score": 0.0,
        "lexical_score": 0.6,
        "context_score": 0.0,
        "schema_key_score": 0.0,
        "document_score": 0.1875,
        "final_score": 0.1875,
        "selection_reasons": [
          "文档关键词、示例词或名称命中",
          "跨树 Document Schema Prior"
        ]
      },
      {
        "schema": "KerogenType",
        "zhName": "干酪根类型",
        "category": "地球化学与有机质实体",
        "description": "根据有机质来源、显微组分和生烃潜力划分的干酪根类别。",
        "examples": [
          "I型干酪根",
          "II1型干酪根",
          "III型干酪根"
        ],
        "vector_score": 0.0,
        "lexical_score": 0.55,
        "context_score": 0.0,
        "schema_key_score": 0.0,
        "document_score": 0.17187500000000003,
        "final_score": 0.17187500000000003,
        "selection_reasons": [
          "文档关键词、示例词或名称命中",
          "跨树 Document Schema Prior"
        ]
      },
      {
        "schema": "OrganicMatter",
        "zhName": "有机质",
        "category": "地球化学与有机质实体",
        "description": "沉积岩中来源于生物残体并可转化为油气的有机组分，是评价烃源岩的重要对象。",
        "examples": [
          "腐泥型有机质",
          "腐殖型有机质",
          "藻类有机质"
        ],
        "vector_score": 0.0,
        "lexical_score": 0.55,
        "context_score": 0.0,
        "schema_key_score": 0.0,
        "document_score": 0.17187500000000003,
        "final_score": 0.17187500000000003,
        "selection_reasons": [
          "文档关键词、示例词或名称命中",
          "跨树 Document Schema Prior"
        ]
      },
      {
        "schema": "CarrierSystem",
        "zhName": "输导体系",
        "category": "油气成藏要素",
        "description": "由断层、裂缝、砂体、不整合面等共同组成的油气输导网络。",
        "examples": [
          "断砂组合输导体系",
          "裂缝输导体系",
          "不整合面输导体系"
        ],
        "vector_score": 0.0,
        "lexical_score": 0.0,
        "context_score": 0.0,
        "schema_key_score": 0.0,
        "document_score": 0.0,
        "final_score": 0.0,
        "selection_reasons": [
          "跨树 Document Schema Prior"
        ]
      },
      {
        "schema": "Cavity",
        "zhName": "溶蚀孔洞/洞穴",
        "category": "储层结构与评价实体",
        "description": "碳酸盐岩或其他可溶岩石中因溶蚀作用形成的较大孔洞空间，是重要的储集空间类型。",
        "examples": [
          "溶洞",
          "溶蚀孔",
          "洞穴型储集空间"
        ],
        "vector_score": 0.0,
        "lexical_score": 0.0,
        "context_score": 0.0,
        "schema_key_score": 0.0,
        "document_score": 0.0,
        "final_score": 0.0,
        "selection_reasons": [
          "跨树 Document Schema Prior"
        ]
      },
      {
        "schema": "FluidContact",
        "zhName": "流体界面",
        "category": "油气藏与流体",
        "description": "油、气、水等不同流体在储层中的接触界面，常用于判断油气藏边界和流体分布。",
        "examples": [
          "油水界面",
          "气水界面",
          "油气界面"
        ],
        "vector_score": 0.0,
        "lexical_score": 0.0,
        "context_score": 0.0,
        "schema_key_score": 0.0,
        "document_score": 0.0,
        "final_score": 0.0,
        "selection_reasons": [
          "跨树 Document Schema Prior"
        ]
      },
      {
        "schema": "Hydrocarbon",
        "zhName": "烃类/油气",
        "category": "油气藏与流体",
        "description": "由碳氢化合物组成的油气物质，包括原油、天然气、凝析油等。",
        "examples": [
          "原油",
          "天然气",
          "凝析油",
          "页岩气"
        ],
        "vector_score": 0.0,
        "lexical_score": 0.0,
        "context_score": 0.0,
        "schema_key_score": 0.0,
        "document_score": 0.0,
        "final_score": 0.0,
        "selection_reasons": [
          "跨树 Document Schema Prior"
        ]
      },
      {
        "schema": "MigrationPathway",
        "zhName": "运移通道",
        "category": "油气成藏要素",
        "description": "油气从烃源岩向储层或圈闭运移过程中经过的通道或介质。",
        "examples": [
          "断层运移通道",
          "砂体输导层",
          "裂缝通道"
        ],
        "vector_score": 0.0,
        "lexical_score": 0.0,
        "context_score": 0.0,
        "schema_key_score": 0.0,
        "document_score": 0.0,
        "final_score": 0.0,
        "selection_reasons": [
          "跨树 Document Schema Prior"
        ]
      },
      {
        "schema": "OilGasField",
        "zhName": "油气田",
        "category": "油气藏与流体",
        "description": "在一定区域内由一个或多个油气藏组成、具有工业开发价值的油气聚集区。",
        "examples": [
          "苏里格气田",
          "大庆油田",
          "长庆油田"
        ],
        "vector_score": 0.0,
        "lexical_score": 0.0,
        "context_score": 0.0,
        "schema_key_score": 0.0,
        "document_score": 0.0,
        "final_score": 0.0,
        "selection_reasons": [
          "跨树 Document Schema Prior"
        ]
      }
    ],
    "relations": [
      {
        "source_schema": "AccumulationProcess",
        "relationEn": "INVOLVES",
        "relationZh": "涉及",
        "target_schema": "MigrationPathway",
        "edge_score": 0.0
      },
      {
        "source_schema": "AccumulationProcess",
        "relationEn": "INVOLVES",
        "relationZh": "涉及",
        "target_schema": "SourceRock",
        "edge_score": 0.0
      },
      {
        "source_schema": "AccumulationProcess",
        "relationEn": "INVOLVES",
        "relationZh": "涉及",
        "target_schema": "Trap",
        "edge_score": 0.0
      },
      {
        "source_schema": "AccumulationProcess",
        "relationEn": "OCCURS_IN",
        "relationZh": "发生于",
        "target_schema": "PetroleumSystem",
        "edge_score": 0.0
      },
      {
        "source_schema": "AnalyticalMethod",
        "relationEn": "ANALYZES",
        "relationZh": "分析",
        "target_schema": "Biomarker",
        "edge_score": 0.0
      },
      {
        "source_schema": "AnalyticalMethod",
        "relationEn": "ANALYZES",
        "relationZh": "分析",
        "target_schema": "Cavity",
        "edge_score": 0.0
      },
      {
        "source_schema": "AnalyticalMethod",
        "relationEn": "ANALYZES",
        "relationZh": "分析",
        "target_schema": "Fracture",
        "edge_score": 0.0
      },
      {
        "source_schema": "AnalyticalMethod",
        "relationEn": "ANALYZES",
        "relationZh": "分析",
        "target_schema": "Isotope",
        "edge_score": 0.0
      },
      {
        "source_schema": "AnalyticalMethod",
        "relationEn": "ANALYZES",
        "relationZh": "分析",
        "target_schema": "KerogenType",
        "edge_score": 0.0
      },
      {
        "source_schema": "AnalyticalMethod",
        "relationEn": "ANALYZES",
        "relationZh": "分析",
        "target_schema": "Lithology",
        "edge_score": 0.0
      },
      {
        "source_schema": "AnalyticalMethod",
        "relationEn": "ANALYZES",
        "relationZh": "分析",
        "target_schema": "Mineral",
        "edge_score": 0.0
      },
      {
        "source_schema": "AnalyticalMethod",
        "relationEn": "ANALYZES",
        "relationZh": "分析",
        "target_schema": "OrganicMatter",
        "edge_score": 0.0
      },
      {
        "source_schema": "AnalyticalMethod",
        "relationEn": "ANALYZES",
        "relationZh": "分析",
        "target_schema": "Sample",
        "edge_score": 0.0
      },
      {
        "source_schema": "Basin",
        "relationEn": "CONTAINS",
        "relationZh": "包含",
        "target_schema": "Block",
        "edge_score": 0.0
      },
      {
        "source_schema": "Basin",
        "relationEn": "CONTAINS",
        "relationZh": "包含",
        "target_schema": "Depression",
        "edge_score": 0.0
      },
      {
        "source_schema": "Basin",
        "relationEn": "CONTAINS",
        "relationZh": "包含",
        "target_schema": "FaultZone",
        "edge_score": 0.0
      },
      {
        "source_schema": "Basin",
        "relationEn": "CONTAINS",
        "relationZh": "包含",
        "target_schema": "Sag",
        "edge_score": 0.0
      },
      {
        "source_schema": "Basin",
        "relationEn": "CONTAINS",
        "relationZh": "包含",
        "target_schema": "Slope",
        "edge_score": 0.0
      },
      {
        "source_schema": "Basin",
        "relationEn": "CONTAINS",
        "relationZh": "包含",
        "target_schema": "StructuralBelt",
        "edge_score": 0.0
      },
      {
        "source_schema": "Basin",
        "relationEn": "CONTAINS",
        "relationZh": "包含",
        "target_schema": "StructuralUnit",
        "edge_score": 0.0
      },
      {
        "source_schema": "Basin",
        "relationEn": "CONTAINS",
        "relationZh": "包含",
        "target_schema": "StudyArea",
        "edge_score": 0.0
      },
      {
        "source_schema": "Basin",
        "relationEn": "CONTAINS",
        "relationZh": "包含",
        "target_schema": "Uplift",
        "edge_score": 0.0
      },
      {
        "source_schema": "Basin",
        "relationEn": "DEVELOPS",
        "relationZh": "发育",
        "target_schema": "Formation",
        "edge_score": 0.0
      },
      {
        "source_schema": "Basin",
        "relationEn": "DEVELOPS",
        "relationZh": "发育",
        "target_schema": "ReservoirInterval",
        "edge_score": 0.0
      },
      {
        "source_schema": "Basin",
        "relationEn": "DEVELOPS",
        "relationZh": "发育",
        "target_schema": "StratigraphicMember",
        "edge_score": 0.0
      },
      {
        "source_schema": "Bed",
        "relationEn": "CONTAINS",
        "relationZh": "包含",
        "target_schema": "ReservoirInterval",
        "edge_score": 0.0
      },
      {
        "source_schema": "Bed",
        "relationEn": "HAS_LITHOLOGY",
        "relationZh": "具有岩性",
        "target_schema": "Lithology",
        "edge_score": 0.0
      },
      {
        "source_schema": "Bed",
        "relationEn": "PART_OF",
        "relationZh": "属于",
        "target_schema": "SubMember",
        "edge_score": 0.0
      },
      {
        "source_schema": "Biomarker",
        "relationEn": "INDICATES",
        "relationZh": "指示",
        "target_schema": "DepositionalEnvironment",
        "edge_score": 0.0
      },
      {
        "source_schema": "Biomarker",
        "relationEn": "INDICATES",
        "relationZh": "指示",
        "target_schema": "Hydrocarbon",
        "edge_score": 0.0
      },
      {
        "source_schema": "Biomarker",
        "relationEn": "INDICATES",
        "relationZh": "指示",
        "target_schema": "OrganicMatter",
        "edge_score": 0.0
      },
      {
        "source_schema": "Biomarker",
        "relationEn": "INDICATES",
        "relationZh": "指示",
        "target_schema": "SourceRock",
        "edge_score": 0.0
      },
      {
        "source_schema": "CarrierSystem",
        "relationEn": "CONTAINS",
        "relationZh": "包含",
        "target_schema": "MigrationPathway",
        "edge_score": 0.0
      },
      {
        "source_schema": "Core",
        "relationEn": "REVEALS",
        "relationZh": "揭示",
        "target_schema": "Fracture",
        "edge_score": 0.0
      },
      {
        "source_schema": "Core",
        "relationEn": "REVEALS",
        "relationZh": "揭示",
        "target_schema": "Lithology",
        "edge_score": 0.0
      },
      {
        "source_schema": "Core",
        "relationEn": "REVEALS",
        "relationZh": "揭示",
        "target_schema": "SedimentaryStructure",
        "edge_score": 0.0
      },
      {
        "source_schema": "Core",
        "relationEn": "SAMPLED_FROM",
        "relationZh": "取自",
        "target_schema": "ReservoirInterval",
        "edge_score": 0.0
      },
      {
        "source_schema": "Core",
        "relationEn": "SAMPLED_FROM",
        "relationZh": "取自",
        "target_schema": "Well",
        "edge_score": 0.0
      },
      {
        "source_schema": "DepositionalEnvironment",
        "relationEn": "CONTROLS",
        "relationZh": "控制",
        "target_schema": "Lithology",
        "edge_score": 0.0
      },
      {
        "source_schema": "DepositionalEnvironment",
        "relationEn": "CONTROLS",
        "relationZh": "控制",
        "target_schema": "SedimentaryFacies",
        "edge_score": 0.0
      },
      {
        "source_schema": "DepositionalSystem",
        "relationEn": "CONTAINS",
        "relationZh": "包含",
        "target_schema": "Microfacies",
        "edge_score": 0.0
      },
      {
        "source_schema": "DepositionalSystem",
        "relationEn": "CONTAINS",
        "relationZh": "包含",
        "target_schema": "SedimentaryFacies",
        "edge_score": 0.0
      },
      {
        "source_schema": "DepositionalSystem",
        "relationEn": "CONTAINS",
        "relationZh": "包含",
        "target_schema": "Subfacies",
        "edge_score": 0.0
      },
      {
        "source_schema": "Depression",
        "relationEn": "CONTAINS",
        "relationZh": "包含",
        "target_schema": "Sag",
        "edge_score": 0.0
      },
      {
        "source_schema": "Depression",
        "relationEn": "DEVELOPS",
        "relationZh": "发育",
        "target_schema": "SourceRock",
        "edge_score": 0.0
      },
      {
        "source_schema": "Depression",
        "relationEn": "PART_OF",
        "relationZh": "属于",
        "target_schema": "Basin",
        "edge_score": 0.0
      },
      {
        "source_schema": "Diagenesis",
        "relationEn": "AFFECTS",
        "relationZh": "影响",
        "target_schema": "Lithology",
        "edge_score": 0.0
      },
      {
        "source_schema": "Diagenesis",
        "relationEn": "AFFECTS",
        "relationZh": "影响",
        "target_schema": "Mineral",
        "edge_score": 0.0
      },
      {
        "source_schema": "Diagenesis",
        "relationEn": "AFFECTS",
        "relationZh": "影响",
        "target_schema": "RockTexture",
        "edge_score": 0.0
      },
      {
        "source_schema": "Diagenesis",
        "relationEn": "FORMS",
        "relationZh": "形成",
        "target_schema": "Cavity",
        "edge_score": 0.0
      },
      {
        "source_schema": "Diagenesis",
        "relationEn": "FORMS",
        "relationZh": "形成",
        "target_schema": "DiageneticFacies",
        "edge_score": 0.0
      },
      {
        "source_schema": "Diagenesis",
        "relationEn": "HAS_STAGE",
        "relationZh": "具有阶段",
        "target_schema": "DiageneticStage",
        "edge_score": 0.0
      },
      {
        "source_schema": "DiageneticFacies",
        "relationEn": "CONTROLLED_BY",
        "relationZh": "受……控制",
        "target_schema": "Diagenesis",
        "edge_score": 0.0
      },
      {
        "source_schema": "Experiment",
        "relationEn": "EVALUATES",
        "relationZh": "评价",
        "target_schema": "Hydrocarbon",
        "edge_score": 0.0
      },
      {
        "source_schema": "Experiment",
        "relationEn": "EVALUATES",
        "relationZh": "评价",
        "target_schema": "SourceRock",
        "edge_score": 0.0
      },
      {
        "source_schema": "Experiment",
        "relationEn": "USES",
        "relationZh": "使用",
        "target_schema": "Sample",
        "edge_score": 0.0
      },
      {
        "source_schema": "Experiment",
        "relationEn": "USES_METHOD",
        "relationZh": "使用方法",
        "target_schema": "AnalyticalMethod",
        "edge_score": 0.0
      },
      {
        "source_schema": "Fault",
        "relationEn": "CONTROLS",
        "relationZh": "控制",
        "target_schema": "Block",
        "edge_score": 0.0
      },
      {
        "source_schema": "Fault",
        "relationEn": "CONTROLS",
        "relationZh": "控制",
        "target_schema": "Fracture",
        "edge_score": 0.0
      },
      {
        "source_schema": "Fault",
        "relationEn": "CONTROLS",
        "relationZh": "控制",
        "target_schema": "MigrationPathway",
        "edge_score": 0.0
      },
      {
        "source_schema": "Fault",
        "relationEn": "CONTROLS",
        "relationZh": "控制",
        "target_schema": "StratigraphicBoundary",
        "edge_score": 0.0
      },
      {
        "source_schema": "Fault",
        "relationEn": "CONTROLS",
        "relationZh": "控制",
        "target_schema": "StructuralUnit",
        "edge_score": 0.0
      },
      {
        "source_schema": "Fault",
        "relationEn": "CONTROLS",
        "relationZh": "控制",
        "target_schema": "Trap",
        "edge_score": 0.0
      },
      {
        "source_schema": "Fault",
        "relationEn": "CUTS",
        "relationZh": "切割",
        "target_schema": "Formation",
        "edge_score": 0.0
      },
      {
        "source_schema": "Fault",
        "relationEn": "CUTS",
        "relationZh": "切割",
        "target_schema": "ReservoirInterval",
        "edge_score": 0.0
      },
      {
        "source_schema": "Fault",
        "relationEn": "CUTS",
        "relationZh": "切割",
        "target_schema": "StratigraphicMember",
        "edge_score": 0.0
      },
      {
        "source_schema": "Fault",
        "relationEn": "PART_OF",
        "relationZh": "属于",
        "target_schema": "FaultZone",
        "edge_score": 0.0
      },
      {
        "source_schema": "FaultZone",
        "relationEn": "CONTAINS",
        "relationZh": "包含",
        "target_schema": "Fault",
        "edge_score": 0.0
      },
      {
        "source_schema": "FaultZone",
        "relationEn": "CONTROLS",
        "relationZh": "控制",
        "target_schema": "CarrierSystem",
        "edge_score": 0.0
      },
      {
        "source_schema": "FaultZone",
        "relationEn": "CONTROLS",
        "relationZh": "控制",
        "target_schema": "StructuralBelt",
        "edge_score": 0.0
      },
      {
        "source_schema": "FaultZone",
        "relationEn": "CONTROLS",
        "relationZh": "控制",
        "target_schema": "StructuralUnit",
        "edge_score": 0.0
      },
      {
        "source_schema": "FaultZone",
        "relationEn": "CONTROLS",
        "relationZh": "控制",
        "target_schema": "Unconformity",
        "edge_score": 0.0
      },
      {
        "source_schema": "FluidContact",
        "relationEn": "BOUNDS",
        "relationZh": "限定边界",
        "target_schema": "OilGasReservoir",
        "edge_score": 0.0
      },
      {
        "source_schema": "FluidContact",
        "relationEn": "INDICATES",
        "relationZh": "指示",
        "target_schema": "Hydrocarbon",
        "edge_score": 0.0
      },
      {
        "source_schema": "Formation",
        "relationEn": "BELONGS_TO",
        "relationZh": "属于",
        "target_schema": "DepositionalSystem",
        "edge_score": 0.0
      },
      {
        "source_schema": "Formation",
        "relationEn": "CONTAINS",
        "relationZh": "包含",
        "target_schema": "ReservoirInterval",
        "edge_score": 0.0
      },
      {
        "source_schema": "Formation",
        "relationEn": "DEPOSITED_IN",
        "relationZh": "沉积于",
        "target_schema": "DepositionalEnvironment",
        "edge_score": 0.0
      },
      {
        "source_schema": "Formation",
        "relationEn": "HAS_FACIES",
        "relationZh": "具有沉积相",
        "target_schema": "SedimentaryFacies",
        "edge_score": 0.0
      },
      {
        "source_schema": "Formation",
        "relationEn": "HAS_LITHOLOGY",
        "relationZh": "具有岩性",
        "target_schema": "Lithology",
        "edge_score": 0.0
      },
      {
        "source_schema": "Formation",
        "relationEn": "HAS_MEMBER",
        "relationZh": "具有段",
        "target_schema": "StratigraphicMember",
        "edge_score": 0.0
      },
      {
        "source_schema": "GeologicAge",
        "relationEn": "DEFINES_AGE_OF",
        "relationZh": "限定时代",
        "target_schema": "Bed",
        "edge_score": 0.0
      },
      {
        "source_schema": "GeologicAge",
        "relationEn": "DEFINES_AGE_OF",
        "relationZh": "限定时代",
        "target_schema": "Formation",
        "edge_score": 0.0
      },
      {
        "source_schema": "GeologicAge",
        "relationEn": "DEFINES_AGE_OF",
        "relationZh": "限定时代",
        "target_schema": "SequenceStratigraphicUnit",
        "edge_score": 0.0
      },
      {
        "source_schema": "GeologicAge",
        "relationEn": "DEFINES_AGE_OF",
        "relationZh": "限定时代",
        "target_schema": "StratigraphicMember",
        "edge_score": 0.0
      },
      {
        "source_schema": "GeologicAge",
        "relationEn": "DEFINES_AGE_OF",
        "relationZh": "限定时代",
        "target_schema": "SubMember",
        "edge_score": 0.0
      },
      {
        "source_schema": "GeologicalMap",
        "relationEn": "SHOWS",
        "relationZh": "展示",
        "target_schema": "Basin",
        "edge_score": 0.0
      },
      {
        "source_schema": "GeologicalMap",
        "relationEn": "SHOWS",
        "relationZh": "展示",
        "target_schema": "Fault",
        "edge_score": 0.0
      },
      {
        "source_schema": "GeologicalMap",
        "relationEn": "SHOWS",
        "relationZh": "展示",
        "target_schema": "FaultZone",
        "edge_score": 0.0
      },
      {
        "source_schema": "GeologicalMap",
        "relationEn": "SHOWS",
        "relationZh": "展示",
        "target_schema": "Formation",
        "edge_score": 0.0
      },
      {
        "source_schema": "GeologicalMap",
        "relationEn": "SHOWS",
        "relationZh": "展示",
        "target_schema": "OilGasReservoir",
        "edge_score": 0.0
      },
      {
        "source_schema": "GeologicalMap",
        "relationEn": "SHOWS",
        "relationZh": "展示",
        "target_schema": "SedimentaryFacies",
        "edge_score": 0.0
      },
      {
        "source_schema": "GeologicalMap",
        "relationEn": "SHOWS",
        "relationZh": "展示",
        "target_schema": "StructuralUnit",
        "edge_score": 0.0
      },
      {
        "source_schema": "Hydrocarbon",
        "relationEn": "ACCUMULATES_IN",
        "relationZh": "聚集于",
        "target_schema": "OilGasReservoir",
        "edge_score": 0.0
      },
      {
        "source_schema": "Hydrocarbon",
        "relationEn": "ACCUMULATES_IN",
        "relationZh": "聚集于",
        "target_schema": "Trap",
        "edge_score": 0.0
      },
      {
        "source_schema": "Hydrocarbon",
        "relationEn": "CORRELATED_WITH",
        "relationZh": "油源对比于",
        "target_schema": "SourceRock",
        "edge_score": 0.0
      },
      {
        "source_schema": "Hydrocarbon",
        "relationEn": "HAS_BIOMARKER",
        "relationZh": "具有生物标志化合物",
        "target_schema": "Biomarker",
        "edge_score": 0.0
      },
      {
        "source_schema": "Hydrocarbon",
        "relationEn": "HAS_ISOTOPE",
        "relationZh": "具有同位素",
        "target_schema": "Isotope",
        "edge_score": 0.0
      },
      {
        "source_schema": "Isotope",
        "relationEn": "INDICATES",
        "relationZh": "指示",
        "target_schema": "DepositionalEnvironment",
        "edge_score": 0.0
      },
      {
        "source_schema": "Isotope",
        "relationEn": "INDICATES",
        "relationZh": "指示",
        "target_schema": "Hydrocarbon",
        "edge_score": 0.0
      },
      {
        "source_schema": "Isotope",
        "relationEn": "INDICATES",
        "relationZh": "指示",
        "target_schema": "SourceRock",
        "edge_score": 0.0
      },
      {
        "source_schema": "Lithology",
        "relationEn": "COMPOSED_OF",
        "relationZh": "由……组成",
        "target_schema": "Mineral",
        "edge_score": 0.0
      },
      {
        "source_schema": "Lithology",
        "relationEn": "HAS_STRUCTURE",
        "relationZh": "具有沉积构造",
        "target_schema": "SedimentaryStructure",
        "edge_score": 0.0
      },
      {
        "source_schema": "Lithology",
        "relationEn": "HAS_TEXTURE",
        "relationZh": "具有结构/组构",
        "target_schema": "RockTexture",
        "edge_score": 0.0
      },
      {
        "source_schema": "Lithology",
        "relationEn": "INDICATES",
        "relationZh": "指示",
        "target_schema": "DepositionalEnvironment",
        "edge_score": 0.0
      },
      {
        "source_schema": "Lithology",
        "relationEn": "INDICATES",
        "relationZh": "指示",
        "target_schema": "SedimentaryFacies",
        "edge_score": 0.0
      },
      {
        "source_schema": "Microfacies",
        "relationEn": "PART_OF",
        "relationZh": "属于",
        "target_schema": "Subfacies",
        "edge_score": 0.0
      },
      {
        "source_schema": "MigrationPathway",
        "relationEn": "CONNECTS",
        "relationZh": "连接",
        "target_schema": "SourceRock",
        "edge_score": 0.0
      },
      {
        "source_schema": "MigrationPathway",
        "relationEn": "CONNECTS",
        "relationZh": "连接",
        "target_schema": "Trap",
        "edge_score": 0.0
      },
      {
        "source_schema": "OilGasField",
        "relationEn": "CONTAINS",
        "relationZh": "包含",
        "target_schema": "OilGasReservoir",
        "edge_score": 0.0
      },
      {
        "source_schema": "OilGasField",
        "relationEn": "LOCATED_IN",
        "relationZh": "位于",
        "target_schema": "Basin",
        "edge_score": 0.0
      },
      {
        "source_schema": "OilGasField",
        "relationEn": "LOCATED_IN",
        "relationZh": "位于",
        "target_schema": "Block",
        "edge_score": 0.0
      },
      {
        "source_schema": "OilGasField",
        "relationEn": "LOCATED_IN",
        "relationZh": "位于",
        "target_schema": "StructuralUnit",
        "edge_score": 0.0
      },
      {
        "source_schema": "OilGasReservoir",
        "relationEn": "CONTAINS",
        "relationZh": "包含",
        "target_schema": "Hydrocarbon",
        "edge_score": 0.0
      },
      {
        "source_schema": "OilGasReservoir",
        "relationEn": "DEVELOPED_IN",
        "relationZh": "发育于",
        "target_schema": "ReservoirInterval",
        "edge_score": 0.0
      },
      {
        "source_schema": "OilGasReservoir",
        "relationEn": "DEVELOPED_IN",
        "relationZh": "发育于",
        "target_schema": "Trap",
        "edge_score": 0.0
      },
      {
        "source_schema": "OilGasReservoir",
        "relationEn": "HAS_FLUID_CONTACT",
        "relationZh": "具有流体界面",
        "target_schema": "FluidContact",
        "edge_score": 0.0
      },
      {
        "source_schema": "OilGasReservoir",
        "relationEn": "PART_OF",
        "relationZh": "属于",
        "target_schema": "OilGasField",
        "edge_score": 0.0
      },
      {
        "source_schema": "OrganicMatter",
        "relationEn": "GENERATES",
        "relationZh": "生成",
        "target_schema": "Hydrocarbon",
        "edge_score": 0.0
      },
      {
        "source_schema": "OrganicMatter",
        "relationEn": "HAS_TYPE",
        "relationZh": "具有类型",
        "target_schema": "KerogenType",
        "edge_score": 0.0
      },
      {
        "source_schema": "Outcrop",
        "relationEn": "EXPOSES",
        "relationZh": "出露",
        "target_schema": "Fault",
        "edge_score": 0.0
      },
      {
        "source_schema": "Outcrop",
        "relationEn": "EXPOSES",
        "relationZh": "出露",
        "target_schema": "Formation",
        "edge_score": 0.0
      },
      {
        "source_schema": "Outcrop",
        "relationEn": "EXPOSES",
        "relationZh": "出露",
        "target_schema": "Lithology",
        "edge_score": 0.0
      },
      {
        "source_schema": "Outcrop",
        "relationEn": "EXPOSES",
        "relationZh": "出露",
        "target_schema": "StratigraphicBoundary",
        "edge_score": 0.0
      },
      {
        "source_schema": "Outcrop",
        "relationEn": "EXPOSES",
        "relationZh": "出露",
        "target_schema": "StratigraphicMember",
        "edge_score": 0.0
      },
      {
        "source_schema": "PetroleumSystem",
        "relationEn": "DEVELOPED_IN",
        "relationZh": "发育于",
        "target_schema": "Basin",
        "edge_score": 0.0
      },
      {
        "source_schema": "PetroleumSystem",
        "relationEn": "DEVELOPED_IN",
        "relationZh": "发育于",
        "target_schema": "Block",
        "edge_score": 0.0
      },
      {
        "source_schema": "PetroleumSystem",
        "relationEn": "DEVELOPED_IN",
        "relationZh": "发育于",
        "target_schema": "StructuralUnit",
        "edge_score": 0.0
      },
      {
        "source_schema": "PetroleumSystem",
        "relationEn": "HAS_CARRIER_SYSTEM",
        "relationZh": "具有输导体系",
        "target_schema": "CarrierSystem",
        "edge_score": 0.0
      },
      {
        "source_schema": "PetroleumSystem",
        "relationEn": "HAS_MIGRATION_PATHWAY",
        "relationZh": "具有运移通道",
        "target_schema": "MigrationPathway",
        "edge_score": 0.0
      },
      {
        "source_schema": "PetroleumSystem",
        "relationEn": "HAS_PROCESS",
        "relationZh": "具有成藏过程",
        "target_schema": "AccumulationProcess",
        "edge_score": 0.0
      },
      {
        "source_schema": "PetroleumSystem",
        "relationEn": "HAS_SOURCE_ROCK",
        "relationZh": "具有烃源岩",
        "target_schema": "SourceRock",
        "edge_score": 0.0
      },
      {
        "source_schema": "PetroleumSystem",
        "relationEn": "HAS_TRAP",
        "relationZh": "具有圈闭",
        "target_schema": "Trap",
        "edge_score": 0.0
      },
      {
        "source_schema": "ProductionTest",
        "relationEn": "CONFIRMS",
        "relationZh": "证实",
        "target_schema": "Hydrocarbon",
        "edge_score": 0.0
      },
      {
        "source_schema": "ProductionTest",
        "relationEn": "TESTS",
        "relationZh": "测试",
        "target_schema": "OilGasReservoir",
        "edge_score": 0.0
      },
      {
        "source_schema": "ProductionTest",
        "relationEn": "TESTS",
        "relationZh": "测试",
        "target_schema": "ReservoirInterval",
        "edge_score": 0.0
      },
      {
        "source_schema": "ProductionTest",
        "relationEn": "TESTS",
        "relationZh": "测试",
        "target_schema": "Well",
        "edge_score": 0.0
      },
      {
        "source_schema": "ReservoirInterval",
        "relationEn": "BELONGS_TO",
        "relationZh": "属于",
        "target_schema": "DepositionalSystem",
        "edge_score": 0.0
      },
      {
        "source_schema": "ReservoirInterval",
        "relationEn": "CORRESPONDS_TO",
        "relationZh": "对应",
        "target_schema": "SourceRock",
        "edge_score": 0.0
      },
      {
        "source_schema": "ReservoirInterval",
        "relationEn": "DEPOSITED_IN",
        "relationZh": "沉积于",
        "target_schema": "DepositionalEnvironment",
        "edge_score": 0.0
      },
      {
        "source_schema": "ReservoirInterval",
        "relationEn": "HAS_FACIES",
        "relationZh": "具有沉积相",
        "target_schema": "SedimentaryFacies",
        "edge_score": 0.0
      },
      {
        "source_schema": "ReservoirInterval",
        "relationEn": "HAS_LITHOLOGY",
        "relationZh": "具有岩性",
        "target_schema": "Lithology",
        "edge_score": 0.0
      },
      {
        "source_schema": "ReservoirInterval",
        "relationEn": "PART_OF",
        "relationZh": "属于",
        "target_schema": "Bed",
        "edge_score": 0.0
      },
      {
        "source_schema": "ReservoirInterval",
        "relationEn": "PART_OF",
        "relationZh": "属于",
        "target_schema": "Formation",
        "edge_score": 0.0
      },
      {
        "source_schema": "ReservoirInterval",
        "relationEn": "PART_OF",
        "relationZh": "属于",
        "target_schema": "StratigraphicMember",
        "edge_score": 0.0
      },
      {
        "source_schema": "ReservoirInterval",
        "relationEn": "PART_OF",
        "relationZh": "属于",
        "target_schema": "SubMember",
        "edge_score": 0.0
      },
      {
        "source_schema": "Sag",
        "relationEn": "DEVELOPS",
        "relationZh": "发育",
        "target_schema": "SourceRock",
        "edge_score": 0.0
      },
      {
        "source_schema": "Sag",
        "relationEn": "PART_OF",
        "relationZh": "属于",
        "target_schema": "Depression",
        "edge_score": 0.0
      },
      {
        "source_schema": "Sample",
        "relationEn": "COLLECTED_FROM",
        "relationZh": "采自",
        "target_schema": "Core",
        "edge_score": 0.0
      },
      {
        "source_schema": "Sample",
        "relationEn": "COLLECTED_FROM",
        "relationZh": "采自",
        "target_schema": "Formation",
        "edge_score": 0.0
      },
      {
        "source_schema": "Sample",
        "relationEn": "COLLECTED_FROM",
        "relationZh": "采自",
        "target_schema": "Hydrocarbon",
        "edge_score": 0.0
      },
      {
        "source_schema": "Sample",
        "relationEn": "COLLECTED_FROM",
        "relationZh": "采自",
        "target_schema": "Lithology",
        "edge_score": 0.0
      },
      {
        "source_schema": "Sample",
        "relationEn": "COLLECTED_FROM",
        "relationZh": "采自",
        "target_schema": "Outcrop",
        "edge_score": 0.0
      },
      {
        "source_schema": "Sample",
        "relationEn": "COLLECTED_FROM",
        "relationZh": "采自",
        "target_schema": "ReservoirInterval",
        "edge_score": 0.0
      },
      {
        "source_schema": "Sample",
        "relationEn": "COLLECTED_FROM",
        "relationZh": "采自",
        "target_schema": "StratigraphicMember",
        "edge_score": 0.0
      },
      {
        "source_schema": "Sample",
        "relationEn": "COLLECTED_FROM",
        "relationZh": "采自",
        "target_schema": "Well",
        "edge_score": 0.0
      },
      {
        "source_schema": "SedimentaryFacies",
        "relationEn": "CONTAINS",
        "relationZh": "包含",
        "target_schema": "Subfacies",
        "edge_score": 0.0
      },
      {
        "source_schema": "SedimentaryFacies",
        "relationEn": "PART_OF",
        "relationZh": "属于",
        "target_schema": "DepositionalSystem",
        "edge_score": 0.0
      },
      {
        "source_schema": "SedimentaryStructure",
        "relationEn": "INDICATES",
        "relationZh": "指示",
        "target_schema": "DepositionalEnvironment",
        "edge_score": 0.0
      },
      {
        "source_schema": "SeismicProfile",
        "relationEn": "INTERPRETS",
        "relationZh": "解释",
        "target_schema": "Fault",
        "edge_score": 0.0
      },
      {
        "source_schema": "SeismicProfile",
        "relationEn": "INTERPRETS",
        "relationZh": "解释",
        "target_schema": "FaultZone",
        "edge_score": 0.0
      },
      {
        "source_schema": "SeismicProfile",
        "relationEn": "INTERPRETS",
        "relationZh": "解释",
        "target_schema": "StratigraphicBoundary",
        "edge_score": 0.0
      },
      {
        "source_schema": "SeismicProfile",
        "relationEn": "INTERPRETS",
        "relationZh": "解释",
        "target_schema": "StructuralUnit",
        "edge_score": 0.0
      },
      {
        "source_schema": "SeismicProfile",
        "relationEn": "INTERPRETS",
        "relationZh": "解释",
        "target_schema": "Trap",
        "edge_score": 0.0
      },
      {
        "source_schema": "SeismicProfile",
        "relationEn": "INTERPRETS",
        "relationZh": "解释",
        "target_schema": "Unconformity",
        "edge_score": 0.0
      },
      {
        "source_schema": "SequenceBoundary",
        "relationEn": "IS_TYPE_OF",
        "relationZh": "属于类型",
        "target_schema": "StratigraphicBoundary",
        "edge_score": 0.0
      },
      {
        "source_schema": "SequenceStratigraphicUnit",
        "relationEn": "BOUNDED_BY",
        "relationZh": "受界面限定",
        "target_schema": "SequenceBoundary",
        "edge_score": 0.0
      },
      {
        "source_schema": "SequenceStratigraphicUnit",
        "relationEn": "CONTAINS",
        "relationZh": "包含",
        "target_schema": "SystemTract",
        "edge_score": 0.0
      },
      {
        "source_schema": "SequenceStratigraphicUnit",
        "relationEn": "CONTROLS",
        "relationZh": "控制",
        "target_schema": "DepositionalSystem",
        "edge_score": 0.0
      },
      {
        "source_schema": "Slope",
        "relationEn": "ADJACENT_TO",
        "relationZh": "邻接",
        "target_schema": "Depression",
        "edge_score": 0.0
      },
      {
        "source_schema": "Slope",
        "relationEn": "ADJACENT_TO",
        "relationZh": "邻接",
        "target_schema": "Uplift",
        "edge_score": 0.0
      },
      {
        "source_schema": "Slope",
        "relationEn": "TRANSITION_BETWEEN",
        "relationZh": "过渡于",
        "target_schema": "Depression",
        "edge_score": 0.0
      },
      {
        "source_schema": "Slope",
        "relationEn": "TRANSITION_BETWEEN",
        "relationZh": "过渡于",
        "target_schema": "Uplift",
        "edge_score": 0.0
      },
      {
        "source_schema": "SourceRock",
        "relationEn": "CONTAINS",
        "relationZh": "包含",
        "target_schema": "OrganicMatter",
        "edge_score": 0.0
      },
      {
        "source_schema": "SourceRock",
        "relationEn": "DEVELOPED_IN",
        "relationZh": "发育于",
        "target_schema": "Depression",
        "edge_score": 0.0
      },
      {
        "source_schema": "SourceRock",
        "relationEn": "DEVELOPED_IN",
        "relationZh": "发育于",
        "target_schema": "Formation",
        "edge_score": 0.0
      },
      {
        "source_schema": "SourceRock",
        "relationEn": "DEVELOPED_IN",
        "relationZh": "发育于",
        "target_schema": "Sag",
        "edge_score": 0.0
      },
      {
        "source_schema": "SourceRock",
        "relationEn": "DEVELOPED_IN",
        "relationZh": "发育于",
        "target_schema": "StratigraphicMember",
        "edge_score": 0.0
      },
      {
        "source_schema": "SourceRock",
        "relationEn": "EXPELS",
        "relationZh": "排出",
        "target_schema": "Hydrocarbon",
        "edge_score": 0.0
      },
      {
        "source_schema": "SourceRock",
        "relationEn": "GENERATES",
        "relationZh": "生成",
        "target_schema": "Hydrocarbon",
        "edge_score": 0.0
      },
      {
        "source_schema": "SourceRock",
        "relationEn": "HAS_BIOMARKER",
        "relationZh": "具有生物标志化合物",
        "target_schema": "Biomarker",
        "edge_score": 0.0
      },
      {
        "source_schema": "SourceRock",
        "relationEn": "HAS_ISOTOPE",
        "relationZh": "具有同位素",
        "target_schema": "Isotope",
        "edge_score": 0.0
      },
      {
        "source_schema": "SourceRock",
        "relationEn": "HAS_LITHOLOGY",
        "relationZh": "具有岩性",
        "target_schema": "Lithology",
        "edge_score": 0.0
      },
      {
        "source_schema": "StratigraphicBoundary",
        "relationEn": "BOUNDS",
        "relationZh": "限定边界",
        "target_schema": "Bed",
        "edge_score": 0.0
      },
      {
        "source_schema": "StratigraphicBoundary",
        "relationEn": "BOUNDS",
        "relationZh": "限定边界",
        "target_schema": "Formation",
        "edge_score": 0.0
      },
      {
        "source_schema": "StratigraphicBoundary",
        "relationEn": "BOUNDS",
        "relationZh": "限定边界",
        "target_schema": "StratigraphicMember",
        "edge_score": 0.0
      },
      {
        "source_schema": "StratigraphicBoundary",
        "relationEn": "BOUNDS",
        "relationZh": "限定边界",
        "target_schema": "SubMember",
        "edge_score": 0.0
      },
      {
        "source_schema": "StratigraphicMember",
        "relationEn": "BELONGS_TO",
        "relationZh": "属于",
        "target_schema": "DepositionalSystem",
        "edge_score": 0.0
      },
      {
        "source_schema": "StratigraphicMember",
        "relationEn": "CONTAINS",
        "relationZh": "包含",
        "target_schema": "ReservoirInterval",
        "edge_score": 0.0
      },
      {
        "source_schema": "StratigraphicMember",
        "relationEn": "DEPOSITED_IN",
        "relationZh": "沉积于",
        "target_schema": "DepositionalEnvironment",
        "edge_score": 0.0
      },
      {
        "source_schema": "StratigraphicMember",
        "relationEn": "HAS_FACIES",
        "relationZh": "具有沉积相",
        "target_schema": "SedimentaryFacies",
        "edge_score": 0.0
      },
      {
        "source_schema": "StratigraphicMember",
        "relationEn": "HAS_LITHOLOGY",
        "relationZh": "具有岩性",
        "target_schema": "Lithology",
        "edge_score": 0.0
      },
      {
        "source_schema": "StratigraphicMember",
        "relationEn": "HAS_SUBMEMBER",
        "relationZh": "具有亚段/小层",
        "target_schema": "SubMember",
        "edge_score": 0.0
      },
      {
        "source_schema": "StratigraphicMember",
        "relationEn": "PART_OF",
        "relationZh": "属于",
        "target_schema": "Formation",
        "edge_score": 0.0
      },
      {
        "source_schema": "StructuralBelt",
        "relationEn": "CONTAINS",
        "relationZh": "包含",
        "target_schema": "Fault",
        "edge_score": 0.0
      },
      {
        "source_schema": "StructuralBelt",
        "relationEn": "CONTAINS",
        "relationZh": "包含",
        "target_schema": "FaultZone",
        "edge_score": 0.0
      },
      {
        "source_schema": "StructuralUnit",
        "relationEn": "CONTAINS",
        "relationZh": "包含",
        "target_schema": "Block",
        "edge_score": 0.0
      },
      {
        "source_schema": "StructuralUnit",
        "relationEn": "CONTAINS",
        "relationZh": "包含",
        "target_schema": "Depression",
        "edge_score": 0.0
      },
      {
        "source_schema": "StructuralUnit",
        "relationEn": "CONTAINS",
        "relationZh": "包含",
        "target_schema": "FaultZone",
        "edge_score": 0.0
      },
      {
        "source_schema": "StructuralUnit",
        "relationEn": "CONTAINS",
        "relationZh": "包含",
        "target_schema": "Sag",
        "edge_score": 0.0
      },
      {
        "source_schema": "StructuralUnit",
        "relationEn": "CONTAINS",
        "relationZh": "包含",
        "target_schema": "Slope",
        "edge_score": 0.0
      },
      {
        "source_schema": "StructuralUnit",
        "relationEn": "CONTAINS",
        "relationZh": "包含",
        "target_schema": "StructuralBelt",
        "edge_score": 0.0
      },
      {
        "source_schema": "StructuralUnit",
        "relationEn": "CONTAINS",
        "relationZh": "包含",
        "target_schema": "Uplift",
        "edge_score": 0.0
      },
      {
        "source_schema": "StructuralUnit",
        "relationEn": "DEVELOPS",
        "relationZh": "发育",
        "target_schema": "Formation",
        "edge_score": 0.0
      },
      {
        "source_schema": "StructuralUnit",
        "relationEn": "DEVELOPS",
        "relationZh": "发育",
        "target_schema": "ReservoirInterval",
        "edge_score": 0.0
      },
      {
        "source_schema": "StructuralUnit",
        "relationEn": "DEVELOPS",
        "relationZh": "发育",
        "target_schema": "StratigraphicMember",
        "edge_score": 0.0
      },
      {
        "source_schema": "StructuralUnit",
        "relationEn": "PART_OF",
        "relationZh": "属于",
        "target_schema": "Basin",
        "edge_score": 0.0
      },
      {
        "source_schema": "StudyArea",
        "relationEn": "COVERS",
        "relationZh": "覆盖",
        "target_schema": "Basin",
        "edge_score": 0.0
      },
      {
        "source_schema": "StudyArea",
        "relationEn": "COVERS",
        "relationZh": "覆盖",
        "target_schema": "Block",
        "edge_score": 0.0
      },
      {
        "source_schema": "StudyArea",
        "relationEn": "COVERS",
        "relationZh": "覆盖",
        "target_schema": "Depression",
        "edge_score": 0.0
      },
      {
        "source_schema": "StudyArea",
        "relationEn": "COVERS",
        "relationZh": "覆盖",
        "target_schema": "Sag",
        "edge_score": 0.0
      },
      {
        "source_schema": "StudyArea",
        "relationEn": "COVERS",
        "relationZh": "覆盖",
        "target_schema": "Slope",
        "edge_score": 0.0
      },
      {
        "source_schema": "StudyArea",
        "relationEn": "COVERS",
        "relationZh": "覆盖",
        "target_schema": "StructuralBelt",
        "edge_score": 0.0
      },
      {
        "source_schema": "StudyArea",
        "relationEn": "COVERS",
        "relationZh": "覆盖",
        "target_schema": "StructuralUnit",
        "edge_score": 0.0
      },
      {
        "source_schema": "StudyArea",
        "relationEn": "COVERS",
        "relationZh": "覆盖",
        "target_schema": "Uplift",
        "edge_score": 0.0
      },
      {
        "source_schema": "SubMember",
        "relationEn": "CONTAINS",
        "relationZh": "包含",
        "target_schema": "ReservoirInterval",
        "edge_score": 0.0
      },
      {
        "source_schema": "SubMember",
        "relationEn": "HAS_BED",
        "relationZh": "具有层",
        "target_schema": "Bed",
        "edge_score": 0.0
      },
      {
        "source_schema": "SubMember",
        "relationEn": "HAS_LITHOLOGY",
        "relationZh": "具有岩性",
        "target_schema": "Lithology",
        "edge_score": 0.0
      },
      {
        "source_schema": "SubMember",
        "relationEn": "PART_OF",
        "relationZh": "属于",
        "target_schema": "StratigraphicMember",
        "edge_score": 0.0
      },
      {
        "source_schema": "Subfacies",
        "relationEn": "CONTAINS",
        "relationZh": "包含",
        "target_schema": "Microfacies",
        "edge_score": 0.0
      },
      {
        "source_schema": "Subfacies",
        "relationEn": "PART_OF",
        "relationZh": "属于",
        "target_schema": "SedimentaryFacies",
        "edge_score": 0.0
      },
      {
        "source_schema": "SystemTract",
        "relationEn": "CONTROLS",
        "relationZh": "控制",
        "target_schema": "SedimentaryFacies",
        "edge_score": 0.0
      },
      {
        "source_schema": "SystemTract",
        "relationEn": "PART_OF",
        "relationZh": "属于",
        "target_schema": "SequenceStratigraphicUnit",
        "edge_score": 0.0
      },
      {
        "source_schema": "ThinSection",
        "relationEn": "OBSERVES",
        "relationZh": "观察",
        "target_schema": "Diagenesis",
        "edge_score": 0.0
      },
      {
        "source_schema": "ThinSection",
        "relationEn": "OBSERVES",
        "relationZh": "观察",
        "target_schema": "DiageneticFacies",
        "edge_score": 0.0
      },
      {
        "source_schema": "ThinSection",
        "relationEn": "OBSERVES",
        "relationZh": "观察",
        "target_schema": "Mineral",
        "edge_score": 0.0
      },
      {
        "source_schema": "ThinSection",
        "relationEn": "OBSERVES",
        "relationZh": "观察",
        "target_schema": "RockTexture",
        "edge_score": 0.0
      },
      {
        "source_schema": "ThinSection",
        "relationEn": "PREPARED_FROM",
        "relationZh": "制备自",
        "target_schema": "Core",
        "edge_score": 0.0
      },
      {
        "source_schema": "Trap",
        "relationEn": "DEVELOPED_IN",
        "relationZh": "发育于",
        "target_schema": "Slope",
        "edge_score": 0.0
      },
      {
        "source_schema": "Trap",
        "relationEn": "DEVELOPED_IN",
        "relationZh": "发育于",
        "target_schema": "StructuralBelt",
        "edge_score": 0.0
      },
      {
        "source_schema": "Trap",
        "relationEn": "DEVELOPED_IN",
        "relationZh": "发育于",
        "target_schema": "Uplift",
        "edge_score": 0.0
      },
      {
        "source_schema": "Trap",
        "relationEn": "RELATED_TO",
        "relationZh": "相关于",
        "target_schema": "Lithology",
        "edge_score": 0.0
      },
      {
        "source_schema": "Trap",
        "relationEn": "RELATED_TO",
        "relationZh": "相关于",
        "target_schema": "StratigraphicBoundary",
        "edge_score": 0.0
      },
      {
        "source_schema": "Trap",
        "relationEn": "RELATED_TO",
        "relationZh": "相关于",
        "target_schema": "Unconformity",
        "edge_score": 0.0
      },
      {
        "source_schema": "Trap",
        "relationEn": "TRAPS",
        "relationZh": "圈闭",
        "target_schema": "Hydrocarbon",
        "edge_score": 0.0
      },
      {
        "source_schema": "Unconformity",
        "relationEn": "ACTS_AS",
        "relationZh": "作为",
        "target_schema": "MigrationPathway",
        "edge_score": 0.0
      },
      {
        "source_schema": "Unconformity",
        "relationEn": "CONTROLS",
        "relationZh": "控制",
        "target_schema": "Trap",
        "edge_score": 0.0
      },
      {
        "source_schema": "Unconformity",
        "relationEn": "IS_TYPE_OF",
        "relationZh": "属于类型",
        "target_schema": "StratigraphicBoundary",
        "edge_score": 0.0
      },
      {
        "source_schema": "Uplift",
        "relationEn": "ADJACENT_TO",
        "relationZh": "邻接",
        "target_schema": "Slope",
        "edge_score": 0.0
      },
      {
        "source_schema": "Uplift",
        "relationEn": "EXPOSES_OR_ERODES",
        "relationZh": "出露或剥蚀",
        "target_schema": "Formation",
        "edge_score": 0.0
      },
      {
        "source_schema": "Well",
        "relationEn": "ENCOUNTERS",
        "relationZh": "钻遇",
        "target_schema": "FluidContact",
        "edge_score": 0.0
      },
      {
        "source_schema": "Well",
        "relationEn": "ENCOUNTERS",
        "relationZh": "钻遇",
        "target_schema": "Formation",
        "edge_score": 0.0
      },
      {
        "source_schema": "Well",
        "relationEn": "ENCOUNTERS",
        "relationZh": "钻遇",
        "target_schema": "ReservoirInterval",
        "edge_score": 0.0
      },
      {
        "source_schema": "Well",
        "relationEn": "ENCOUNTERS",
        "relationZh": "钻遇",
        "target_schema": "StratigraphicMember",
        "edge_score": 0.0
      },
      {
        "source_schema": "Well",
        "relationEn": "HAS_CORE",
        "relationZh": "具有岩心",
        "target_schema": "Core",
        "edge_score": 0.0
      },
      {
        "source_schema": "Well",
        "relationEn": "HAS_WELL_LOG",
        "relationZh": "具有测井资料",
        "target_schema": "WellLog",
        "edge_score": 0.0
      },
      {
        "source_schema": "Well",
        "relationEn": "LOCATED_IN",
        "relationZh": "位于",
        "target_schema": "Basin",
        "edge_score": 0.0
      },
      {
        "source_schema": "Well",
        "relationEn": "LOCATED_IN",
        "relationZh": "位于",
        "target_schema": "Block",
        "edge_score": 0.0
      },
      {
        "source_schema": "Well",
        "relationEn": "LOCATED_IN",
        "relationZh": "位于",
        "target_schema": "StructuralUnit",
        "edge_score": 0.0
      },
      {
        "source_schema": "Well",
        "relationEn": "LOCATED_IN",
        "relationZh": "位于",
        "target_schema": "StudyArea",
        "edge_score": 0.0
      },
      {
        "source_schema": "WellLog",
        "relationEn": "INTERPRETS",
        "relationZh": "解释",
        "target_schema": "FluidContact",
        "edge_score": 0.0
      },
      {
        "source_schema": "WellLog",
        "relationEn": "INTERPRETS",
        "relationZh": "解释",
        "target_schema": "Lithology",
        "edge_score": 0.0
      },
      {
        "source_schema": "WellLog",
        "relationEn": "INTERPRETS",
        "relationZh": "解释",
        "target_schema": "ReservoirInterval",
        "edge_score": 0.0
      },
      {
        "source_schema": "WellLog",
        "relationEn": "INTERPRETS",
        "relationZh": "解释",
        "target_schema": "StratigraphicBoundary",
        "edge_score": 0.0
      }
    ],
    "core_categories": [
      "地理与构造单元",
      "岩石、矿物与沉积体系",
      "勘探开发与资料类型"
    ],
    "query_terms": [
      "华北克拉通",
      "大陆",
      "事件",
      "火山岩",
      "双峰式火成岩",
      "鄂尔多斯盆地",
      "哥伦比亚",
      "地球化学",
      "岩浆活动",
      "构造演化",
      "构造环境",
      "基性岩",
      "地块",
      "地质",
      "墙群",
      "岩浆",
      "性质",
      "机制",
      "环境",
      "花岗",
      "裂谷",
      "陆块",
      "U-Pb",
      "裂谷盆地",
      "动力学",
      "岩石学",
      "火成岩",
      "闪长岩",
      "争议",
      "产物",
      "吉带",
      "地幔",
      "基底",
      "太平",
      "安沟",
      "恒山",
      "成因",
      "斑岩",
      "时代",
      "洋盆",
      "盆地",
      "研究区",
      "断裂带",
      "地质时代",
      "岩性",
      "矿物",
      "露头",
      "样品",
      "实验",
      "分析方法"
    ],
    "selection_confidence": 0.786495453675588,
    "fallback_used": false
  },
  "chunk_schemas": {
    "0:text:0": {
      "selector_version": "core_tree_prior_v2",
      "concepts": [
        {
          "schema": "Basin",
          "zhName": "盆地",
          "category": "地理与构造单元",
          "description": "具有相对独立沉积、构造演化和油气成藏背景的大型地质空间单元，是石油地质研究中的核心区域实体。",
          "examples": [
            "鄂尔多斯盆地",
            "四川盆地",
            "塔里木盆地"
          ],
          "vector_score": 0.7986245155334473,
          "lexical_score": 1.0,
          "context_score": 1.0,
          "schema_key_score": 1.0,
          "document_score": 0.9093810319900513,
          "final_score": 0.9093810319900513,
          "selection_reasons": [
            "文档级向量召回",
            "文档关键词、示例词或名称命中",
            "文档 schemaKeys 命中",
            "文档精确命中",
            "Top3 核心概念树全量保留",
            "Chunk 正文关键词、示例词或名称命中",
            "章节摘要或前后文命中",
            "章节 schemaKeys 命中",
            "章节 schemaKeys 精确命中",
            "Chunk 精确命中"
          ]
        },
        {
          "schema": "StructuralUnit",
          "zhName": "构造单元",
          "category": "地理与构造单元",
          "description": "盆地内部按照构造形态、构造位置或构造演化特征划分出的次级地质单元。",
          "examples": [
            "伊陕斜坡",
            "天环坳陷",
            "中央隆起带"
          ],
          "vector_score": 0.7772254943847656,
          "lexical_score": 1.0,
          "context_score": 1.0,
          "schema_key_score": 1.0,
          "document_score": 0.8746893405914307,
          "final_score": 0.8746893405914307,
          "selection_reasons": [
            "文档级向量召回",
            "文档关键词、示例词或名称命中",
            "文档精确命中",
            "Top3 核心概念树全量保留",
            "Chunk 正文关键词、示例词或名称命中",
            "章节摘要或前后文命中",
            "章节 schemaKeys 命中",
            "章节 schemaKeys 精确命中",
            "Chunk 精确命中"
          ]
        },
        {
          "schema": "StudyArea",
          "zhName": "研究区",
          "category": "地理与构造单元",
          "description": "论文、报告或项目中限定的具体研究范围，可以是盆地、凹陷、区块、剖面或井区。",
          "examples": [
            "鄂尔多斯盆地东南部研究区",
            "川东北研究区",
            "塔里木盆地塔中地区"
          ],
          "vector_score": 0.7840704917907715,
          "lexical_score": 1.0,
          "context_score": 0.6,
          "schema_key_score": 1.0,
          "document_score": 0.8028317213058471,
          "final_score": 0.8028317213058471,
          "selection_reasons": [
            "文档级向量召回",
            "文档关键词、示例词或名称命中",
            "文档 schemaKeys 命中",
            "文档精确命中",
            "Top3 核心概念树全量保留",
            "Chunk 正文关键词、示例词或名称命中",
            "章节摘要或前后文命中",
            "章节 schemaKeys 命中",
            "章节 schemaKeys 精确命中",
            "Chunk 精确命中"
          ]
        },
        {
          "schema": "FaultZone",
          "zhName": "断裂带",
          "category": "地理与构造单元",
          "description": "由多条断层及其相关破碎带、裂缝带共同组成的带状构造区域，常作为油气运移通道或封堵边界。",
          "examples": [
            "郯庐断裂带",
            "贺兰－六盘山断裂带",
            "边界断裂带"
          ],
          "vector_score": 0.7611169815063477,
          "lexical_score": 1.0,
          "context_score": 0.0,
          "schema_key_score": 1.0,
          "document_score": 0.7925026416778564,
          "final_score": 0.7925026416778564,
          "selection_reasons": [
            "文档级向量召回",
            "文档关键词、示例词或名称命中",
            "文档 schemaKeys 命中",
            "文档精确命中",
            "Top3 核心概念树全量保留"
          ]
        },
        {
          "schema": "Lithology",
          "zhName": "岩性",
          "category": "岩石、矿物与沉积体系",
          "description": "岩石类型及其基本物质组成特征，是描述地层、储层和沉积环境的重要实体。",
          "examples": [
            "砂岩",
            "泥岩",
            "灰岩",
            "白云岩"
          ],
          "vector_score": 0.7563867568969727,
          "lexical_score": 1.0,
          "context_score": 0.0,
          "schema_key_score": 1.0,
          "document_score": 0.7903740406036377,
          "final_score": 0.7903740406036377,
          "selection_reasons": [
            "文档级向量召回",
            "文档关键词、示例词或名称命中",
            "文档 schemaKeys 命中",
            "文档精确命中",
            "Top3 核心概念树全量保留",
            "章节 schemaKeys 命中",
            "章节 schemaKeys 精确命中",
            "Chunk 精确命中"
          ]
        },
        {
          "schema": "Outcrop",
          "zhName": "露头",
          "category": "勘探开发与资料类型",
          "description": "地表出露的岩层或地质体，可用于观察沉积构造、地层接触关系和构造变形。",
          "examples": [
            "野外露头",
            "剖面露头",
            "河谷露头"
          ],
          "vector_score": 0.7558097839355469,
          "lexical_score": 1.0,
          "context_score": 0.55,
          "schema_key_score": 1.0,
          "document_score": 0.7901144027709961,
          "final_score": 0.7901144027709961,
          "selection_reasons": [
            "文档级向量召回",
            "文档关键词、示例词或名称命中",
            "文档 schemaKeys 命中",
            "文档精确命中",
            "Top3 核心概念树全量保留",
            "Chunk 正文关键词、示例词或名称命中",
            "章节摘要或前后文命中"
          ]
        },
        {
          "schema": "Uplift",
          "zhName": "隆起",
          "category": "地理与构造单元",
          "description": "相对于周边地区构造位置较高的正向构造单元，常控制地层剥蚀、圈闭形成和油气运移方向。",
          "examples": [
            "伊盟隆起",
            "渤中隆起",
            "塔中隆起"
          ],
          "vector_score": 0.7936005592346191,
          "lexical_score": 1.0,
          "context_score": 0.0,
          "schema_key_score": 1.0,
          "document_score": 0.7589003145694735,
          "final_score": 0.7589003145694735,
          "selection_reasons": [
            "文档级向量召回",
            "文档关键词、示例词或名称命中",
            "文档精确命中",
            "Top3 核心概念树全量保留",
            "章节 schemaKeys 命中",
            "章节 schemaKeys 精确命中",
            "Chunk 精确命中"
          ]
        },
        {
          "schema": "Fault",
          "zhName": "断层",
          "category": "地理与构造单元",
          "description": "岩层或地质体沿破裂面发生明显位移形成的构造实体，可影响地层展布、油气运移和圈闭形成。",
          "examples": [
            "F1断层",
            "郯庐断裂",
            "正断层"
          ],
          "vector_score": 0.7801976203918457,
          "lexical_score": 0.9,
          "context_score": 0.55,
          "schema_key_score": 0.0,
          "document_score": 0.7201111614704133,
          "final_score": 0.7201111614704133,
          "selection_reasons": [
            "文档级向量召回",
            "文档关键词、示例词或名称命中",
            "Top3 核心概念树全量保留",
            "Chunk 正文关键词、示例词或名称命中",
            "章节摘要或前后文命中"
          ]
        },
        {
          "schema": "SedimentaryFacies",
          "zhName": "沉积相",
          "category": "岩石、矿物与沉积体系",
          "description": "在一定沉积环境下形成的岩性、结构、构造和古生物特征组合。",
          "examples": [
            "三角洲相",
            "湖泊相",
            "河流相",
            "碳酸盐台地相"
          ],
          "vector_score": 0.7601838111877441,
          "lexical_score": 0.75,
          "context_score": 0.0,
          "schema_key_score": 0.0,
          "document_score": 0.6619783937931062,
          "final_score": 0.6619783937931062,
          "selection_reasons": [
            "文档级向量召回",
            "文档关键词、示例词或名称命中",
            "Top3 核心概念树全量保留"
          ]
        },
        {
          "schema": "SedimentaryStructure",
          "zhName": "沉积构造",
          "category": "岩石、矿物与沉积体系",
          "description": "沉积过程中形成的层理、波痕、冲刷面等构造现象，可用于判断沉积环境和水动力条件。",
          "examples": [
            "交错层理",
            "水平层理",
            "波痕",
            "冲刷面"
          ],
          "vector_score": 0.7687501907348633,
          "lexical_score": 0.65,
          "context_score": 0.6,
          "schema_key_score": 0.0,
          "document_score": 0.6355469822883607,
          "final_score": 0.6355469822883607,
          "selection_reasons": [
            "文档级向量召回",
            "文档关键词、示例词或名称命中",
            "Top3 核心概念树全量保留",
            "章节摘要或前后文命中"
          ]
        },
        {
          "schema": "DepositionalEnvironment",
          "zhName": "沉积环境",
          "category": "岩石、矿物与沉积体系",
          "description": "沉积物形成时的自然环境条件，包括水体类型、能量条件、气候背景和构造背景等。",
          "examples": [
            "浅湖环境",
            "半深湖环境",
            "滨浅海环境",
            "三角洲前缘环境"
          ],
          "vector_score": 0.7597503662109375,
          "lexical_score": 0.65,
          "context_score": 0.0,
          "schema_key_score": 0.0,
          "document_score": 0.6304845809936525,
          "final_score": 0.6304845809936525,
          "selection_reasons": [
            "文档级向量召回",
            "文档关键词、示例词或名称命中",
            "Top3 核心概念树全量保留"
          ]
        },
        {
          "schema": "Core",
          "zhName": "岩心",
          "category": "勘探开发与资料类型",
          "description": "从井下取出的柱状岩石样品，可直接观察岩性、沉积构造、裂缝和储层特征。",
          "examples": [
            "取心段岩心",
            "砂岩岩心",
            "泥页岩岩心"
          ],
          "vector_score": 0.7542581558227539,
          "lexical_score": 0.65,
          "context_score": 0.0,
          "schema_key_score": 0.0,
          "document_score": 0.6273952126502991,
          "final_score": 0.6273952126502991,
          "selection_reasons": [
            "文档级向量召回",
            "文档关键词、示例词或名称命中",
            "Top3 核心概念树全量保留"
          ]
        },
        {
          "schema": "DiageneticStage",
          "zhName": "成岩阶段",
          "category": "岩石、矿物与沉积体系",
          "description": "根据埋藏深度、温度、成岩矿物和孔隙演化特征划分的成岩演化时期。",
          "examples": [
            "早成岩A期",
            "早成岩B期",
            "中成岩A期"
          ],
          "vector_score": 0.7819786071777344,
          "lexical_score": 0.6,
          "context_score": 0.6,
          "schema_key_score": 0.0,
          "document_score": 0.6273629665374756,
          "final_score": 0.6273629665374756,
          "selection_reasons": [
            "文档级向量召回",
            "文档关键词、示例词或名称命中",
            "Top3 核心概念树全量保留",
            "Chunk 正文关键词、示例词或名称命中",
            "章节摘要或前后文命中"
          ]
        },
        {
          "schema": "ThinSection",
          "zhName": "薄片",
          "category": "勘探开发与资料类型",
          "description": "将岩石样品磨制成薄片后在显微镜下观察，用于研究矿物组成、孔隙类型和成岩特征。",
          "examples": [
            "铸体薄片",
            "普通薄片",
            "阴极发光薄片"
          ],
          "vector_score": 0.7518796920776367,
          "lexical_score": 0.65,
          "context_score": 0.0,
          "schema_key_score": 0.0,
          "document_score": 0.6260573267936708,
          "final_score": 0.6260573267936708,
          "selection_reasons": [
            "文档级向量召回",
            "文档关键词、示例词或名称命中",
            "Top3 核心概念树全量保留"
          ]
        },
        {
          "schema": "DiageneticFacies",
          "zhName": "成岩相",
          "category": "岩石、矿物与沉积体系",
          "description": "由特定成岩作用、成岩矿物组合和孔隙演化特征共同表征的成岩类型单元。",
          "examples": [
            "溶蚀相",
            "碳酸盐胶结相",
            "压实致密相"
          ],
          "vector_score": 0.7630419731140137,
          "lexical_score": 0.6,
          "context_score": 0.6,
          "schema_key_score": 0.0,
          "document_score": 0.6167111098766328,
          "final_score": 0.6167111098766328,
          "selection_reasons": [
            "文档级向量召回",
            "文档关键词、示例词或名称命中",
            "Top3 核心概念树全量保留",
            "章节摘要或前后文命中"
          ]
        },
        {
          "schema": "Diagenesis",
          "zhName": "成岩作用",
          "category": "岩石、矿物与沉积体系",
          "description": "沉积物埋藏后到变质作用前经历的物理、化学和生物改造过程。",
          "examples": [
            "压实作用",
            "胶结作用",
            "溶蚀作用",
            "交代作用"
          ],
          "vector_score": 0.7531757354736328,
          "lexical_score": 0.6,
          "context_score": 0.6,
          "schema_key_score": 0.0,
          "document_score": 0.6111613512039186,
          "final_score": 0.6111613512039186,
          "selection_reasons": [
            "文档级向量召回",
            "文档关键词、示例词或名称命中",
            "Top3 核心概念树全量保留",
            "Chunk 正文关键词、示例词或名称命中",
            "章节摘要或前后文命中"
          ]
        },
        {
          "schema": "Slope",
          "zhName": "斜坡",
          "category": "地理与构造单元",
          "description": "位于隆起与坳陷之间的倾斜过渡带，常是砂体展布、油气运移和岩性圈闭发育的重要区域。",
          "examples": [
            "伊陕斜坡",
            "北部斜坡带",
            "南部斜坡区"
          ],
          "vector_score": 0.7675256729125977,
          "lexical_score": 0.55,
          "context_score": 0.0,
          "schema_key_score": 0.0,
          "document_score": 0.6036081910133362,
          "final_score": 0.6036081910133362,
          "selection_reasons": [
            "文档级向量召回",
            "文档关键词、示例词或名称命中",
            "Top3 核心概念树全量保留"
          ]
        },
        {
          "schema": "RockTexture",
          "zhName": "岩石结构/组构",
          "category": "岩石、矿物与沉积体系",
          "description": "岩石中颗粒、晶体或组分的大小、形态、排列和接触关系等结构特征。",
          "examples": [
            "粒状结构",
            "泥晶结构",
            "交代结构",
            "碎屑结构"
          ],
          "vector_score": 0.7610387802124023,
          "lexical_score": 0.55,
          "context_score": 0.0,
          "schema_key_score": 0.0,
          "document_score": 0.5999593138694764,
          "final_score": 0.5999593138694764,
          "selection_reasons": [
            "文档级向量召回",
            "文档关键词、示例词或名称命中",
            "Top3 核心概念树全量保留"
          ]
        },
        {
          "schema": "WellLog",
          "zhName": "测井资料",
          "category": "勘探开发与资料类型",
          "description": "通过测井方法获得的井筒地球物理响应数据，用于解释岩性、物性、含油气性和地层界面。",
          "examples": [
            "自然伽马曲线",
            "电阻率测井",
            "声波时差测井",
            "密度测井"
          ],
          "vector_score": 0.7606601715087891,
          "lexical_score": 0.55,
          "context_score": 0.0,
          "schema_key_score": 0.0,
          "document_score": 0.599746346473694,
          "final_score": 0.599746346473694,
          "selection_reasons": [
            "文档级向量召回",
            "文档关键词、示例词或名称命中",
            "Top3 核心概念树全量保留"
          ]
        },
        {
          "schema": "DepositionalSystem",
          "zhName": "沉积体系",
          "category": "岩石、矿物与沉积体系",
          "description": "由若干相关沉积相、亚相和微相组成的沉积组合系统，反映区域沉积过程和沉积格局。",
          "examples": [
            "三角洲沉积体系",
            "扇三角洲沉积体系",
            "浊积扇沉积体系"
          ],
          "vector_score": 0.7532033920288086,
          "lexical_score": 0.55,
          "context_score": 0.0,
          "schema_key_score": 0.0,
          "document_score": 0.595551908016205,
          "final_score": 0.595551908016205,
          "selection_reasons": [
            "文档级向量召回",
            "文档关键词、示例词或名称命中",
            "Top3 核心概念树全量保留",
            "Chunk 正文关键词、示例词或名称命中"
          ]
        },
        {
          "schema": "Mineral",
          "zhName": "矿物",
          "category": "岩石、矿物与沉积体系",
          "description": "组成岩石的基本矿物成分，可影响储层物性、成岩作用和脆性特征。",
          "examples": [
            "石英",
            "长石",
            "方解石",
            "黏土矿物"
          ],
          "vector_score": 0.0,
          "lexical_score": 1.0,
          "context_score": 0.0,
          "schema_key_score": 1.0,
          "document_score": 0.45,
          "final_score": 0.45,
          "selection_reasons": [
            "文档关键词、示例词或名称命中",
            "文档 schemaKeys 命中",
            "文档精确命中",
            "Top3 核心概念树全量保留"
          ]
        },
        {
          "schema": "Depression",
          "zhName": "凹陷/坳陷",
          "category": "地理与构造单元",
          "description": "相对于周缘构造位置较低、沉积厚度较大、常为烃源岩发育有利区的负向构造单元。",
          "examples": [
            "济阳坳陷",
            "黄骅坳陷",
            "天环坳陷"
          ],
          "vector_score": 0.7757740020751953,
          "lexical_score": 0.0,
          "context_score": 0.0,
          "schema_key_score": 0.0,
          "document_score": 0.4363728761672974,
          "final_score": 0.4363728761672974,
          "selection_reasons": [
            "文档级向量召回",
            "Top3 核心概念树全量保留"
          ]
        },
        {
          "schema": "Block",
          "zhName": "区块",
          "category": "地理与构造单元",
          "description": "油气勘探开发中按照地理位置、构造位置或开发管理需要划分的研究或开发单元。",
          "examples": [
            "苏里格区块",
            "塔中区块",
            "长庆油田某开发区块"
          ],
          "vector_score": 0.7710280418395996,
          "lexical_score": 0.0,
          "context_score": 0.0,
          "schema_key_score": 0.0,
          "document_score": 0.4337032735347748,
          "final_score": 0.4337032735347748,
          "selection_reasons": [
            "文档级向量召回",
            "Top3 核心概念树全量保留"
          ]
        },
        {
          "schema": "StructuralBelt",
          "zhName": "构造带",
          "category": "地理与构造单元",
          "description": "由一组具有相似构造变形特征的构造要素组成的带状区域，如逆冲带、褶皱带、断裂构造带等。",
          "examples": [
            "西缘逆冲带",
            "贺兰－六盘山构造带",
            "断裂构造带"
          ],
          "vector_score": 0.7666335105895996,
          "lexical_score": 0.0,
          "context_score": 0.0,
          "schema_key_score": 0.0,
          "document_score": 0.43123134970664984,
          "final_score": 0.43123134970664984,
          "selection_reasons": [
            "文档级向量召回",
            "Top3 核心概念树全量保留"
          ]
        },
        {
          "schema": "SeismicProfile",
          "zhName": "地震剖面",
          "category": "勘探开发与资料类型",
          "description": "通过地震勘探获得的地下反射结构剖面，用于识别断层、构造、地层界面和沉积体。",
          "examples": [
            "过井地震剖面",
            "二维地震剖面",
            "三维地震剖面"
          ],
          "vector_score": 0.7612285614013672,
          "lexical_score": 0.0,
          "context_score": 0.0,
          "schema_key_score": 0.0,
          "document_score": 0.4281910657882691,
          "final_score": 0.4281910657882691,
          "selection_reasons": [
            "文档级向量召回",
            "Top3 核心概念树全量保留"
          ]
        },
        {
          "schema": "Sag",
          "zhName": "洼陷",
          "category": "地理与构造单元",
          "description": "通常指坳陷内部更局部、更低洼的沉积中心或构造低部位，是细粒沉积和烃源岩发育的重要区域。",
          "examples": [
            "渤南洼陷",
            "苏桥洼陷",
            "辽中洼陷"
          ],
          "vector_score": 0.7609586715698242,
          "lexical_score": 0.0,
          "context_score": 0.0,
          "schema_key_score": 0.0,
          "document_score": 0.4280392527580262,
          "final_score": 0.4280392527580262,
          "selection_reasons": [
            "文档级向量召回",
            "Top3 核心概念树全量保留"
          ]
        },
        {
          "schema": "GeologicalMap",
          "zhName": "地质图",
          "category": "勘探开发与资料类型",
          "description": "表达地层、构造、岩性、沉积相或油气分布等空间信息的图件资料。",
          "examples": [
            "构造图",
            "沉积相图",
            "地层厚度图",
            "油藏分布图"
          ],
          "vector_score": 0.0,
          "lexical_score": 0.65,
          "context_score": 0.55,
          "schema_key_score": 0.0,
          "document_score": 0.20312500000000003,
          "final_score": 0.20312500000000003,
          "selection_reasons": [
            "文档关键词、示例词或名称命中",
            "Top3 核心概念树全量保留",
            "Chunk 正文关键词、示例词或名称命中",
            "章节摘要或前后文命中"
          ]
        },
        {
          "schema": "Subfacies",
          "zhName": "亚相",
          "category": "岩石、矿物与沉积体系",
          "description": "沉积相内部的次一级划分，用于更精细描述沉积环境和砂体分布。",
          "examples": [
            "三角洲前缘亚相",
            "滨浅湖亚相",
            "半深湖亚相"
          ],
          "vector_score": 0.0,
          "lexical_score": 0.65,
          "context_score": 0.0,
          "schema_key_score": 0.0,
          "document_score": 0.20312500000000003,
          "final_score": 0.20312500000000003,
          "selection_reasons": [
            "文档关键词、示例词或名称命中",
            "Top3 核心概念树全量保留"
          ]
        },
        {
          "schema": "Microfacies",
          "zhName": "微相",
          "category": "岩石、矿物与沉积体系",
          "description": "亚相内部更精细的沉积单元，常用于储层非均质性分析和砂体精细刻画。",
          "examples": [
            "水下分流河道微相",
            "河口坝微相",
            "席状砂微相"
          ],
          "vector_score": 0.0,
          "lexical_score": 0.55,
          "context_score": 0.0,
          "schema_key_score": 0.0,
          "document_score": 0.17187500000000003,
          "final_score": 0.17187500000000003,
          "selection_reasons": [
            "文档关键词、示例词或名称命中",
            "Top3 核心概念树全量保留"
          ]
        },
        {
          "schema": "ProductionTest",
          "zhName": "测试/试采",
          "category": "勘探开发与资料类型",
          "description": "通过试油、试气、试采或产能测试获取储层流体性质、产量和开发潜力的资料类型。",
          "examples": [
            "试油",
            "试气",
            "产能测试",
            "试采资料"
          ],
          "vector_score": 0.0,
          "lexical_score": 0.55,
          "context_score": 0.55,
          "schema_key_score": 0.0,
          "document_score": 0.17187500000000003,
          "final_score": 0.17187500000000003,
          "selection_reasons": [
            "文档关键词、示例词或名称命中",
            "Top3 核心概念树全量保留",
            "Chunk 正文关键词、示例词或名称命中",
            "章节摘要或前后文命中"
          ]
        },
        {
          "schema": "Well",
          "zhName": "井",
          "category": "勘探开发与资料类型",
          "description": "用于钻探、取心、测井、试油气或开发生产的钻井实体。",
          "examples": [
            "苏6井",
            "鄂123井",
            "塔中1井"
          ],
          "vector_score": 0.0,
          "lexical_score": 0.0,
          "context_score": 0.0,
          "schema_key_score": 0.0,
          "document_score": 0.0,
          "final_score": 0.0,
          "selection_reasons": [
            "Top3 核心概念树全量保留"
          ]
        },
        {
          "schema": "Unconformity",
          "zhName": "不整合面",
          "category": "地层与地质时代",
          "description": "上下两套地层之间存在沉积间断、剥蚀或构造变形差异的地层接触界面。",
          "examples": [
            "加里东不整合面",
            "印支期不整合面",
            "区域不整合面"
          ],
          "vector_score": 0.7679324150085449,
          "lexical_score": 0.65,
          "context_score": 0.65,
          "schema_key_score": 0.0,
          "document_score": 0.6686882078647614,
          "final_score": 0.7050994705408811,
          "selection_reasons": [
            "Chunk 向量召回",
            "Chunk 正文关键词、示例词或名称命中",
            "章节摘要或前后文命中",
            "Document Schema Prior"
          ]
        },
        {
          "schema": "Bed",
          "zhName": "层/单层",
          "category": "地层与地质时代",
          "description": "最基本的层状地质单元，通常对应一个单独的岩层、砂层、泥岩层或煤层。",
          "examples": [
            "单砂层",
            "泥岩层",
            "7号煤层"
          ],
          "vector_score": 0.0,
          "lexical_score": 0.65,
          "context_score": 0.65,
          "schema_key_score": 0.0,
          "document_score": 0.0,
          "final_score": 0.65,
          "selection_reasons": [
            "受控一跳概念扩展"
          ]
        },
        {
          "schema": "Isotope",
          "zhName": "同位素",
          "category": "地球化学与有机质实体",
          "description": "用于地球化学示踪、成因判别、古环境恢复和流体来源分析的同位素指标。",
          "examples": [
            "δ13C",
            "δ18O",
            "87Sr/86Sr",
            "碳同位素"
          ],
          "vector_score": 0.0,
          "lexical_score": 0.65,
          "context_score": 0.65,
          "schema_key_score": 0.0,
          "document_score": 0.0,
          "final_score": 0.65,
          "selection_reasons": [
            "受控一跳概念扩展"
          ]
        },
        {
          "schema": "OrganicMatter",
          "zhName": "有机质",
          "category": "地球化学与有机质实体",
          "description": "沉积岩中来源于生物残体并可转化为油气的有机组分，是评价烃源岩的重要对象。",
          "examples": [
            "腐泥型有机质",
            "腐殖型有机质",
            "藻类有机质"
          ],
          "vector_score": 0.0,
          "lexical_score": 0.65,
          "context_score": 0.65,
          "schema_key_score": 0.0,
          "document_score": 0.0,
          "final_score": 0.65,
          "selection_reasons": [
            "受控一跳概念扩展"
          ]
        },
        {
          "schema": "ReservoirInterval",
          "zhName": "目的层/储层段",
          "category": "地层与地质时代",
          "description": "勘探开发或储层评价中重点研究的含油气层段或目标储层层位。",
          "examples": [
            "长7储层段",
            "马五目的层",
            "盒8储层段"
          ],
          "vector_score": 0.0,
          "lexical_score": 0.65,
          "context_score": 0.65,
          "schema_key_score": 0.0,
          "document_score": 0.0,
          "final_score": 0.65,
          "selection_reasons": [
            "受控一跳概念扩展"
          ]
        },
        {
          "schema": "SequenceStratigraphicUnit",
          "zhName": "层序单元",
          "category": "地层与地质时代",
          "description": "层序地层学中依据基准面变化、沉积旋回和界面特征划分出的地层单元。",
          "examples": [
            "三级层序",
            "SQ1",
            "SQ2"
          ],
          "vector_score": 0.0,
          "lexical_score": 0.65,
          "context_score": 0.65,
          "schema_key_score": 0.0,
          "document_score": 0.0,
          "final_score": 0.65,
          "selection_reasons": [
            "受控一跳概念扩展"
          ]
        },
        {
          "schema": "SubMember",
          "zhName": "亚段/小层",
          "category": "地层与地质时代",
          "description": "段以下更精细的地层划分单元，常用于储层精细对比和小层划分。",
          "examples": [
            "长7三亚段",
            "马五5小层",
            "长6一小层"
          ],
          "vector_score": 0.0,
          "lexical_score": 0.65,
          "context_score": 0.65,
          "schema_key_score": 0.0,
          "document_score": 0.0,
          "final_score": 0.65,
          "selection_reasons": [
            "受控一跳概念扩展"
          ]
        },
        {
          "schema": "AccumulationProcess",
          "zhName": "成藏过程",
          "category": "油气成藏要素",
          "description": "油气从生成、排出、运移、聚集到保存的动态地质过程。",
          "examples": [
            "生烃",
            "排烃",
            "油气运移",
            "油气聚集"
          ],
          "vector_score": 0.0,
          "lexical_score": 0.6,
          "context_score": 0.6,
          "schema_key_score": 0.0,
          "document_score": 0.0,
          "final_score": 0.6,
          "selection_reasons": [
            "受控一跳概念扩展"
          ]
        },
        {
          "schema": "Biomarker",
          "zhName": "生物标志化合物",
          "category": "地球化学与有机质实体",
          "description": "能够反映有机质来源、沉积环境、成熟度和油源对比信息的特征有机化合物。",
          "examples": [
            "甾烷",
            "萜烷",
            "藿烷",
            "伽马蜡烷"
          ],
          "vector_score": 0.0,
          "lexical_score": 0.55,
          "context_score": 0.55,
          "schema_key_score": 0.0,
          "document_score": 0.0,
          "final_score": 0.55,
          "selection_reasons": [
            "受控一跳概念扩展"
          ]
        },
        {
          "schema": "KerogenType",
          "zhName": "干酪根类型",
          "category": "地球化学与有机质实体",
          "description": "根据有机质来源、显微组分和生烃潜力划分的干酪根类别。",
          "examples": [
            "I型干酪根",
            "II1型干酪根",
            "III型干酪根"
          ],
          "vector_score": 0.0,
          "lexical_score": 0.55,
          "context_score": 0.55,
          "schema_key_score": 0.0,
          "document_score": 0.0,
          "final_score": 0.55,
          "selection_reasons": [
            "受控一跳概念扩展"
          ]
        },
        {
          "schema": "Trap",
          "zhName": "圈闭",
          "category": "油气成藏要素",
          "description": "能够阻止油气继续运移并使油气聚集保存的地质空间结构。",
          "examples": [
            "构造圈闭",
            "岩性圈闭",
            "地层圈闭",
            "复合圈闭"
          ],
          "vector_score": 0.0,
          "lexical_score": 0.55,
          "context_score": 0.55,
          "schema_key_score": 0.0,
          "document_score": 0.0,
          "final_score": 0.55,
          "selection_reasons": [
            "受控一跳概念扩展"
          ]
        },
        {
          "schema": "GeologicAge",
          "zhName": "地质时代",
          "category": "地层与地质时代",
          "description": "表示地层形成或地质事件发生的时间单位，可包括宙、代、纪、世、期等不同层级。",
          "examples": [
            "三叠纪",
            "侏罗纪",
            "寒武纪"
          ],
          "vector_score": 0.0,
          "lexical_score": 0.75,
          "context_score": 0.75,
          "schema_key_score": 1.0,
          "document_score": 0.45,
          "final_score": 0.49250000000000005,
          "selection_reasons": [
            "Chunk 正文关键词、示例词或名称命中",
            "章节摘要或前后文命中",
            "Document Schema Prior",
            "章节 schemaKeys 命中",
            "Chunk 精确命中"
          ]
        },
        {
          "schema": "Formation",
          "zhName": "组",
          "category": "地层与地质时代",
          "description": "岩石地层单位中的基本单位，通常具有相对稳定的岩性组合和区域可识别性。",
          "examples": [
            "延长组",
            "马家沟组",
            "龙马溪组"
          ],
          "vector_score": 0.0,
          "lexical_score": 1.0,
          "context_score": 1.0,
          "schema_key_score": 0.0,
          "document_score": 0.3125,
          "final_score": 0.43359375000000006,
          "selection_reasons": [
            "Chunk 正文关键词、示例词或名称命中",
            "章节摘要或前后文命中",
            "Document Schema Prior",
            "Chunk 精确命中"
          ]
        },
        {
          "schema": "StratigraphicMember",
          "zhName": "段",
          "category": "地层与地质时代",
          "description": "组以下的次一级地层单位，常用于进一步划分储层、烃源岩或沉积旋回。",
          "examples": [
            "长7段",
            "长8段",
            "马五段"
          ],
          "vector_score": 0.0,
          "lexical_score": 1.0,
          "context_score": 1.0,
          "schema_key_score": 0.0,
          "document_score": 0.3125,
          "final_score": 0.43359375000000006,
          "selection_reasons": [
            "Chunk 正文关键词、示例词或名称命中",
            "章节摘要或前后文命中",
            "Document Schema Prior",
            "Chunk 精确命中"
          ]
        },
        {
          "schema": "AnalyticalMethod",
          "zhName": "分析方法",
          "category": "实验样品与测试",
          "description": "用于样品测试、数据分析和地质解释的具体技术方法或实验手段。",
          "examples": [
            "TOC分析",
            "Rock-Eval热解",
            "XRD分析",
            "气相色谱分析"
          ],
          "vector_score": 0.0,
          "lexical_score": 0.55,
          "context_score": 0.55,
          "schema_key_score": 1.0,
          "document_score": 0.45,
          "final_score": 0.43250000000000005,
          "selection_reasons": [
            "Chunk 正文关键词、示例词或名称命中",
            "章节摘要或前后文命中",
            "Document Schema Prior",
            "章节 schemaKeys 命中",
            "Chunk 精确命中"
          ]
        },
        {
          "schema": "Experiment",
          "zhName": "实验",
          "category": "实验样品与测试",
          "description": "针对样品开展的测试或分析过程，用于获取物性、地球化学、矿物学或储层结构参数。",
          "examples": [
            "压汞实验",
            "热解实验",
            "X射线衍射实验",
            "扫描电镜实验"
          ],
          "vector_score": 0.0,
          "lexical_score": 0.55,
          "context_score": 0.55,
          "schema_key_score": 1.0,
          "document_score": 0.45,
          "final_score": 0.43250000000000005,
          "selection_reasons": [
            "Chunk 正文关键词、示例词或名称命中",
            "章节摘要或前后文命中",
            "Document Schema Prior",
            "章节 schemaKeys 命中",
            "Chunk 精确命中"
          ]
        },
        {
          "schema": "Fracture",
          "zhName": "裂缝",
          "category": "储层结构与评价实体",
          "description": "岩石中因构造应力、成岩收缩或溶蚀作用形成的破裂面，可改善储层渗流能力。",
          "examples": [
            "构造裂缝",
            "成岩裂缝",
            "高角度裂缝"
          ],
          "vector_score": 0.763789176940918,
          "lexical_score": 0.0,
          "context_score": 0.0,
          "schema_key_score": 0.0,
          "document_score": 0.42872884869575506,
          "final_score": 0.4145444240421056,
          "selection_reasons": [
            "Chunk 向量召回",
            "Document Schema Prior"
          ]
        },
        {
          "schema": "StratigraphicBoundary",
          "zhName": "地层界面",
          "category": "地层与地质时代",
          "description": "不同地层单元之间的分界面，可反映沉积间断、岩性变化或地质时代转换。",
          "examples": [
            "奥陶系顶界面",
            "延长组底界面",
            "组段分界面"
          ],
          "vector_score": 0.0,
          "lexical_score": 0.65,
          "context_score": 0.65,
          "schema_key_score": 0.0,
          "document_score": 0.6977082192897797,
          "final_score": 0.37457029111683365,
          "selection_reasons": [
            "Chunk 正文关键词、示例词或名称命中",
            "章节摘要或前后文命中",
            "Document Schema Prior"
          ]
        },
        {
          "schema": "SequenceBoundary",
          "zhName": "层序界面",
          "category": "地层与地质时代",
          "description": "层序单元之间的边界，通常与相对湖平面或海平面变化、沉积间断或侵蚀面有关。",
          "examples": [
            "SB1",
            "SB2",
            "三级层序界面"
          ],
          "vector_score": 0.0,
          "lexical_score": 0.65,
          "context_score": 0.65,
          "schema_key_score": 0.0,
          "document_score": 0.6593240797519684,
          "final_score": 0.36737326495349404,
          "selection_reasons": [
            "Chunk 正文关键词、示例词或名称命中",
            "章节摘要或前后文命中",
            "Document Schema Prior"
          ]
        },
        {
          "schema": "PetroleumSystem",
          "zhName": "含油气系统/成藏系统",
          "category": "油气成藏要素",
          "description": "由烃源岩、储层、盖层、圈闭、运移和保存条件等共同构成的油气生成、运移与聚集系统。",
          "examples": [
            "鄂尔多斯盆地延长组成藏系统",
            "四川盆地下古生界含气系统"
          ],
          "vector_score": 0.0,
          "lexical_score": 0.65,
          "context_score": 0.55,
          "schema_key_score": 0.0,
          "document_score": 0.6318340003490449,
          "final_score": 0.3497188750654459,
          "selection_reasons": [
            "Chunk 正文关键词、示例词或名称命中",
            "章节摘要或前后文命中",
            "Document Schema Prior"
          ]
        },
        {
          "schema": "CarrierSystem",
          "zhName": "输导体系",
          "category": "油气成藏要素",
          "description": "由断层、裂缝、砂体、不整合面等共同组成的油气输导网络。",
          "examples": [
            "断砂组合输导体系",
            "裂缝输导体系",
            "不整合面输导体系"
          ],
          "vector_score": 0.0,
          "lexical_score": 0.0,
          "context_score": 0.0,
          "schema_key_score": 0.0,
          "document_score": 0.0,
          "final_score": 0.2,
          "selection_reasons": [
            "受控一跳概念扩展"
          ]
        },
        {
          "schema": "Cavity",
          "zhName": "溶蚀孔洞/洞穴",
          "category": "储层结构与评价实体",
          "description": "碳酸盐岩或其他可溶岩石中因溶蚀作用形成的较大孔洞空间，是重要的储集空间类型。",
          "examples": [
            "溶洞",
            "溶蚀孔",
            "洞穴型储集空间"
          ],
          "vector_score": 0.0,
          "lexical_score": 0.0,
          "context_score": 0.0,
          "schema_key_score": 0.0,
          "document_score": 0.0,
          "final_score": 0.2,
          "selection_reasons": [
            "受控一跳概念扩展"
          ]
        },
        {
          "schema": "Hydrocarbon",
          "zhName": "烃类/油气",
          "category": "油气藏与流体",
          "description": "由碳氢化合物组成的油气物质，包括原油、天然气、凝析油等。",
          "examples": [
            "原油",
            "天然气",
            "凝析油",
            "页岩气"
          ],
          "vector_score": 0.0,
          "lexical_score": 0.0,
          "context_score": 0.0,
          "schema_key_score": 0.0,
          "document_score": 0.0,
          "final_score": 0.2,
          "selection_reasons": [
            "受控一跳概念扩展"
          ]
        },
        {
          "schema": "MigrationPathway",
          "zhName": "运移通道",
          "category": "油气成藏要素",
          "description": "油气从烃源岩向储层或圈闭运移过程中经过的通道或介质。",
          "examples": [
            "断层运移通道",
            "砂体输导层",
            "裂缝通道"
          ],
          "vector_score": 0.0,
          "lexical_score": 0.0,
          "context_score": 0.0,
          "schema_key_score": 0.0,
          "document_score": 0.0,
          "final_score": 0.2,
          "selection_reasons": [
            "受控一跳概念扩展"
          ]
        },
        {
          "schema": "PoreStructure",
          "zhName": "孔隙结构",
          "category": "储层结构与评价实体",
          "description": "储层中孔隙、喉道及其连通关系的几何结构特征，直接影响储集能力和渗流能力。",
          "examples": [
            "粒间孔",
            "溶蚀孔",
            "微孔",
            "孔喉网络"
          ],
          "vector_score": 0.0,
          "lexical_score": 0.0,
          "context_score": 0.0,
          "schema_key_score": 0.0,
          "document_score": 0.0,
          "final_score": 0.2,
          "selection_reasons": [
            "受控一跳概念扩展"
          ]
        }
      ],
      "relations": [
        {
          "source_schema": "AccumulationProcess",
          "relationEn": "INVOLVES",
          "relationZh": "涉及",
          "target_schema": "MigrationPathway",
          "edge_score": 0.0
        },
        {
          "source_schema": "AccumulationProcess",
          "relationEn": "INVOLVES",
          "relationZh": "涉及",
          "target_schema": "Trap",
          "edge_score": 0.0
        },
        {
          "source_schema": "AccumulationProcess",
          "relationEn": "OCCURS_IN",
          "relationZh": "发生于",
          "target_schema": "PetroleumSystem",
          "edge_score": 0.0
        },
        {
          "source_schema": "AnalyticalMethod",
          "relationEn": "ANALYZES",
          "relationZh": "分析",
          "target_schema": "Biomarker",
          "edge_score": 0.0
        },
        {
          "source_schema": "AnalyticalMethod",
          "relationEn": "ANALYZES",
          "relationZh": "分析",
          "target_schema": "Cavity",
          "edge_score": 0.0
        },
        {
          "source_schema": "AnalyticalMethod",
          "relationEn": "ANALYZES",
          "relationZh": "分析",
          "target_schema": "Fracture",
          "edge_score": 0.0
        },
        {
          "source_schema": "AnalyticalMethod",
          "relationEn": "ANALYZES",
          "relationZh": "分析",
          "target_schema": "Isotope",
          "edge_score": 0.0
        },
        {
          "source_schema": "AnalyticalMethod",
          "relationEn": "ANALYZES",
          "relationZh": "分析",
          "target_schema": "KerogenType",
          "edge_score": 0.0
        },
        {
          "source_schema": "AnalyticalMethod",
          "relationEn": "ANALYZES",
          "relationZh": "分析",
          "target_schema": "Lithology",
          "edge_score": 0.0
        },
        {
          "source_schema": "AnalyticalMethod",
          "relationEn": "ANALYZES",
          "relationZh": "分析",
          "target_schema": "Mineral",
          "edge_score": 0.0
        },
        {
          "source_schema": "AnalyticalMethod",
          "relationEn": "ANALYZES",
          "relationZh": "分析",
          "target_schema": "OrganicMatter",
          "edge_score": 0.0
        },
        {
          "source_schema": "AnalyticalMethod",
          "relationEn": "ANALYZES",
          "relationZh": "分析",
          "target_schema": "PoreStructure",
          "edge_score": 0.0
        },
        {
          "source_schema": "Basin",
          "relationEn": "CONTAINS",
          "relationZh": "包含",
          "target_schema": "Block",
          "edge_score": 0.0
        },
        {
          "source_schema": "Basin",
          "relationEn": "CONTAINS",
          "relationZh": "包含",
          "target_schema": "Depression",
          "edge_score": 0.0
        },
        {
          "source_schema": "Basin",
          "relationEn": "CONTAINS",
          "relationZh": "包含",
          "target_schema": "FaultZone",
          "edge_score": 0.0
        },
        {
          "source_schema": "Basin",
          "relationEn": "CONTAINS",
          "relationZh": "包含",
          "target_schema": "Sag",
          "edge_score": 0.0
        },
        {
          "source_schema": "Basin",
          "relationEn": "CONTAINS",
          "relationZh": "包含",
          "target_schema": "Slope",
          "edge_score": 0.0
        },
        {
          "source_schema": "Basin",
          "relationEn": "CONTAINS",
          "relationZh": "包含",
          "target_schema": "StructuralBelt",
          "edge_score": 0.0
        },
        {
          "source_schema": "Basin",
          "relationEn": "CONTAINS",
          "relationZh": "包含",
          "target_schema": "StructuralUnit",
          "edge_score": 0.0
        },
        {
          "source_schema": "Basin",
          "relationEn": "CONTAINS",
          "relationZh": "包含",
          "target_schema": "StudyArea",
          "edge_score": 0.0
        },
        {
          "source_schema": "Basin",
          "relationEn": "CONTAINS",
          "relationZh": "包含",
          "target_schema": "Uplift",
          "edge_score": 0.0
        },
        {
          "source_schema": "Basin",
          "relationEn": "DEVELOPS",
          "relationZh": "发育",
          "target_schema": "Formation",
          "edge_score": 0.0
        },
        {
          "source_schema": "Basin",
          "relationEn": "DEVELOPS",
          "relationZh": "发育",
          "target_schema": "ReservoirInterval",
          "edge_score": 0.0
        },
        {
          "source_schema": "Basin",
          "relationEn": "DEVELOPS",
          "relationZh": "发育",
          "target_schema": "StratigraphicMember",
          "edge_score": 0.0
        },
        {
          "source_schema": "Bed",
          "relationEn": "CONTAINS",
          "relationZh": "包含",
          "target_schema": "ReservoirInterval",
          "edge_score": 0.0
        },
        {
          "source_schema": "Bed",
          "relationEn": "HAS_LITHOLOGY",
          "relationZh": "具有岩性",
          "target_schema": "Lithology",
          "edge_score": 0.0
        },
        {
          "source_schema": "Bed",
          "relationEn": "PART_OF",
          "relationZh": "属于",
          "target_schema": "SubMember",
          "edge_score": 0.0
        },
        {
          "source_schema": "Biomarker",
          "relationEn": "INDICATES",
          "relationZh": "指示",
          "target_schema": "DepositionalEnvironment",
          "edge_score": 0.0
        },
        {
          "source_schema": "Biomarker",
          "relationEn": "INDICATES",
          "relationZh": "指示",
          "target_schema": "Hydrocarbon",
          "edge_score": 0.0
        },
        {
          "source_schema": "Biomarker",
          "relationEn": "INDICATES",
          "relationZh": "指示",
          "target_schema": "OrganicMatter",
          "edge_score": 0.0
        },
        {
          "source_schema": "CarrierSystem",
          "relationEn": "CONTAINS",
          "relationZh": "包含",
          "target_schema": "MigrationPathway",
          "edge_score": 0.0
        },
        {
          "source_schema": "Core",
          "relationEn": "REVEALS",
          "relationZh": "揭示",
          "target_schema": "Fracture",
          "edge_score": 0.0
        },
        {
          "source_schema": "Core",
          "relationEn": "REVEALS",
          "relationZh": "揭示",
          "target_schema": "Lithology",
          "edge_score": 0.0
        },
        {
          "source_schema": "Core",
          "relationEn": "REVEALS",
          "relationZh": "揭示",
          "target_schema": "PoreStructure",
          "edge_score": 0.0
        },
        {
          "source_schema": "Core",
          "relationEn": "REVEALS",
          "relationZh": "揭示",
          "target_schema": "SedimentaryStructure",
          "edge_score": 0.0
        },
        {
          "source_schema": "Core",
          "relationEn": "SAMPLED_FROM",
          "relationZh": "取自",
          "target_schema": "ReservoirInterval",
          "edge_score": 0.0
        },
        {
          "source_schema": "Core",
          "relationEn": "SAMPLED_FROM",
          "relationZh": "取自",
          "target_schema": "Well",
          "edge_score": 0.0
        },
        {
          "source_schema": "DepositionalEnvironment",
          "relationEn": "CONTROLS",
          "relationZh": "控制",
          "target_schema": "Lithology",
          "edge_score": 0.0
        },
        {
          "source_schema": "DepositionalEnvironment",
          "relationEn": "CONTROLS",
          "relationZh": "控制",
          "target_schema": "SedimentaryFacies",
          "edge_score": 0.0
        },
        {
          "source_schema": "DepositionalSystem",
          "relationEn": "CONTAINS",
          "relationZh": "包含",
          "target_schema": "Microfacies",
          "edge_score": 0.0
        },
        {
          "source_schema": "DepositionalSystem",
          "relationEn": "CONTAINS",
          "relationZh": "包含",
          "target_schema": "SedimentaryFacies",
          "edge_score": 0.0
        },
        {
          "source_schema": "DepositionalSystem",
          "relationEn": "CONTAINS",
          "relationZh": "包含",
          "target_schema": "Subfacies",
          "edge_score": 0.0
        },
        {
          "source_schema": "Depression",
          "relationEn": "CONTAINS",
          "relationZh": "包含",
          "target_schema": "Sag",
          "edge_score": 0.0
        },
        {
          "source_schema": "Depression",
          "relationEn": "PART_OF",
          "relationZh": "属于",
          "target_schema": "Basin",
          "edge_score": 0.0
        },
        {
          "source_schema": "Diagenesis",
          "relationEn": "AFFECTS",
          "relationZh": "影响",
          "target_schema": "Lithology",
          "edge_score": 0.0
        },
        {
          "source_schema": "Diagenesis",
          "relationEn": "AFFECTS",
          "relationZh": "影响",
          "target_schema": "Mineral",
          "edge_score": 0.0
        },
        {
          "source_schema": "Diagenesis",
          "relationEn": "AFFECTS",
          "relationZh": "影响",
          "target_schema": "PoreStructure",
          "edge_score": 0.0
        },
        {
          "source_schema": "Diagenesis",
          "relationEn": "AFFECTS",
          "relationZh": "影响",
          "target_schema": "RockTexture",
          "edge_score": 0.0
        },
        {
          "source_schema": "Diagenesis",
          "relationEn": "FORMS",
          "relationZh": "形成",
          "target_schema": "Cavity",
          "edge_score": 0.0
        },
        {
          "source_schema": "Diagenesis",
          "relationEn": "FORMS",
          "relationZh": "形成",
          "target_schema": "DiageneticFacies",
          "edge_score": 0.0
        },
        {
          "source_schema": "Diagenesis",
          "relationEn": "HAS_STAGE",
          "relationZh": "具有阶段",
          "target_schema": "DiageneticStage",
          "edge_score": 0.0
        },
        {
          "source_schema": "DiageneticFacies",
          "relationEn": "CONTROLLED_BY",
          "relationZh": "受……控制",
          "target_schema": "Diagenesis",
          "edge_score": 0.0
        },
        {
          "source_schema": "Experiment",
          "relationEn": "EVALUATES",
          "relationZh": "评价",
          "target_schema": "Hydrocarbon",
          "edge_score": 0.0
        },
        {
          "source_schema": "Experiment",
          "relationEn": "USES_METHOD",
          "relationZh": "使用方法",
          "target_schema": "AnalyticalMethod",
          "edge_score": 0.0
        },
        {
          "source_schema": "Fault",
          "relationEn": "CONTROLS",
          "relationZh": "控制",
          "target_schema": "Block",
          "edge_score": 0.0
        },
        {
          "source_schema": "Fault",
          "relationEn": "CONTROLS",
          "relationZh": "控制",
          "target_schema": "Fracture",
          "edge_score": 0.0
        },
        {
          "source_schema": "Fault",
          "relationEn": "CONTROLS",
          "relationZh": "控制",
          "target_schema": "MigrationPathway",
          "edge_score": 0.0
        },
        {
          "source_schema": "Fault",
          "relationEn": "CONTROLS",
          "relationZh": "控制",
          "target_schema": "StratigraphicBoundary",
          "edge_score": 0.0
        },
        {
          "source_schema": "Fault",
          "relationEn": "CONTROLS",
          "relationZh": "控制",
          "target_schema": "StructuralUnit",
          "edge_score": 0.0
        },
        {
          "source_schema": "Fault",
          "relationEn": "CONTROLS",
          "relationZh": "控制",
          "target_schema": "Trap",
          "edge_score": 0.0
        },
        {
          "source_schema": "Fault",
          "relationEn": "CUTS",
          "relationZh": "切割",
          "target_schema": "Formation",
          "edge_score": 0.0
        },
        {
          "source_schema": "Fault",
          "relationEn": "CUTS",
          "relationZh": "切割",
          "target_schema": "ReservoirInterval",
          "edge_score": 0.0
        },
        {
          "source_schema": "Fault",
          "relationEn": "CUTS",
          "relationZh": "切割",
          "target_schema": "StratigraphicMember",
          "edge_score": 0.0
        },
        {
          "source_schema": "Fault",
          "relationEn": "PART_OF",
          "relationZh": "属于",
          "target_schema": "FaultZone",
          "edge_score": 0.0
        },
        {
          "source_schema": "FaultZone",
          "relationEn": "CONTAINS",
          "relationZh": "包含",
          "target_schema": "Fault",
          "edge_score": 0.0
        },
        {
          "source_schema": "FaultZone",
          "relationEn": "CONTROLS",
          "relationZh": "控制",
          "target_schema": "CarrierSystem",
          "edge_score": 0.0
        },
        {
          "source_schema": "FaultZone",
          "relationEn": "CONTROLS",
          "relationZh": "控制",
          "target_schema": "StructuralBelt",
          "edge_score": 0.0
        },
        {
          "source_schema": "FaultZone",
          "relationEn": "CONTROLS",
          "relationZh": "控制",
          "target_schema": "StructuralUnit",
          "edge_score": 0.0
        },
        {
          "source_schema": "FaultZone",
          "relationEn": "CONTROLS",
          "relationZh": "控制",
          "target_schema": "Unconformity",
          "edge_score": 0.0
        },
        {
          "source_schema": "Formation",
          "relationEn": "BELONGS_TO",
          "relationZh": "属于",
          "target_schema": "DepositionalSystem",
          "edge_score": 0.0
        },
        {
          "source_schema": "Formation",
          "relationEn": "CONTAINS",
          "relationZh": "包含",
          "target_schema": "ReservoirInterval",
          "edge_score": 0.0
        },
        {
          "source_schema": "Formation",
          "relationEn": "DEPOSITED_IN",
          "relationZh": "沉积于",
          "target_schema": "DepositionalEnvironment",
          "edge_score": 0.0
        },
        {
          "source_schema": "Formation",
          "relationEn": "HAS_FACIES",
          "relationZh": "具有沉积相",
          "target_schema": "SedimentaryFacies",
          "edge_score": 0.0
        },
        {
          "source_schema": "Formation",
          "relationEn": "HAS_LITHOLOGY",
          "relationZh": "具有岩性",
          "target_schema": "Lithology",
          "edge_score": 0.0
        },
        {
          "source_schema": "Formation",
          "relationEn": "HAS_MEMBER",
          "relationZh": "具有段",
          "target_schema": "StratigraphicMember",
          "edge_score": 0.0
        },
        {
          "source_schema": "GeologicAge",
          "relationEn": "DEFINES_AGE_OF",
          "relationZh": "限定时代",
          "target_schema": "Bed",
          "edge_score": 0.0
        },
        {
          "source_schema": "GeologicAge",
          "relationEn": "DEFINES_AGE_OF",
          "relationZh": "限定时代",
          "target_schema": "Formation",
          "edge_score": 0.0
        },
        {
          "source_schema": "GeologicAge",
          "relationEn": "DEFINES_AGE_OF",
          "relationZh": "限定时代",
          "target_schema": "SequenceStratigraphicUnit",
          "edge_score": 0.0
        },
        {
          "source_schema": "GeologicAge",
          "relationEn": "DEFINES_AGE_OF",
          "relationZh": "限定时代",
          "target_schema": "StratigraphicMember",
          "edge_score": 0.0
        },
        {
          "source_schema": "GeologicAge",
          "relationEn": "DEFINES_AGE_OF",
          "relationZh": "限定时代",
          "target_schema": "SubMember",
          "edge_score": 0.0
        },
        {
          "source_schema": "GeologicalMap",
          "relationEn": "SHOWS",
          "relationZh": "展示",
          "target_schema": "Basin",
          "edge_score": 0.0
        },
        {
          "source_schema": "GeologicalMap",
          "relationEn": "SHOWS",
          "relationZh": "展示",
          "target_schema": "Fault",
          "edge_score": 0.0
        },
        {
          "source_schema": "GeologicalMap",
          "relationEn": "SHOWS",
          "relationZh": "展示",
          "target_schema": "FaultZone",
          "edge_score": 0.0
        },
        {
          "source_schema": "GeologicalMap",
          "relationEn": "SHOWS",
          "relationZh": "展示",
          "target_schema": "Formation",
          "edge_score": 0.0
        },
        {
          "source_schema": "GeologicalMap",
          "relationEn": "SHOWS",
          "relationZh": "展示",
          "target_schema": "SedimentaryFacies",
          "edge_score": 0.0
        },
        {
          "source_schema": "GeologicalMap",
          "relationEn": "SHOWS",
          "relationZh": "展示",
          "target_schema": "StructuralUnit",
          "edge_score": 0.0
        },
        {
          "source_schema": "Hydrocarbon",
          "relationEn": "ACCUMULATES_IN",
          "relationZh": "聚集于",
          "target_schema": "Trap",
          "edge_score": 0.0
        },
        {
          "source_schema": "Hydrocarbon",
          "relationEn": "HAS_BIOMARKER",
          "relationZh": "具有生物标志化合物",
          "target_schema": "Biomarker",
          "edge_score": 0.0
        },
        {
          "source_schema": "Hydrocarbon",
          "relationEn": "HAS_ISOTOPE",
          "relationZh": "具有同位素",
          "target_schema": "Isotope",
          "edge_score": 0.0
        },
        {
          "source_schema": "Isotope",
          "relationEn": "INDICATES",
          "relationZh": "指示",
          "target_schema": "DepositionalEnvironment",
          "edge_score": 0.0
        },
        {
          "source_schema": "Isotope",
          "relationEn": "INDICATES",
          "relationZh": "指示",
          "target_schema": "Hydrocarbon",
          "edge_score": 0.0
        },
        {
          "source_schema": "Lithology",
          "relationEn": "COMPOSED_OF",
          "relationZh": "由……组成",
          "target_schema": "Mineral",
          "edge_score": 0.0
        },
        {
          "source_schema": "Lithology",
          "relationEn": "CONTROLS",
          "relationZh": "控制",
          "target_schema": "PoreStructure",
          "edge_score": 0.0
        },
        {
          "source_schema": "Lithology",
          "relationEn": "HAS_STRUCTURE",
          "relationZh": "具有沉积构造",
          "target_schema": "SedimentaryStructure",
          "edge_score": 0.0
        },
        {
          "source_schema": "Lithology",
          "relationEn": "HAS_TEXTURE",
          "relationZh": "具有结构/组构",
          "target_schema": "RockTexture",
          "edge_score": 0.0
        },
        {
          "source_schema": "Lithology",
          "relationEn": "INDICATES",
          "relationZh": "指示",
          "target_schema": "DepositionalEnvironment",
          "edge_score": 0.0
        },
        {
          "source_schema": "Lithology",
          "relationEn": "INDICATES",
          "relationZh": "指示",
          "target_schema": "SedimentaryFacies",
          "edge_score": 0.0
        },
        {
          "source_schema": "Microfacies",
          "relationEn": "PART_OF",
          "relationZh": "属于",
          "target_schema": "Subfacies",
          "edge_score": 0.0
        },
        {
          "source_schema": "MigrationPathway",
          "relationEn": "CONNECTS",
          "relationZh": "连接",
          "target_schema": "Trap",
          "edge_score": 0.0
        },
        {
          "source_schema": "Mineral",
          "relationEn": "AFFECTS",
          "relationZh": "影响",
          "target_schema": "PoreStructure",
          "edge_score": 0.0
        },
        {
          "source_schema": "OrganicMatter",
          "relationEn": "GENERATES",
          "relationZh": "生成",
          "target_schema": "Hydrocarbon",
          "edge_score": 0.0
        },
        {
          "source_schema": "OrganicMatter",
          "relationEn": "HAS_TYPE",
          "relationZh": "具有类型",
          "target_schema": "KerogenType",
          "edge_score": 0.0
        },
        {
          "source_schema": "Outcrop",
          "relationEn": "EXPOSES",
          "relationZh": "出露",
          "target_schema": "Fault",
          "edge_score": 0.0
        },
        {
          "source_schema": "Outcrop",
          "relationEn": "EXPOSES",
          "relationZh": "出露",
          "target_schema": "Formation",
          "edge_score": 0.0
        },
        {
          "source_schema": "Outcrop",
          "relationEn": "EXPOSES",
          "relationZh": "出露",
          "target_schema": "Lithology",
          "edge_score": 0.0
        },
        {
          "source_schema": "Outcrop",
          "relationEn": "EXPOSES",
          "relationZh": "出露",
          "target_schema": "StratigraphicBoundary",
          "edge_score": 0.0
        },
        {
          "source_schema": "Outcrop",
          "relationEn": "EXPOSES",
          "relationZh": "出露",
          "target_schema": "StratigraphicMember",
          "edge_score": 0.0
        },
        {
          "source_schema": "PetroleumSystem",
          "relationEn": "DEVELOPED_IN",
          "relationZh": "发育于",
          "target_schema": "Basin",
          "edge_score": 0.0
        },
        {
          "source_schema": "PetroleumSystem",
          "relationEn": "DEVELOPED_IN",
          "relationZh": "发育于",
          "target_schema": "Block",
          "edge_score": 0.0
        },
        {
          "source_schema": "PetroleumSystem",
          "relationEn": "DEVELOPED_IN",
          "relationZh": "发育于",
          "target_schema": "StructuralUnit",
          "edge_score": 0.0
        },
        {
          "source_schema": "PetroleumSystem",
          "relationEn": "HAS_CARRIER_SYSTEM",
          "relationZh": "具有输导体系",
          "target_schema": "CarrierSystem",
          "edge_score": 0.0
        },
        {
          "source_schema": "PetroleumSystem",
          "relationEn": "HAS_MIGRATION_PATHWAY",
          "relationZh": "具有运移通道",
          "target_schema": "MigrationPathway",
          "edge_score": 0.0
        },
        {
          "source_schema": "PetroleumSystem",
          "relationEn": "HAS_PROCESS",
          "relationZh": "具有成藏过程",
          "target_schema": "AccumulationProcess",
          "edge_score": 0.0
        },
        {
          "source_schema": "PetroleumSystem",
          "relationEn": "HAS_TRAP",
          "relationZh": "具有圈闭",
          "target_schema": "Trap",
          "edge_score": 0.0
        },
        {
          "source_schema": "PoreStructure",
          "relationEn": "DEVELOPED_IN",
          "relationZh": "发育于",
          "target_schema": "Lithology",
          "edge_score": 0.0
        },
        {
          "source_schema": "ProductionTest",
          "relationEn": "CONFIRMS",
          "relationZh": "证实",
          "target_schema": "Hydrocarbon",
          "edge_score": 0.0
        },
        {
          "source_schema": "ProductionTest",
          "relationEn": "TESTS",
          "relationZh": "测试",
          "target_schema": "ReservoirInterval",
          "edge_score": 0.0
        },
        {
          "source_schema": "ProductionTest",
          "relationEn": "TESTS",
          "relationZh": "测试",
          "target_schema": "Well",
          "edge_score": 0.0
        },
        {
          "source_schema": "ReservoirInterval",
          "relationEn": "BELONGS_TO",
          "relationZh": "属于",
          "target_schema": "DepositionalSystem",
          "edge_score": 0.0
        },
        {
          "source_schema": "ReservoirInterval",
          "relationEn": "DEPOSITED_IN",
          "relationZh": "沉积于",
          "target_schema": "DepositionalEnvironment",
          "edge_score": 0.0
        },
        {
          "source_schema": "ReservoirInterval",
          "relationEn": "HAS_FACIES",
          "relationZh": "具有沉积相",
          "target_schema": "SedimentaryFacies",
          "edge_score": 0.0
        },
        {
          "source_schema": "ReservoirInterval",
          "relationEn": "HAS_LITHOLOGY",
          "relationZh": "具有岩性",
          "target_schema": "Lithology",
          "edge_score": 0.0
        },
        {
          "source_schema": "ReservoirInterval",
          "relationEn": "PART_OF",
          "relationZh": "属于",
          "target_schema": "Bed",
          "edge_score": 0.0
        },
        {
          "source_schema": "ReservoirInterval",
          "relationEn": "PART_OF",
          "relationZh": "属于",
          "target_schema": "Formation",
          "edge_score": 0.0
        },
        {
          "source_schema": "ReservoirInterval",
          "relationEn": "PART_OF",
          "relationZh": "属于",
          "target_schema": "StratigraphicMember",
          "edge_score": 0.0
        },
        {
          "source_schema": "ReservoirInterval",
          "relationEn": "PART_OF",
          "relationZh": "属于",
          "target_schema": "SubMember",
          "edge_score": 0.0
        },
        {
          "source_schema": "Sag",
          "relationEn": "PART_OF",
          "relationZh": "属于",
          "target_schema": "Depression",
          "edge_score": 0.0
        },
        {
          "source_schema": "SedimentaryFacies",
          "relationEn": "CONTAINS",
          "relationZh": "包含",
          "target_schema": "Subfacies",
          "edge_score": 0.0
        },
        {
          "source_schema": "SedimentaryFacies",
          "relationEn": "PART_OF",
          "relationZh": "属于",
          "target_schema": "DepositionalSystem",
          "edge_score": 0.0
        },
        {
          "source_schema": "SedimentaryStructure",
          "relationEn": "INDICATES",
          "relationZh": "指示",
          "target_schema": "DepositionalEnvironment",
          "edge_score": 0.0
        },
        {
          "source_schema": "SeismicProfile",
          "relationEn": "INTERPRETS",
          "relationZh": "解释",
          "target_schema": "Fault",
          "edge_score": 0.0
        },
        {
          "source_schema": "SeismicProfile",
          "relationEn": "INTERPRETS",
          "relationZh": "解释",
          "target_schema": "FaultZone",
          "edge_score": 0.0
        },
        {
          "source_schema": "SeismicProfile",
          "relationEn": "INTERPRETS",
          "relationZh": "解释",
          "target_schema": "StratigraphicBoundary",
          "edge_score": 0.0
        },
        {
          "source_schema": "SeismicProfile",
          "relationEn": "INTERPRETS",
          "relationZh": "解释",
          "target_schema": "StructuralUnit",
          "edge_score": 0.0
        },
        {
          "source_schema": "SeismicProfile",
          "relationEn": "INTERPRETS",
          "relationZh": "解释",
          "target_schema": "Trap",
          "edge_score": 0.0
        },
        {
          "source_schema": "SeismicProfile",
          "relationEn": "INTERPRETS",
          "relationZh": "解释",
          "target_schema": "Unconformity",
          "edge_score": 0.0
        },
        {
          "source_schema": "SequenceBoundary",
          "relationEn": "IS_TYPE_OF",
          "relationZh": "属于类型",
          "target_schema": "StratigraphicBoundary",
          "edge_score": 0.0
        },
        {
          "source_schema": "SequenceStratigraphicUnit",
          "relationEn": "BOUNDED_BY",
          "relationZh": "受界面限定",
          "target_schema": "SequenceBoundary",
          "edge_score": 0.0
        },
        {
          "source_schema": "SequenceStratigraphicUnit",
          "relationEn": "CONTROLS",
          "relationZh": "控制",
          "target_schema": "DepositionalSystem",
          "edge_score": 0.0
        },
        {
          "source_schema": "Slope",
          "relationEn": "ADJACENT_TO",
          "relationZh": "邻接",
          "target_schema": "Depression",
          "edge_score": 0.0
        },
        {
          "source_schema": "Slope",
          "relationEn": "ADJACENT_TO",
          "relationZh": "邻接",
          "target_schema": "Uplift",
          "edge_score": 0.0
        },
        {
          "source_schema": "Slope",
          "relationEn": "TRANSITION_BETWEEN",
          "relationZh": "过渡于",
          "target_schema": "Depression",
          "edge_score": 0.0
        },
        {
          "source_schema": "Slope",
          "relationEn": "TRANSITION_BETWEEN",
          "relationZh": "过渡于",
          "target_schema": "Uplift",
          "edge_score": 0.0
        },
        {
          "source_schema": "StratigraphicBoundary",
          "relationEn": "BOUNDS",
          "relationZh": "限定边界",
          "target_schema": "Bed",
          "edge_score": 0.0
        },
        {
          "source_schema": "StratigraphicBoundary",
          "relationEn": "BOUNDS",
          "relationZh": "限定边界",
          "target_schema": "Formation",
          "edge_score": 0.0
        },
        {
          "source_schema": "StratigraphicBoundary",
          "relationEn": "BOUNDS",
          "relationZh": "限定边界",
          "target_schema": "StratigraphicMember",
          "edge_score": 0.0
        },
        {
          "source_schema": "StratigraphicBoundary",
          "relationEn": "BOUNDS",
          "relationZh": "限定边界",
          "target_schema": "SubMember",
          "edge_score": 0.0
        },
        {
          "source_schema": "StratigraphicMember",
          "relationEn": "BELONGS_TO",
          "relationZh": "属于",
          "target_schema": "DepositionalSystem",
          "edge_score": 0.0
        },
        {
          "source_schema": "StratigraphicMember",
          "relationEn": "CONTAINS",
          "relationZh": "包含",
          "target_schema": "ReservoirInterval",
          "edge_score": 0.0
        },
        {
          "source_schema": "StratigraphicMember",
          "relationEn": "DEPOSITED_IN",
          "relationZh": "沉积于",
          "target_schema": "DepositionalEnvironment",
          "edge_score": 0.0
        },
        {
          "source_schema": "StratigraphicMember",
          "relationEn": "HAS_FACIES",
          "relationZh": "具有沉积相",
          "target_schema": "SedimentaryFacies",
          "edge_score": 0.0
        },
        {
          "source_schema": "StratigraphicMember",
          "relationEn": "HAS_LITHOLOGY",
          "relationZh": "具有岩性",
          "target_schema": "Lithology",
          "edge_score": 0.0
        },
        {
          "source_schema": "StratigraphicMember",
          "relationEn": "HAS_SUBMEMBER",
          "relationZh": "具有亚段/小层",
          "target_schema": "SubMember",
          "edge_score": 0.0
        },
        {
          "source_schema": "StratigraphicMember",
          "relationEn": "PART_OF",
          "relationZh": "属于",
          "target_schema": "Formation",
          "edge_score": 0.0
        },
        {
          "source_schema": "StructuralBelt",
          "relationEn": "CONTAINS",
          "relationZh": "包含",
          "target_schema": "Fault",
          "edge_score": 0.0
        },
        {
          "source_schema": "StructuralBelt",
          "relationEn": "CONTAINS",
          "relationZh": "包含",
          "target_schema": "FaultZone",
          "edge_score": 0.0
        },
        {
          "source_schema": "StructuralUnit",
          "relationEn": "CONTAINS",
          "relationZh": "包含",
          "target_schema": "Block",
          "edge_score": 0.0
        },
        {
          "source_schema": "StructuralUnit",
          "relationEn": "CONTAINS",
          "relationZh": "包含",
          "target_schema": "Depression",
          "edge_score": 0.0
        },
        {
          "source_schema": "StructuralUnit",
          "relationEn": "CONTAINS",
          "relationZh": "包含",
          "target_schema": "FaultZone",
          "edge_score": 0.0
        },
        {
          "source_schema": "StructuralUnit",
          "relationEn": "CONTAINS",
          "relationZh": "包含",
          "target_schema": "Sag",
          "edge_score": 0.0
        },
        {
          "source_schema": "StructuralUnit",
          "relationEn": "CONTAINS",
          "relationZh": "包含",
          "target_schema": "Slope",
          "edge_score": 0.0
        },
        {
          "source_schema": "StructuralUnit",
          "relationEn": "CONTAINS",
          "relationZh": "包含",
          "target_schema": "StructuralBelt",
          "edge_score": 0.0
        },
        {
          "source_schema": "StructuralUnit",
          "relationEn": "CONTAINS",
          "relationZh": "包含",
          "target_schema": "Uplift",
          "edge_score": 0.0
        },
        {
          "source_schema": "StructuralUnit",
          "relationEn": "DEVELOPS",
          "relationZh": "发育",
          "target_schema": "Formation",
          "edge_score": 0.0
        },
        {
          "source_schema": "StructuralUnit",
          "relationEn": "DEVELOPS",
          "relationZh": "发育",
          "target_schema": "ReservoirInterval",
          "edge_score": 0.0
        },
        {
          "source_schema": "StructuralUnit",
          "relationEn": "DEVELOPS",
          "relationZh": "发育",
          "target_schema": "StratigraphicMember",
          "edge_score": 0.0
        },
        {
          "source_schema": "StructuralUnit",
          "relationEn": "PART_OF",
          "relationZh": "属于",
          "target_schema": "Basin",
          "edge_score": 0.0
        },
        {
          "source_schema": "StudyArea",
          "relationEn": "COVERS",
          "relationZh": "覆盖",
          "target_schema": "Basin",
          "edge_score": 0.0
        },
        {
          "source_schema": "StudyArea",
          "relationEn": "COVERS",
          "relationZh": "覆盖",
          "target_schema": "Block",
          "edge_score": 0.0
        },
        {
          "source_schema": "StudyArea",
          "relationEn": "COVERS",
          "relationZh": "覆盖",
          "target_schema": "Depression",
          "edge_score": 0.0
        },
        {
          "source_schema": "StudyArea",
          "relationEn": "COVERS",
          "relationZh": "覆盖",
          "target_schema": "Sag",
          "edge_score": 0.0
        },
        {
          "source_schema": "StudyArea",
          "relationEn": "COVERS",
          "relationZh": "覆盖",
          "target_schema": "Slope",
          "edge_score": 0.0
        },
        {
          "source_schema": "StudyArea",
          "relationEn": "COVERS",
          "relationZh": "覆盖",
          "target_schema": "StructuralBelt",
          "edge_score": 0.0
        },
        {
          "source_schema": "StudyArea",
          "relationEn": "COVERS",
          "relationZh": "覆盖",
          "target_schema": "StructuralUnit",
          "edge_score": 0.0
        },
        {
          "source_schema": "StudyArea",
          "relationEn": "COVERS",
          "relationZh": "覆盖",
          "target_schema": "Uplift",
          "edge_score": 0.0
        },
        {
          "source_schema": "SubMember",
          "relationEn": "CONTAINS",
          "relationZh": "包含",
          "target_schema": "ReservoirInterval",
          "edge_score": 0.0
        },
        {
          "source_schema": "SubMember",
          "relationEn": "HAS_BED",
          "relationZh": "具有层",
          "target_schema": "Bed",
          "edge_score": 0.0
        },
        {
          "source_schema": "SubMember",
          "relationEn": "HAS_LITHOLOGY",
          "relationZh": "具有岩性",
          "target_schema": "Lithology",
          "edge_score": 0.0
        },
        {
          "source_schema": "SubMember",
          "relationEn": "PART_OF",
          "relationZh": "属于",
          "target_schema": "StratigraphicMember",
          "edge_score": 0.0
        },
        {
          "source_schema": "Subfacies",
          "relationEn": "CONTAINS",
          "relationZh": "包含",
          "target_schema": "Microfacies",
          "edge_score": 0.0
        },
        {
          "source_schema": "Subfacies",
          "relationEn": "PART_OF",
          "relationZh": "属于",
          "target_schema": "SedimentaryFacies",
          "edge_score": 0.0
        },
        {
          "source_schema": "ThinSection",
          "relationEn": "OBSERVES",
          "relationZh": "观察",
          "target_schema": "Diagenesis",
          "edge_score": 0.0
        },
        {
          "source_schema": "ThinSection",
          "relationEn": "OBSERVES",
          "relationZh": "观察",
          "target_schema": "DiageneticFacies",
          "edge_score": 0.0
        },
        {
          "source_schema": "ThinSection",
          "relationEn": "OBSERVES",
          "relationZh": "观察",
          "target_schema": "Mineral",
          "edge_score": 0.0
        },
        {
          "source_schema": "ThinSection",
          "relationEn": "OBSERVES",
          "relationZh": "观察",
          "target_schema": "PoreStructure",
          "edge_score": 0.0
        },
        {
          "source_schema": "ThinSection",
          "relationEn": "OBSERVES",
          "relationZh": "观察",
          "target_schema": "RockTexture",
          "edge_score": 0.0
        },
        {
          "source_schema": "ThinSection",
          "relationEn": "PREPARED_FROM",
          "relationZh": "制备自",
          "target_schema": "Core",
          "edge_score": 0.0
        },
        {
          "source_schema": "Trap",
          "relationEn": "DEVELOPED_IN",
          "relationZh": "发育于",
          "target_schema": "Slope",
          "edge_score": 0.0
        },
        {
          "source_schema": "Trap",
          "relationEn": "DEVELOPED_IN",
          "relationZh": "发育于",
          "target_schema": "StructuralBelt",
          "edge_score": 0.0
        },
        {
          "source_schema": "Trap",
          "relationEn": "DEVELOPED_IN",
          "relationZh": "发育于",
          "target_schema": "Uplift",
          "edge_score": 0.0
        },
        {
          "source_schema": "Trap",
          "relationEn": "RELATED_TO",
          "relationZh": "相关于",
          "target_schema": "Lithology",
          "edge_score": 0.0
        },
        {
          "source_schema": "Trap",
          "relationEn": "RELATED_TO",
          "relationZh": "相关于",
          "target_schema": "StratigraphicBoundary",
          "edge_score": 0.0
        },
        {
          "source_schema": "Trap",
          "relationEn": "RELATED_TO",
          "relationZh": "相关于",
          "target_schema": "Unconformity",
          "edge_score": 0.0
        },
        {
          "source_schema": "Trap",
          "relationEn": "TRAPS",
          "relationZh": "圈闭",
          "target_schema": "Hydrocarbon",
          "edge_score": 0.0
        },
        {
          "source_schema": "Unconformity",
          "relationEn": "ACTS_AS",
          "relationZh": "作为",
          "target_schema": "MigrationPathway",
          "edge_score": 0.0
        },
        {
          "source_schema": "Unconformity",
          "relationEn": "CONTROLS",
          "relationZh": "控制",
          "target_schema": "Trap",
          "edge_score": 0.0
        },
        {
          "source_schema": "Unconformity",
          "relationEn": "IS_TYPE_OF",
          "relationZh": "属于类型",
          "target_schema": "StratigraphicBoundary",
          "edge_score": 0.0
        },
        {
          "source_schema": "Uplift",
          "relationEn": "ADJACENT_TO",
          "relationZh": "邻接",
          "target_schema": "Slope",
          "edge_score": 0.0
        },
        {
          "source_schema": "Uplift",
          "relationEn": "EXPOSES_OR_ERODES",
          "relationZh": "出露或剥蚀",
          "target_schema": "Formation",
          "edge_score": 0.0
        },
        {
          "source_schema": "Well",
          "relationEn": "ENCOUNTERS",
          "relationZh": "钻遇",
          "target_schema": "Formation",
          "edge_score": 0.0
        },
        {
          "source_schema": "Well",
          "relationEn": "ENCOUNTERS",
          "relationZh": "钻遇",
          "target_schema": "ReservoirInterval",
          "edge_score": 0.0
        },
        {
          "source_schema": "Well",
          "relationEn": "ENCOUNTERS",
          "relationZh": "钻遇",
          "target_schema": "StratigraphicMember",
          "edge_score": 0.0
        },
        {
          "source_schema": "Well",
          "relationEn": "HAS_CORE",
          "relationZh": "具有岩心",
          "target_schema": "Core",
          "edge_score": 0.0
        },
        {
          "source_schema": "Well",
          "relationEn": "HAS_WELL_LOG",
          "relationZh": "具有测井资料",
          "target_schema": "WellLog",
          "edge_score": 0.0
        },
        {
          "source_schema": "Well",
          "relationEn": "LOCATED_IN",
          "relationZh": "位于",
          "target_schema": "Basin",
          "edge_score": 0.0
        },
        {
          "source_schema": "Well",
          "relationEn": "LOCATED_IN",
          "relationZh": "位于",
          "target_schema": "Block",
          "edge_score": 0.0
        },
        {
          "source_schema": "Well",
          "relationEn": "LOCATED_IN",
          "relationZh": "位于",
          "target_schema": "StructuralUnit",
          "edge_score": 0.0
        },
        {
          "source_schema": "Well",
          "relationEn": "LOCATED_IN",
          "relationZh": "位于",
          "target_schema": "StudyArea",
          "edge_score": 0.0
        },
        {
          "source_schema": "WellLog",
          "relationEn": "INTERPRETS",
          "relationZh": "解释",
          "target_schema": "Lithology",
          "edge_score": 0.0
        },
        {
          "source_schema": "WellLog",
          "relationEn": "INTERPRETS",
          "relationZh": "解释",
          "target_schema": "ReservoirInterval",
          "edge_score": 0.0
        },
        {
          "source_schema": "WellLog",
          "relationEn": "INTERPRETS",
          "relationZh": "解释",
          "target_schema": "StratigraphicBoundary",
          "edge_score": 0.0
        }
      ],
      "core_categories": [
        "地理与构造单元",
        "岩石、矿物与沉积体系",
        "勘探开发与资料类型"
      ],
      "query_terms": [
        "华北克拉通",
        "构造演化",
        "岩浆活动",
        "基性岩",
        "事件",
        "地块",
        "墙群",
        "大陆",
        "裂谷",
        "陆块",
        "双峰式火成岩",
        "鄂尔多斯盆地",
        "哥伦比亚",
        "地球化学",
        "构造环境",
        "裂谷盆地",
        "动力学",
        "岩石学",
        "火山岩",
        "产物",
        "关键",
        "吉带",
        "地质",
        "基底",
        "安沟",
        "对象",
        "小节",
        "岩浆",
        "性质",
        "恒山",
        "成因",
        "斑岩",
        "时代",
        "机制",
        "洋盆",
        "济宁",
        "系统",
        "胶辽",
        "花岗",
        "证据"
      ],
      "selection_confidence": 0.7604954536755881,
      "fallback_used": false
    },
    "0:text:1": {
      "selector_version": "core_tree_prior_v2",
      "concepts": [
        {
          "schema": "Basin",
          "zhName": "盆地",
          "category": "地理与构造单元",
          "description": "具有相对独立沉积、构造演化和油气成藏背景的大型地质空间单元，是石油地质研究中的核心区域实体。",
          "examples": [
            "鄂尔多斯盆地",
            "四川盆地",
            "塔里木盆地"
          ],
          "vector_score": 0.7986245155334473,
          "lexical_score": 1.0,
          "context_score": 1.0,
          "schema_key_score": 1.0,
          "document_score": 0.9093810319900513,
          "final_score": 0.9093810319900513,
          "selection_reasons": [
            "文档级向量召回",
            "文档关键词、示例词或名称命中",
            "文档 schemaKeys 命中",
            "文档精确命中",
            "Top3 核心概念树全量保留",
            "Chunk 正文关键词、示例词或名称命中",
            "章节摘要或前后文命中",
            "章节 schemaKeys 命中",
            "章节 schemaKeys 精确命中",
            "Chunk 精确命中"
          ]
        },
        {
          "schema": "StructuralUnit",
          "zhName": "构造单元",
          "category": "地理与构造单元",
          "description": "盆地内部按照构造形态、构造位置或构造演化特征划分出的次级地质单元。",
          "examples": [
            "伊陕斜坡",
            "天环坳陷",
            "中央隆起带"
          ],
          "vector_score": 0.7772254943847656,
          "lexical_score": 1.0,
          "context_score": 1.0,
          "schema_key_score": 1.0,
          "document_score": 0.8746893405914307,
          "final_score": 0.8746893405914307,
          "selection_reasons": [
            "文档级向量召回",
            "文档关键词、示例词或名称命中",
            "文档精确命中",
            "Top3 核心概念树全量保留",
            "Chunk 正文关键词、示例词或名称命中",
            "章节摘要或前后文命中",
            "章节 schemaKeys 命中",
            "章节 schemaKeys 精确命中",
            "Chunk 精确命中"
          ]
        },
        {
          "schema": "StudyArea",
          "zhName": "研究区",
          "category": "地理与构造单元",
          "description": "论文、报告或项目中限定的具体研究范围，可以是盆地、凹陷、区块、剖面或井区。",
          "examples": [
            "鄂尔多斯盆地东南部研究区",
            "川东北研究区",
            "塔里木盆地塔中地区"
          ],
          "vector_score": 0.7840704917907715,
          "lexical_score": 1.0,
          "context_score": 0.6,
          "schema_key_score": 1.0,
          "document_score": 0.8028317213058471,
          "final_score": 0.8028317213058471,
          "selection_reasons": [
            "文档级向量召回",
            "文档关键词、示例词或名称命中",
            "文档 schemaKeys 命中",
            "文档精确命中",
            "Top3 核心概念树全量保留",
            "Chunk 正文关键词、示例词或名称命中",
            "章节摘要或前后文命中",
            "章节 schemaKeys 命中",
            "章节 schemaKeys 精确命中",
            "Chunk 精确命中"
          ]
        },
        {
          "schema": "FaultZone",
          "zhName": "断裂带",
          "category": "地理与构造单元",
          "description": "由多条断层及其相关破碎带、裂缝带共同组成的带状构造区域，常作为油气运移通道或封堵边界。",
          "examples": [
            "郯庐断裂带",
            "贺兰－六盘山断裂带",
            "边界断裂带"
          ],
          "vector_score": 0.7611169815063477,
          "lexical_score": 1.0,
          "context_score": 0.0,
          "schema_key_score": 1.0,
          "document_score": 0.7925026416778564,
          "final_score": 0.7925026416778564,
          "selection_reasons": [
            "文档级向量召回",
            "文档关键词、示例词或名称命中",
            "文档 schemaKeys 命中",
            "文档精确命中",
            "Top3 核心概念树全量保留"
          ]
        },
        {
          "schema": "Lithology",
          "zhName": "岩性",
          "category": "岩石、矿物与沉积体系",
          "description": "岩石类型及其基本物质组成特征，是描述地层、储层和沉积环境的重要实体。",
          "examples": [
            "砂岩",
            "泥岩",
            "灰岩",
            "白云岩"
          ],
          "vector_score": 0.7563867568969727,
          "lexical_score": 1.0,
          "context_score": 0.0,
          "schema_key_score": 1.0,
          "document_score": 0.7903740406036377,
          "final_score": 0.7903740406036377,
          "selection_reasons": [
            "文档级向量召回",
            "文档关键词、示例词或名称命中",
            "文档 schemaKeys 命中",
            "文档精确命中",
            "Top3 核心概念树全量保留",
            "Chunk 正文关键词、示例词或名称命中",
            "章节 schemaKeys 命中",
            "章节 schemaKeys 精确命中",
            "Chunk 精确命中"
          ]
        },
        {
          "schema": "Outcrop",
          "zhName": "露头",
          "category": "勘探开发与资料类型",
          "description": "地表出露的岩层或地质体，可用于观察沉积构造、地层接触关系和构造变形。",
          "examples": [
            "野外露头",
            "剖面露头",
            "河谷露头"
          ],
          "vector_score": 0.7558097839355469,
          "lexical_score": 1.0,
          "context_score": 0.0,
          "schema_key_score": 1.0,
          "document_score": 0.7901144027709961,
          "final_score": 0.7901144027709961,
          "selection_reasons": [
            "文档级向量召回",
            "文档关键词、示例词或名称命中",
            "文档 schemaKeys 命中",
            "文档精确命中",
            "Top3 核心概念树全量保留",
            "Chunk 正文关键词、示例词或名称命中"
          ]
        },
        {
          "schema": "Uplift",
          "zhName": "隆起",
          "category": "地理与构造单元",
          "description": "相对于周边地区构造位置较高的正向构造单元，常控制地层剥蚀、圈闭形成和油气运移方向。",
          "examples": [
            "伊盟隆起",
            "渤中隆起",
            "塔中隆起"
          ],
          "vector_score": 0.7936005592346191,
          "lexical_score": 1.0,
          "context_score": 0.0,
          "schema_key_score": 1.0,
          "document_score": 0.7589003145694735,
          "final_score": 0.7589003145694735,
          "selection_reasons": [
            "文档级向量召回",
            "文档关键词、示例词或名称命中",
            "文档精确命中",
            "Top3 核心概念树全量保留",
            "章节 schemaKeys 命中",
            "章节 schemaKeys 精确命中",
            "Chunk 精确命中"
          ]
        },
        {
          "schema": "Fault",
          "zhName": "断层",
          "category": "地理与构造单元",
          "description": "岩层或地质体沿破裂面发生明显位移形成的构造实体，可影响地层展布、油气运移和圈闭形成。",
          "examples": [
            "F1断层",
            "郯庐断裂",
            "正断层"
          ],
          "vector_score": 0.7801976203918457,
          "lexical_score": 0.9,
          "context_score": 0.0,
          "schema_key_score": 0.0,
          "document_score": 0.7201111614704133,
          "final_score": 0.7201111614704133,
          "selection_reasons": [
            "文档级向量召回",
            "文档关键词、示例词或名称命中",
            "Top3 核心概念树全量保留",
            "Chunk 正文关键词、示例词或名称命中"
          ]
        },
        {
          "schema": "SedimentaryFacies",
          "zhName": "沉积相",
          "category": "岩石、矿物与沉积体系",
          "description": "在一定沉积环境下形成的岩性、结构、构造和古生物特征组合。",
          "examples": [
            "三角洲相",
            "湖泊相",
            "河流相",
            "碳酸盐台地相"
          ],
          "vector_score": 0.7601838111877441,
          "lexical_score": 0.75,
          "context_score": 0.0,
          "schema_key_score": 0.0,
          "document_score": 0.6619783937931062,
          "final_score": 0.6619783937931062,
          "selection_reasons": [
            "文档级向量召回",
            "文档关键词、示例词或名称命中",
            "Top3 核心概念树全量保留",
            "Chunk 正文关键词、示例词或名称命中"
          ]
        },
        {
          "schema": "SedimentaryStructure",
          "zhName": "沉积构造",
          "category": "岩石、矿物与沉积体系",
          "description": "沉积过程中形成的层理、波痕、冲刷面等构造现象，可用于判断沉积环境和水动力条件。",
          "examples": [
            "交错层理",
            "水平层理",
            "波痕",
            "冲刷面"
          ],
          "vector_score": 0.7687501907348633,
          "lexical_score": 0.65,
          "context_score": 0.6,
          "schema_key_score": 0.0,
          "document_score": 0.6355469822883607,
          "final_score": 0.6355469822883607,
          "selection_reasons": [
            "文档级向量召回",
            "文档关键词、示例词或名称命中",
            "Top3 核心概念树全量保留",
            "Chunk 正文关键词、示例词或名称命中",
            "章节摘要或前后文命中"
          ]
        },
        {
          "schema": "DepositionalEnvironment",
          "zhName": "沉积环境",
          "category": "岩石、矿物与沉积体系",
          "description": "沉积物形成时的自然环境条件，包括水体类型、能量条件、气候背景和构造背景等。",
          "examples": [
            "浅湖环境",
            "半深湖环境",
            "滨浅海环境",
            "三角洲前缘环境"
          ],
          "vector_score": 0.7597503662109375,
          "lexical_score": 0.65,
          "context_score": 0.0,
          "schema_key_score": 0.0,
          "document_score": 0.6304845809936525,
          "final_score": 0.6304845809936525,
          "selection_reasons": [
            "文档级向量召回",
            "文档关键词、示例词或名称命中",
            "Top3 核心概念树全量保留",
            "Chunk 正文关键词、示例词或名称命中"
          ]
        },
        {
          "schema": "Core",
          "zhName": "岩心",
          "category": "勘探开发与资料类型",
          "description": "从井下取出的柱状岩石样品，可直接观察岩性、沉积构造、裂缝和储层特征。",
          "examples": [
            "取心段岩心",
            "砂岩岩心",
            "泥页岩岩心"
          ],
          "vector_score": 0.7542581558227539,
          "lexical_score": 0.65,
          "context_score": 0.0,
          "schema_key_score": 0.0,
          "document_score": 0.6273952126502991,
          "final_score": 0.6273952126502991,
          "selection_reasons": [
            "文档级向量召回",
            "文档关键词、示例词或名称命中",
            "Top3 核心概念树全量保留"
          ]
        },
        {
          "schema": "DiageneticStage",
          "zhName": "成岩阶段",
          "category": "岩石、矿物与沉积体系",
          "description": "根据埋藏深度、温度、成岩矿物和孔隙演化特征划分的成岩演化时期。",
          "examples": [
            "早成岩A期",
            "早成岩B期",
            "中成岩A期"
          ],
          "vector_score": 0.7819786071777344,
          "lexical_score": 0.6,
          "context_score": 0.0,
          "schema_key_score": 0.0,
          "document_score": 0.6273629665374756,
          "final_score": 0.6273629665374756,
          "selection_reasons": [
            "文档级向量召回",
            "文档关键词、示例词或名称命中",
            "Top3 核心概念树全量保留",
            "Chunk 正文关键词、示例词或名称命中"
          ]
        },
        {
          "schema": "ThinSection",
          "zhName": "薄片",
          "category": "勘探开发与资料类型",
          "description": "将岩石样品磨制成薄片后在显微镜下观察，用于研究矿物组成、孔隙类型和成岩特征。",
          "examples": [
            "铸体薄片",
            "普通薄片",
            "阴极发光薄片"
          ],
          "vector_score": 0.7518796920776367,
          "lexical_score": 0.65,
          "context_score": 0.0,
          "schema_key_score": 0.0,
          "document_score": 0.6260573267936708,
          "final_score": 0.6260573267936708,
          "selection_reasons": [
            "文档级向量召回",
            "文档关键词、示例词或名称命中",
            "Top3 核心概念树全量保留"
          ]
        },
        {
          "schema": "DiageneticFacies",
          "zhName": "成岩相",
          "category": "岩石、矿物与沉积体系",
          "description": "由特定成岩作用、成岩矿物组合和孔隙演化特征共同表征的成岩类型单元。",
          "examples": [
            "溶蚀相",
            "碳酸盐胶结相",
            "压实致密相"
          ],
          "vector_score": 0.7630419731140137,
          "lexical_score": 0.6,
          "context_score": 0.0,
          "schema_key_score": 0.0,
          "document_score": 0.6167111098766328,
          "final_score": 0.6167111098766328,
          "selection_reasons": [
            "文档级向量召回",
            "文档关键词、示例词或名称命中",
            "Top3 核心概念树全量保留",
            "Chunk 正文关键词、示例词或名称命中"
          ]
        },
        {
          "schema": "Diagenesis",
          "zhName": "成岩作用",
          "category": "岩石、矿物与沉积体系",
          "description": "沉积物埋藏后到变质作用前经历的物理、化学和生物改造过程。",
          "examples": [
            "压实作用",
            "胶结作用",
            "溶蚀作用",
            "交代作用"
          ],
          "vector_score": 0.7531757354736328,
          "lexical_score": 0.6,
          "context_score": 0.6,
          "schema_key_score": 0.0,
          "document_score": 0.6111613512039186,
          "final_score": 0.6111613512039186,
          "selection_reasons": [
            "文档级向量召回",
            "文档关键词、示例词或名称命中",
            "Top3 核心概念树全量保留",
            "Chunk 正文关键词、示例词或名称命中",
            "章节摘要或前后文命中"
          ]
        },
        {
          "schema": "Slope",
          "zhName": "斜坡",
          "category": "地理与构造单元",
          "description": "位于隆起与坳陷之间的倾斜过渡带，常是砂体展布、油气运移和岩性圈闭发育的重要区域。",
          "examples": [
            "伊陕斜坡",
            "北部斜坡带",
            "南部斜坡区"
          ],
          "vector_score": 0.7675256729125977,
          "lexical_score": 0.55,
          "context_score": 0.0,
          "schema_key_score": 0.0,
          "document_score": 0.6036081910133362,
          "final_score": 0.6036081910133362,
          "selection_reasons": [
            "文档级向量召回",
            "文档关键词、示例词或名称命中",
            "Top3 核心概念树全量保留"
          ]
        },
        {
          "schema": "RockTexture",
          "zhName": "岩石结构/组构",
          "category": "岩石、矿物与沉积体系",
          "description": "岩石中颗粒、晶体或组分的大小、形态、排列和接触关系等结构特征。",
          "examples": [
            "粒状结构",
            "泥晶结构",
            "交代结构",
            "碎屑结构"
          ],
          "vector_score": 0.7610387802124023,
          "lexical_score": 0.55,
          "context_score": 0.0,
          "schema_key_score": 0.0,
          "document_score": 0.5999593138694764,
          "final_score": 0.5999593138694764,
          "selection_reasons": [
            "文档级向量召回",
            "文档关键词、示例词或名称命中",
            "Top3 核心概念树全量保留"
          ]
        },
        {
          "schema": "WellLog",
          "zhName": "测井资料",
          "category": "勘探开发与资料类型",
          "description": "通过测井方法获得的井筒地球物理响应数据，用于解释岩性、物性、含油气性和地层界面。",
          "examples": [
            "自然伽马曲线",
            "电阻率测井",
            "声波时差测井",
            "密度测井"
          ],
          "vector_score": 0.7606601715087891,
          "lexical_score": 0.55,
          "context_score": 0.0,
          "schema_key_score": 0.0,
          "document_score": 0.599746346473694,
          "final_score": 0.599746346473694,
          "selection_reasons": [
            "文档级向量召回",
            "文档关键词、示例词或名称命中",
            "Top3 核心概念树全量保留"
          ]
        },
        {
          "schema": "DepositionalSystem",
          "zhName": "沉积体系",
          "category": "岩石、矿物与沉积体系",
          "description": "由若干相关沉积相、亚相和微相组成的沉积组合系统，反映区域沉积过程和沉积格局。",
          "examples": [
            "三角洲沉积体系",
            "扇三角洲沉积体系",
            "浊积扇沉积体系"
          ],
          "vector_score": 0.7532033920288086,
          "lexical_score": 0.55,
          "context_score": 0.55,
          "schema_key_score": 0.0,
          "document_score": 0.595551908016205,
          "final_score": 0.595551908016205,
          "selection_reasons": [
            "文档级向量召回",
            "文档关键词、示例词或名称命中",
            "Top3 核心概念树全量保留",
            "章节摘要或前后文命中"
          ]
        },
        {
          "schema": "Mineral",
          "zhName": "矿物",
          "category": "岩石、矿物与沉积体系",
          "description": "组成岩石的基本矿物成分，可影响储层物性、成岩作用和脆性特征。",
          "examples": [
            "石英",
            "长石",
            "方解石",
            "黏土矿物"
          ],
          "vector_score": 0.0,
          "lexical_score": 1.0,
          "context_score": 0.0,
          "schema_key_score": 1.0,
          "document_score": 0.45,
          "final_score": 0.45,
          "selection_reasons": [
            "文档关键词、示例词或名称命中",
            "文档 schemaKeys 命中",
            "文档精确命中",
            "Top3 核心概念树全量保留"
          ]
        },
        {
          "schema": "Depression",
          "zhName": "凹陷/坳陷",
          "category": "地理与构造单元",
          "description": "相对于周缘构造位置较低、沉积厚度较大、常为烃源岩发育有利区的负向构造单元。",
          "examples": [
            "济阳坳陷",
            "黄骅坳陷",
            "天环坳陷"
          ],
          "vector_score": 0.7757740020751953,
          "lexical_score": 0.0,
          "context_score": 0.0,
          "schema_key_score": 0.0,
          "document_score": 0.4363728761672974,
          "final_score": 0.4363728761672974,
          "selection_reasons": [
            "文档级向量召回",
            "Top3 核心概念树全量保留"
          ]
        },
        {
          "schema": "Block",
          "zhName": "区块",
          "category": "地理与构造单元",
          "description": "油气勘探开发中按照地理位置、构造位置或开发管理需要划分的研究或开发单元。",
          "examples": [
            "苏里格区块",
            "塔中区块",
            "长庆油田某开发区块"
          ],
          "vector_score": 0.7710280418395996,
          "lexical_score": 0.0,
          "context_score": 0.0,
          "schema_key_score": 0.0,
          "document_score": 0.4337032735347748,
          "final_score": 0.4337032735347748,
          "selection_reasons": [
            "文档级向量召回",
            "Top3 核心概念树全量保留"
          ]
        },
        {
          "schema": "StructuralBelt",
          "zhName": "构造带",
          "category": "地理与构造单元",
          "description": "由一组具有相似构造变形特征的构造要素组成的带状区域，如逆冲带、褶皱带、断裂构造带等。",
          "examples": [
            "西缘逆冲带",
            "贺兰－六盘山构造带",
            "断裂构造带"
          ],
          "vector_score": 0.7666335105895996,
          "lexical_score": 0.0,
          "context_score": 0.0,
          "schema_key_score": 0.0,
          "document_score": 0.43123134970664984,
          "final_score": 0.43123134970664984,
          "selection_reasons": [
            "文档级向量召回",
            "Top3 核心概念树全量保留"
          ]
        },
        {
          "schema": "SeismicProfile",
          "zhName": "地震剖面",
          "category": "勘探开发与资料类型",
          "description": "通过地震勘探获得的地下反射结构剖面，用于识别断层、构造、地层界面和沉积体。",
          "examples": [
            "过井地震剖面",
            "二维地震剖面",
            "三维地震剖面"
          ],
          "vector_score": 0.7612285614013672,
          "lexical_score": 0.0,
          "context_score": 0.0,
          "schema_key_score": 0.0,
          "document_score": 0.4281910657882691,
          "final_score": 0.4281910657882691,
          "selection_reasons": [
            "文档级向量召回",
            "Top3 核心概念树全量保留"
          ]
        },
        {
          "schema": "Sag",
          "zhName": "洼陷",
          "category": "地理与构造单元",
          "description": "通常指坳陷内部更局部、更低洼的沉积中心或构造低部位，是细粒沉积和烃源岩发育的重要区域。",
          "examples": [
            "渤南洼陷",
            "苏桥洼陷",
            "辽中洼陷"
          ],
          "vector_score": 0.7609586715698242,
          "lexical_score": 0.0,
          "context_score": 0.0,
          "schema_key_score": 0.0,
          "document_score": 0.4280392527580262,
          "final_score": 0.4280392527580262,
          "selection_reasons": [
            "文档级向量召回",
            "Top3 核心概念树全量保留"
          ]
        },
        {
          "schema": "GeologicalMap",
          "zhName": "地质图",
          "category": "勘探开发与资料类型",
          "description": "表达地层、构造、岩性、沉积相或油气分布等空间信息的图件资料。",
          "examples": [
            "构造图",
            "沉积相图",
            "地层厚度图",
            "油藏分布图"
          ],
          "vector_score": 0.0,
          "lexical_score": 0.65,
          "context_score": 0.0,
          "schema_key_score": 0.0,
          "document_score": 0.20312500000000003,
          "final_score": 0.20312500000000003,
          "selection_reasons": [
            "文档关键词、示例词或名称命中",
            "Top3 核心概念树全量保留",
            "Chunk 正文关键词、示例词或名称命中"
          ]
        },
        {
          "schema": "Subfacies",
          "zhName": "亚相",
          "category": "岩石、矿物与沉积体系",
          "description": "沉积相内部的次一级划分，用于更精细描述沉积环境和砂体分布。",
          "examples": [
            "三角洲前缘亚相",
            "滨浅湖亚相",
            "半深湖亚相"
          ],
          "vector_score": 0.0,
          "lexical_score": 0.65,
          "context_score": 0.0,
          "schema_key_score": 0.0,
          "document_score": 0.20312500000000003,
          "final_score": 0.20312500000000003,
          "selection_reasons": [
            "文档关键词、示例词或名称命中",
            "Top3 核心概念树全量保留",
            "Chunk 正文关键词、示例词或名称命中"
          ]
        },
        {
          "schema": "Microfacies",
          "zhName": "微相",
          "category": "岩石、矿物与沉积体系",
          "description": "亚相内部更精细的沉积单元，常用于储层非均质性分析和砂体精细刻画。",
          "examples": [
            "水下分流河道微相",
            "河口坝微相",
            "席状砂微相"
          ],
          "vector_score": 0.0,
          "lexical_score": 0.55,
          "context_score": 0.0,
          "schema_key_score": 0.0,
          "document_score": 0.17187500000000003,
          "final_score": 0.17187500000000003,
          "selection_reasons": [
            "文档关键词、示例词或名称命中",
            "Top3 核心概念树全量保留"
          ]
        },
        {
          "schema": "ProductionTest",
          "zhName": "测试/试采",
          "category": "勘探开发与资料类型",
          "description": "通过试油、试气、试采或产能测试获取储层流体性质、产量和开发潜力的资料类型。",
          "examples": [
            "试油",
            "试气",
            "产能测试",
            "试采资料"
          ],
          "vector_score": 0.0,
          "lexical_score": 0.55,
          "context_score": 0.55,
          "schema_key_score": 0.0,
          "document_score": 0.17187500000000003,
          "final_score": 0.17187500000000003,
          "selection_reasons": [
            "文档关键词、示例词或名称命中",
            "Top3 核心概念树全量保留",
            "Chunk 正文关键词、示例词或名称命中",
            "章节摘要或前后文命中"
          ]
        },
        {
          "schema": "Well",
          "zhName": "井",
          "category": "勘探开发与资料类型",
          "description": "用于钻探、取心、测井、试油气或开发生产的钻井实体。",
          "examples": [
            "苏6井",
            "鄂123井",
            "塔中1井"
          ],
          "vector_score": 0.0,
          "lexical_score": 0.0,
          "context_score": 0.0,
          "schema_key_score": 0.0,
          "document_score": 0.0,
          "final_score": 0.0,
          "selection_reasons": [
            "Top3 核心概念树全量保留"
          ]
        },
        {
          "schema": "Isotope",
          "zhName": "同位素",
          "category": "地球化学与有机质实体",
          "description": "用于地球化学示踪、成因判别、古环境恢复和流体来源分析的同位素指标。",
          "examples": [
            "δ13C",
            "δ18O",
            "87Sr/86Sr",
            "碳同位素"
          ],
          "vector_score": 0.0,
          "lexical_score": 0.75,
          "context_score": 0.65,
          "schema_key_score": 0.0,
          "document_score": 0.0,
          "final_score": 0.75,
          "selection_reasons": [
            "受控一跳概念扩展"
          ]
        },
        {
          "schema": "Unconformity",
          "zhName": "不整合面",
          "category": "地层与地质时代",
          "description": "上下两套地层之间存在沉积间断、剥蚀或构造变形差异的地层接触界面。",
          "examples": [
            "加里东不整合面",
            "印支期不整合面",
            "区域不整合面"
          ],
          "vector_score": 0.7676448822021484,
          "lexical_score": 0.65,
          "context_score": 0.55,
          "schema_key_score": 0.0,
          "document_score": 0.6686882078647614,
          "final_score": 0.6924736749380825,
          "selection_reasons": [
            "Chunk 向量召回",
            "Chunk 正文关键词、示例词或名称命中",
            "章节摘要或前后文命中",
            "Document Schema Prior"
          ]
        },
        {
          "schema": "Bed",
          "zhName": "层/单层",
          "category": "地层与地质时代",
          "description": "最基本的层状地质单元，通常对应一个单独的岩层、砂层、泥岩层或煤层。",
          "examples": [
            "单砂层",
            "泥岩层",
            "7号煤层"
          ],
          "vector_score": 0.0,
          "lexical_score": 0.65,
          "context_score": 0.55,
          "schema_key_score": 0.0,
          "document_score": 0.0,
          "final_score": 0.65,
          "selection_reasons": [
            "受控一跳概念扩展"
          ]
        },
        {
          "schema": "Biomarker",
          "zhName": "生物标志化合物",
          "category": "地球化学与有机质实体",
          "description": "能够反映有机质来源、沉积环境、成熟度和油源对比信息的特征有机化合物。",
          "examples": [
            "甾烷",
            "萜烷",
            "藿烷",
            "伽马蜡烷"
          ],
          "vector_score": 0.0,
          "lexical_score": 0.65,
          "context_score": 0.55,
          "schema_key_score": 0.0,
          "document_score": 0.0,
          "final_score": 0.65,
          "selection_reasons": [
            "受控一跳概念扩展"
          ]
        },
        {
          "schema": "OrganicMatter",
          "zhName": "有机质",
          "category": "地球化学与有机质实体",
          "description": "沉积岩中来源于生物残体并可转化为油气的有机组分，是评价烃源岩的重要对象。",
          "examples": [
            "腐泥型有机质",
            "腐殖型有机质",
            "藻类有机质"
          ],
          "vector_score": 0.0,
          "lexical_score": 0.65,
          "context_score": 0.65,
          "schema_key_score": 0.0,
          "document_score": 0.0,
          "final_score": 0.65,
          "selection_reasons": [
            "受控一跳概念扩展"
          ]
        },
        {
          "schema": "ReservoirInterval",
          "zhName": "目的层/储层段",
          "category": "地层与地质时代",
          "description": "勘探开发或储层评价中重点研究的含油气层段或目标储层层位。",
          "examples": [
            "长7储层段",
            "马五目的层",
            "盒8储层段"
          ],
          "vector_score": 0.0,
          "lexical_score": 0.65,
          "context_score": 0.55,
          "schema_key_score": 0.0,
          "document_score": 0.0,
          "final_score": 0.65,
          "selection_reasons": [
            "受控一跳概念扩展"
          ]
        },
        {
          "schema": "SequenceStratigraphicUnit",
          "zhName": "层序单元",
          "category": "地层与地质时代",
          "description": "层序地层学中依据基准面变化、沉积旋回和界面特征划分出的地层单元。",
          "examples": [
            "三级层序",
            "SQ1",
            "SQ2"
          ],
          "vector_score": 0.0,
          "lexical_score": 0.65,
          "context_score": 0.55,
          "schema_key_score": 0.0,
          "document_score": 0.0,
          "final_score": 0.65,
          "selection_reasons": [
            "受控一跳概念扩展"
          ]
        },
        {
          "schema": "SubMember",
          "zhName": "亚段/小层",
          "category": "地层与地质时代",
          "description": "段以下更精细的地层划分单元，常用于储层精细对比和小层划分。",
          "examples": [
            "长7三亚段",
            "马五5小层",
            "长6一小层"
          ],
          "vector_score": 0.0,
          "lexical_score": 0.65,
          "context_score": 0.55,
          "schema_key_score": 0.0,
          "document_score": 0.0,
          "final_score": 0.65,
          "selection_reasons": [
            "受控一跳概念扩展"
          ]
        },
        {
          "schema": "AccumulationProcess",
          "zhName": "成藏过程",
          "category": "油气成藏要素",
          "description": "油气从生成、排出、运移、聚集到保存的动态地质过程。",
          "examples": [
            "生烃",
            "排烃",
            "油气运移",
            "油气聚集"
          ],
          "vector_score": 0.0,
          "lexical_score": 0.6,
          "context_score": 0.0,
          "schema_key_score": 0.0,
          "document_score": 0.0,
          "final_score": 0.6,
          "selection_reasons": [
            "受控一跳概念扩展"
          ]
        },
        {
          "schema": "SourceRock",
          "zhName": "烃源岩",
          "category": "油气成藏要素",
          "description": "富含有机质并能够生成油气的岩石，是油气成藏的物质基础。",
          "examples": [
            "长7烃源岩",
            "龙马溪组页岩",
            "湖相泥页岩"
          ],
          "vector_score": 0.0,
          "lexical_score": 0.0,
          "context_score": 0.6,
          "schema_key_score": 0.0,
          "document_score": 0.0,
          "final_score": 0.6,
          "selection_reasons": [
            "受控一跳概念扩展"
          ]
        },
        {
          "schema": "KerogenType",
          "zhName": "干酪根类型",
          "category": "地球化学与有机质实体",
          "description": "根据有机质来源、显微组分和生烃潜力划分的干酪根类别。",
          "examples": [
            "I型干酪根",
            "II1型干酪根",
            "III型干酪根"
          ],
          "vector_score": 0.0,
          "lexical_score": 0.55,
          "context_score": 0.55,
          "schema_key_score": 0.0,
          "document_score": 0.0,
          "final_score": 0.55,
          "selection_reasons": [
            "受控一跳概念扩展"
          ]
        },
        {
          "schema": "Trap",
          "zhName": "圈闭",
          "category": "油气成藏要素",
          "description": "能够阻止油气继续运移并使油气聚集保存的地质空间结构。",
          "examples": [
            "构造圈闭",
            "岩性圈闭",
            "地层圈闭",
            "复合圈闭"
          ],
          "vector_score": 0.0,
          "lexical_score": 0.55,
          "context_score": 0.0,
          "schema_key_score": 0.0,
          "document_score": 0.0,
          "final_score": 0.55,
          "selection_reasons": [
            "受控一跳概念扩展"
          ]
        },
        {
          "schema": "GeologicAge",
          "zhName": "地质时代",
          "category": "地层与地质时代",
          "description": "表示地层形成或地质事件发生的时间单位，可包括宙、代、纪、世、期等不同层级。",
          "examples": [
            "三叠纪",
            "侏罗纪",
            "寒武纪"
          ],
          "vector_score": 0.0,
          "lexical_score": 0.75,
          "context_score": 0.65,
          "schema_key_score": 1.0,
          "document_score": 0.45,
          "final_score": 0.48250000000000004,
          "selection_reasons": [
            "Chunk 正文关键词、示例词或名称命中",
            "章节摘要或前后文命中",
            "Document Schema Prior",
            "章节 schemaKeys 命中",
            "Chunk 精确命中"
          ]
        },
        {
          "schema": "Experiment",
          "zhName": "实验",
          "category": "实验样品与测试",
          "description": "针对样品开展的测试或分析过程，用于获取物性、地球化学、矿物学或储层结构参数。",
          "examples": [
            "压汞实验",
            "热解实验",
            "X射线衍射实验",
            "扫描电镜实验"
          ],
          "vector_score": 0.0,
          "lexical_score": 0.55,
          "context_score": 0.55,
          "schema_key_score": 1.0,
          "document_score": 0.45,
          "final_score": 0.43250000000000005,
          "selection_reasons": [
            "Chunk 正文关键词、示例词或名称命中",
            "章节摘要或前后文命中",
            "Document Schema Prior",
            "章节 schemaKeys 命中",
            "Chunk 精确命中"
          ]
        },
        {
          "schema": "Fracture",
          "zhName": "裂缝",
          "category": "储层结构与评价实体",
          "description": "岩石中因构造应力、成岩收缩或溶蚀作用形成的破裂面，可改善储层渗流能力。",
          "examples": [
            "构造裂缝",
            "成岩裂缝",
            "高角度裂缝"
          ],
          "vector_score": 0.7634272575378418,
          "lexical_score": 0.0,
          "context_score": 0.0,
          "schema_key_score": 0.0,
          "document_score": 0.42872884869575506,
          "final_score": 0.41438608430325985,
          "selection_reasons": [
            "Chunk 向量召回",
            "Document Schema Prior"
          ]
        },
        {
          "schema": "AnalyticalMethod",
          "zhName": "分析方法",
          "category": "实验样品与测试",
          "description": "用于样品测试、数据分析和地质解释的具体技术方法或实验手段。",
          "examples": [
            "TOC分析",
            "Rock-Eval热解",
            "XRD分析",
            "气相色谱分析"
          ],
          "vector_score": 0.0,
          "lexical_score": 0.55,
          "context_score": 0.0,
          "schema_key_score": 1.0,
          "document_score": 0.45,
          "final_score": 0.37750000000000006,
          "selection_reasons": [
            "Chunk 正文关键词、示例词或名称命中",
            "Document Schema Prior",
            "章节 schemaKeys 命中",
            "Chunk 精确命中"
          ]
        },
        {
          "schema": "StratigraphicMember",
          "zhName": "段",
          "category": "地层与地质时代",
          "description": "组以下的次一级地层单位，常用于进一步划分储层、烃源岩或沉积旋回。",
          "examples": [
            "长7段",
            "长8段",
            "马五段"
          ],
          "vector_score": 0.0,
          "lexical_score": 1.0,
          "context_score": 0.55,
          "schema_key_score": 0.0,
          "document_score": 0.3125,
          "final_score": 0.37734375,
          "selection_reasons": [
            "Chunk 正文关键词、示例词或名称命中",
            "章节摘要或前后文命中",
            "Document Schema Prior",
            "Chunk 精确命中"
          ]
        },
        {
          "schema": "StratigraphicBoundary",
          "zhName": "地层界面",
          "category": "地层与地质时代",
          "description": "不同地层单元之间的分界面，可反映沉积间断、岩性变化或地质时代转换。",
          "examples": [
            "奥陶系顶界面",
            "延长组底界面",
            "组段分界面"
          ],
          "vector_score": 0.0,
          "lexical_score": 0.65,
          "context_score": 0.55,
          "schema_key_score": 0.0,
          "document_score": 0.6977082192897797,
          "final_score": 0.36207029111683364,
          "selection_reasons": [
            "Chunk 正文关键词、示例词或名称命中",
            "章节摘要或前后文命中",
            "Document Schema Prior"
          ]
        },
        {
          "schema": "SequenceBoundary",
          "zhName": "层序界面",
          "category": "地层与地质时代",
          "description": "层序单元之间的边界，通常与相对湖平面或海平面变化、沉积间断或侵蚀面有关。",
          "examples": [
            "SB1",
            "SB2",
            "三级层序界面"
          ],
          "vector_score": 0.0,
          "lexical_score": 0.65,
          "context_score": 0.55,
          "schema_key_score": 0.0,
          "document_score": 0.6593240797519684,
          "final_score": 0.354873264953494,
          "selection_reasons": [
            "Chunk 正文关键词、示例词或名称命中",
            "章节摘要或前后文命中",
            "Document Schema Prior"
          ]
        },
        {
          "schema": "Formation",
          "zhName": "组",
          "category": "地层与地质时代",
          "description": "岩石地层单位中的基本单位，通常具有相对稳定的岩性组合和区域可识别性。",
          "examples": [
            "延长组",
            "马家沟组",
            "龙马溪组"
          ],
          "vector_score": 0.0,
          "lexical_score": 0.65,
          "context_score": 1.0,
          "schema_key_score": 0.0,
          "document_score": 0.3125,
          "final_score": 0.34609375,
          "selection_reasons": [
            "Chunk 正文关键词、示例词或名称命中",
            "章节摘要或前后文命中",
            "Document Schema Prior"
          ]
        },
        {
          "schema": "PetroleumSystem",
          "zhName": "含油气系统/成藏系统",
          "category": "油气成藏要素",
          "description": "由烃源岩、储层、盖层、圈闭、运移和保存条件等共同构成的油气生成、运移与聚集系统。",
          "examples": [
            "鄂尔多斯盆地延长组成藏系统",
            "四川盆地下古生界含气系统"
          ],
          "vector_score": 0.0,
          "lexical_score": 0.55,
          "context_score": 0.65,
          "schema_key_score": 0.0,
          "document_score": 0.6318340003490449,
          "final_score": 0.3372188750654459,
          "selection_reasons": [
            "Chunk 正文关键词、示例词或名称命中",
            "章节摘要或前后文命中",
            "Document Schema Prior"
          ]
        },
        {
          "schema": "CarrierSystem",
          "zhName": "输导体系",
          "category": "油气成藏要素",
          "description": "由断层、裂缝、砂体、不整合面等共同组成的油气输导网络。",
          "examples": [
            "断砂组合输导体系",
            "裂缝输导体系",
            "不整合面输导体系"
          ],
          "vector_score": 0.0,
          "lexical_score": 0.0,
          "context_score": 0.0,
          "schema_key_score": 0.0,
          "document_score": 0.0,
          "final_score": 0.2,
          "selection_reasons": [
            "受控一跳概念扩展"
          ]
        },
        {
          "schema": "Cavity",
          "zhName": "溶蚀孔洞/洞穴",
          "category": "储层结构与评价实体",
          "description": "碳酸盐岩或其他可溶岩石中因溶蚀作用形成的较大孔洞空间，是重要的储集空间类型。",
          "examples": [
            "溶洞",
            "溶蚀孔",
            "洞穴型储集空间"
          ],
          "vector_score": 0.0,
          "lexical_score": 0.0,
          "context_score": 0.0,
          "schema_key_score": 0.0,
          "document_score": 0.0,
          "final_score": 0.2,
          "selection_reasons": [
            "受控一跳概念扩展"
          ]
        },
        {
          "schema": "Hydrocarbon",
          "zhName": "烃类/油气",
          "category": "油气藏与流体",
          "description": "由碳氢化合物组成的油气物质，包括原油、天然气、凝析油等。",
          "examples": [
            "原油",
            "天然气",
            "凝析油",
            "页岩气"
          ],
          "vector_score": 0.0,
          "lexical_score": 0.0,
          "context_score": 0.0,
          "schema_key_score": 0.0,
          "document_score": 0.0,
          "final_score": 0.2,
          "selection_reasons": [
            "受控一跳概念扩展"
          ]
        },
        {
          "schema": "MigrationPathway",
          "zhName": "运移通道",
          "category": "油气成藏要素",
          "description": "油气从烃源岩向储层或圈闭运移过程中经过的通道或介质。",
          "examples": [
            "断层运移通道",
            "砂体输导层",
            "裂缝通道"
          ],
          "vector_score": 0.0,
          "lexical_score": 0.0,
          "context_score": 0.0,
          "schema_key_score": 0.0,
          "document_score": 0.0,
          "final_score": 0.2,
          "selection_reasons": [
            "受控一跳概念扩展"
          ]
        }
      ],
      "relations": [
        {
          "source_schema": "AccumulationProcess",
          "relationEn": "INVOLVES",
          "relationZh": "涉及",
          "target_schema": "MigrationPathway",
          "edge_score": 0.0
        },
        {
          "source_schema": "AccumulationProcess",
          "relationEn": "INVOLVES",
          "relationZh": "涉及",
          "target_schema": "SourceRock",
          "edge_score": 0.0
        },
        {
          "source_schema": "AccumulationProcess",
          "relationEn": "INVOLVES",
          "relationZh": "涉及",
          "target_schema": "Trap",
          "edge_score": 0.0
        },
        {
          "source_schema": "AccumulationProcess",
          "relationEn": "OCCURS_IN",
          "relationZh": "发生于",
          "target_schema": "PetroleumSystem",
          "edge_score": 0.0
        },
        {
          "source_schema": "AnalyticalMethod",
          "relationEn": "ANALYZES",
          "relationZh": "分析",
          "target_schema": "Biomarker",
          "edge_score": 0.0
        },
        {
          "source_schema": "AnalyticalMethod",
          "relationEn": "ANALYZES",
          "relationZh": "分析",
          "target_schema": "Cavity",
          "edge_score": 0.0
        },
        {
          "source_schema": "AnalyticalMethod",
          "relationEn": "ANALYZES",
          "relationZh": "分析",
          "target_schema": "Fracture",
          "edge_score": 0.0
        },
        {
          "source_schema": "AnalyticalMethod",
          "relationEn": "ANALYZES",
          "relationZh": "分析",
          "target_schema": "Isotope",
          "edge_score": 0.0
        },
        {
          "source_schema": "AnalyticalMethod",
          "relationEn": "ANALYZES",
          "relationZh": "分析",
          "target_schema": "KerogenType",
          "edge_score": 0.0
        },
        {
          "source_schema": "AnalyticalMethod",
          "relationEn": "ANALYZES",
          "relationZh": "分析",
          "target_schema": "Lithology",
          "edge_score": 0.0
        },
        {
          "source_schema": "AnalyticalMethod",
          "relationEn": "ANALYZES",
          "relationZh": "分析",
          "target_schema": "Mineral",
          "edge_score": 0.0
        },
        {
          "source_schema": "AnalyticalMethod",
          "relationEn": "ANALYZES",
          "relationZh": "分析",
          "target_schema": "OrganicMatter",
          "edge_score": 0.0
        },
        {
          "source_schema": "Basin",
          "relationEn": "CONTAINS",
          "relationZh": "包含",
          "target_schema": "Block",
          "edge_score": 0.0
        },
        {
          "source_schema": "Basin",
          "relationEn": "CONTAINS",
          "relationZh": "包含",
          "target_schema": "Depression",
          "edge_score": 0.0
        },
        {
          "source_schema": "Basin",
          "relationEn": "CONTAINS",
          "relationZh": "包含",
          "target_schema": "FaultZone",
          "edge_score": 0.0
        },
        {
          "source_schema": "Basin",
          "relationEn": "CONTAINS",
          "relationZh": "包含",
          "target_schema": "Sag",
          "edge_score": 0.0
        },
        {
          "source_schema": "Basin",
          "relationEn": "CONTAINS",
          "relationZh": "包含",
          "target_schema": "Slope",
          "edge_score": 0.0
        },
        {
          "source_schema": "Basin",
          "relationEn": "CONTAINS",
          "relationZh": "包含",
          "target_schema": "StructuralBelt",
          "edge_score": 0.0
        },
        {
          "source_schema": "Basin",
          "relationEn": "CONTAINS",
          "relationZh": "包含",
          "target_schema": "StructuralUnit",
          "edge_score": 0.0
        },
        {
          "source_schema": "Basin",
          "relationEn": "CONTAINS",
          "relationZh": "包含",
          "target_schema": "StudyArea",
          "edge_score": 0.0
        },
        {
          "source_schema": "Basin",
          "relationEn": "CONTAINS",
          "relationZh": "包含",
          "target_schema": "Uplift",
          "edge_score": 0.0
        },
        {
          "source_schema": "Basin",
          "relationEn": "DEVELOPS",
          "relationZh": "发育",
          "target_schema": "Formation",
          "edge_score": 0.0
        },
        {
          "source_schema": "Basin",
          "relationEn": "DEVELOPS",
          "relationZh": "发育",
          "target_schema": "ReservoirInterval",
          "edge_score": 0.0
        },
        {
          "source_schema": "Basin",
          "relationEn": "DEVELOPS",
          "relationZh": "发育",
          "target_schema": "StratigraphicMember",
          "edge_score": 0.0
        },
        {
          "source_schema": "Bed",
          "relationEn": "CONTAINS",
          "relationZh": "包含",
          "target_schema": "ReservoirInterval",
          "edge_score": 0.0
        },
        {
          "source_schema": "Bed",
          "relationEn": "HAS_LITHOLOGY",
          "relationZh": "具有岩性",
          "target_schema": "Lithology",
          "edge_score": 0.0
        },
        {
          "source_schema": "Bed",
          "relationEn": "PART_OF",
          "relationZh": "属于",
          "target_schema": "SubMember",
          "edge_score": 0.0
        },
        {
          "source_schema": "Biomarker",
          "relationEn": "INDICATES",
          "relationZh": "指示",
          "target_schema": "DepositionalEnvironment",
          "edge_score": 0.0
        },
        {
          "source_schema": "Biomarker",
          "relationEn": "INDICATES",
          "relationZh": "指示",
          "target_schema": "Hydrocarbon",
          "edge_score": 0.0
        },
        {
          "source_schema": "Biomarker",
          "relationEn": "INDICATES",
          "relationZh": "指示",
          "target_schema": "OrganicMatter",
          "edge_score": 0.0
        },
        {
          "source_schema": "Biomarker",
          "relationEn": "INDICATES",
          "relationZh": "指示",
          "target_schema": "SourceRock",
          "edge_score": 0.0
        },
        {
          "source_schema": "CarrierSystem",
          "relationEn": "CONTAINS",
          "relationZh": "包含",
          "target_schema": "MigrationPathway",
          "edge_score": 0.0
        },
        {
          "source_schema": "Core",
          "relationEn": "REVEALS",
          "relationZh": "揭示",
          "target_schema": "Fracture",
          "edge_score": 0.0
        },
        {
          "source_schema": "Core",
          "relationEn": "REVEALS",
          "relationZh": "揭示",
          "target_schema": "Lithology",
          "edge_score": 0.0
        },
        {
          "source_schema": "Core",
          "relationEn": "REVEALS",
          "relationZh": "揭示",
          "target_schema": "SedimentaryStructure",
          "edge_score": 0.0
        },
        {
          "source_schema": "Core",
          "relationEn": "SAMPLED_FROM",
          "relationZh": "取自",
          "target_schema": "ReservoirInterval",
          "edge_score": 0.0
        },
        {
          "source_schema": "Core",
          "relationEn": "SAMPLED_FROM",
          "relationZh": "取自",
          "target_schema": "Well",
          "edge_score": 0.0
        },
        {
          "source_schema": "DepositionalEnvironment",
          "relationEn": "CONTROLS",
          "relationZh": "控制",
          "target_schema": "Lithology",
          "edge_score": 0.0
        },
        {
          "source_schema": "DepositionalEnvironment",
          "relationEn": "CONTROLS",
          "relationZh": "控制",
          "target_schema": "SedimentaryFacies",
          "edge_score": 0.0
        },
        {
          "source_schema": "DepositionalSystem",
          "relationEn": "CONTAINS",
          "relationZh": "包含",
          "target_schema": "Microfacies",
          "edge_score": 0.0
        },
        {
          "source_schema": "DepositionalSystem",
          "relationEn": "CONTAINS",
          "relationZh": "包含",
          "target_schema": "SedimentaryFacies",
          "edge_score": 0.0
        },
        {
          "source_schema": "DepositionalSystem",
          "relationEn": "CONTAINS",
          "relationZh": "包含",
          "target_schema": "Subfacies",
          "edge_score": 0.0
        },
        {
          "source_schema": "Depression",
          "relationEn": "CONTAINS",
          "relationZh": "包含",
          "target_schema": "Sag",
          "edge_score": 0.0
        },
        {
          "source_schema": "Depression",
          "relationEn": "DEVELOPS",
          "relationZh": "发育",
          "target_schema": "SourceRock",
          "edge_score": 0.0
        },
        {
          "source_schema": "Depression",
          "relationEn": "PART_OF",
          "relationZh": "属于",
          "target_schema": "Basin",
          "edge_score": 0.0
        },
        {
          "source_schema": "Diagenesis",
          "relationEn": "AFFECTS",
          "relationZh": "影响",
          "target_schema": "Lithology",
          "edge_score": 0.0
        },
        {
          "source_schema": "Diagenesis",
          "relationEn": "AFFECTS",
          "relationZh": "影响",
          "target_schema": "Mineral",
          "edge_score": 0.0
        },
        {
          "source_schema": "Diagenesis",
          "relationEn": "AFFECTS",
          "relationZh": "影响",
          "target_schema": "RockTexture",
          "edge_score": 0.0
        },
        {
          "source_schema": "Diagenesis",
          "relationEn": "FORMS",
          "relationZh": "形成",
          "target_schema": "Cavity",
          "edge_score": 0.0
        },
        {
          "source_schema": "Diagenesis",
          "relationEn": "FORMS",
          "relationZh": "形成",
          "target_schema": "DiageneticFacies",
          "edge_score": 0.0
        },
        {
          "source_schema": "Diagenesis",
          "relationEn": "HAS_STAGE",
          "relationZh": "具有阶段",
          "target_schema": "DiageneticStage",
          "edge_score": 0.0
        },
        {
          "source_schema": "DiageneticFacies",
          "relationEn": "CONTROLLED_BY",
          "relationZh": "受……控制",
          "target_schema": "Diagenesis",
          "edge_score": 0.0
        },
        {
          "source_schema": "Experiment",
          "relationEn": "EVALUATES",
          "relationZh": "评价",
          "target_schema": "Hydrocarbon",
          "edge_score": 0.0
        },
        {
          "source_schema": "Experiment",
          "relationEn": "EVALUATES",
          "relationZh": "评价",
          "target_schema": "SourceRock",
          "edge_score": 0.0
        },
        {
          "source_schema": "Experiment",
          "relationEn": "USES_METHOD",
          "relationZh": "使用方法",
          "target_schema": "AnalyticalMethod",
          "edge_score": 0.0
        },
        {
          "source_schema": "Fault",
          "relationEn": "CONTROLS",
          "relationZh": "控制",
          "target_schema": "Block",
          "edge_score": 0.0
        },
        {
          "source_schema": "Fault",
          "relationEn": "CONTROLS",
          "relationZh": "控制",
          "target_schema": "Fracture",
          "edge_score": 0.0
        },
        {
          "source_schema": "Fault",
          "relationEn": "CONTROLS",
          "relationZh": "控制",
          "target_schema": "MigrationPathway",
          "edge_score": 0.0
        },
        {
          "source_schema": "Fault",
          "relationEn": "CONTROLS",
          "relationZh": "控制",
          "target_schema": "StratigraphicBoundary",
          "edge_score": 0.0
        },
        {
          "source_schema": "Fault",
          "relationEn": "CONTROLS",
          "relationZh": "控制",
          "target_schema": "StructuralUnit",
          "edge_score": 0.0
        },
        {
          "source_schema": "Fault",
          "relationEn": "CONTROLS",
          "relationZh": "控制",
          "target_schema": "Trap",
          "edge_score": 0.0
        },
        {
          "source_schema": "Fault",
          "relationEn": "CUTS",
          "relationZh": "切割",
          "target_schema": "Formation",
          "edge_score": 0.0
        },
        {
          "source_schema": "Fault",
          "relationEn": "CUTS",
          "relationZh": "切割",
          "target_schema": "ReservoirInterval",
          "edge_score": 0.0
        },
        {
          "source_schema": "Fault",
          "relationEn": "CUTS",
          "relationZh": "切割",
          "target_schema": "StratigraphicMember",
          "edge_score": 0.0
        },
        {
          "source_schema": "Fault",
          "relationEn": "PART_OF",
          "relationZh": "属于",
          "target_schema": "FaultZone",
          "edge_score": 0.0
        },
        {
          "source_schema": "FaultZone",
          "relationEn": "CONTAINS",
          "relationZh": "包含",
          "target_schema": "Fault",
          "edge_score": 0.0
        },
        {
          "source_schema": "FaultZone",
          "relationEn": "CONTROLS",
          "relationZh": "控制",
          "target_schema": "CarrierSystem",
          "edge_score": 0.0
        },
        {
          "source_schema": "FaultZone",
          "relationEn": "CONTROLS",
          "relationZh": "控制",
          "target_schema": "StructuralBelt",
          "edge_score": 0.0
        },
        {
          "source_schema": "FaultZone",
          "relationEn": "CONTROLS",
          "relationZh": "控制",
          "target_schema": "StructuralUnit",
          "edge_score": 0.0
        },
        {
          "source_schema": "FaultZone",
          "relationEn": "CONTROLS",
          "relationZh": "控制",
          "target_schema": "Unconformity",
          "edge_score": 0.0
        },
        {
          "source_schema": "Formation",
          "relationEn": "BELONGS_TO",
          "relationZh": "属于",
          "target_schema": "DepositionalSystem",
          "edge_score": 0.0
        },
        {
          "source_schema": "Formation",
          "relationEn": "CONTAINS",
          "relationZh": "包含",
          "target_schema": "ReservoirInterval",
          "edge_score": 0.0
        },
        {
          "source_schema": "Formation",
          "relationEn": "DEPOSITED_IN",
          "relationZh": "沉积于",
          "target_schema": "DepositionalEnvironment",
          "edge_score": 0.0
        },
        {
          "source_schema": "Formation",
          "relationEn": "HAS_FACIES",
          "relationZh": "具有沉积相",
          "target_schema": "SedimentaryFacies",
          "edge_score": 0.0
        },
        {
          "source_schema": "Formation",
          "relationEn": "HAS_LITHOLOGY",
          "relationZh": "具有岩性",
          "target_schema": "Lithology",
          "edge_score": 0.0
        },
        {
          "source_schema": "Formation",
          "relationEn": "HAS_MEMBER",
          "relationZh": "具有段",
          "target_schema": "StratigraphicMember",
          "edge_score": 0.0
        },
        {
          "source_schema": "GeologicAge",
          "relationEn": "DEFINES_AGE_OF",
          "relationZh": "限定时代",
          "target_schema": "Bed",
          "edge_score": 0.0
        },
        {
          "source_schema": "GeologicAge",
          "relationEn": "DEFINES_AGE_OF",
          "relationZh": "限定时代",
          "target_schema": "Formation",
          "edge_score": 0.0
        },
        {
          "source_schema": "GeologicAge",
          "relationEn": "DEFINES_AGE_OF",
          "relationZh": "限定时代",
          "target_schema": "SequenceStratigraphicUnit",
          "edge_score": 0.0
        },
        {
          "source_schema": "GeologicAge",
          "relationEn": "DEFINES_AGE_OF",
          "relationZh": "限定时代",
          "target_schema": "StratigraphicMember",
          "edge_score": 0.0
        },
        {
          "source_schema": "GeologicAge",
          "relationEn": "DEFINES_AGE_OF",
          "relationZh": "限定时代",
          "target_schema": "SubMember",
          "edge_score": 0.0
        },
        {
          "source_schema": "GeologicalMap",
          "relationEn": "SHOWS",
          "relationZh": "展示",
          "target_schema": "Basin",
          "edge_score": 0.0
        },
        {
          "source_schema": "GeologicalMap",
          "relationEn": "SHOWS",
          "relationZh": "展示",
          "target_schema": "Fault",
          "edge_score": 0.0
        },
        {
          "source_schema": "GeologicalMap",
          "relationEn": "SHOWS",
          "relationZh": "展示",
          "target_schema": "FaultZone",
          "edge_score": 0.0
        },
        {
          "source_schema": "GeologicalMap",
          "relationEn": "SHOWS",
          "relationZh": "展示",
          "target_schema": "Formation",
          "edge_score": 0.0
        },
        {
          "source_schema": "GeologicalMap",
          "relationEn": "SHOWS",
          "relationZh": "展示",
          "target_schema": "SedimentaryFacies",
          "edge_score": 0.0
        },
        {
          "source_schema": "GeologicalMap",
          "relationEn": "SHOWS",
          "relationZh": "展示",
          "target_schema": "StructuralUnit",
          "edge_score": 0.0
        },
        {
          "source_schema": "Hydrocarbon",
          "relationEn": "ACCUMULATES_IN",
          "relationZh": "聚集于",
          "target_schema": "Trap",
          "edge_score": 0.0
        },
        {
          "source_schema": "Hydrocarbon",
          "relationEn": "CORRELATED_WITH",
          "relationZh": "油源对比于",
          "target_schema": "SourceRock",
          "edge_score": 0.0
        },
        {
          "source_schema": "Hydrocarbon",
          "relationEn": "HAS_BIOMARKER",
          "relationZh": "具有生物标志化合物",
          "target_schema": "Biomarker",
          "edge_score": 0.0
        },
        {
          "source_schema": "Hydrocarbon",
          "relationEn": "HAS_ISOTOPE",
          "relationZh": "具有同位素",
          "target_schema": "Isotope",
          "edge_score": 0.0
        },
        {
          "source_schema": "Isotope",
          "relationEn": "INDICATES",
          "relationZh": "指示",
          "target_schema": "DepositionalEnvironment",
          "edge_score": 0.0
        },
        {
          "source_schema": "Isotope",
          "relationEn": "INDICATES",
          "relationZh": "指示",
          "target_schema": "Hydrocarbon",
          "edge_score": 0.0
        },
        {
          "source_schema": "Isotope",
          "relationEn": "INDICATES",
          "relationZh": "指示",
          "target_schema": "SourceRock",
          "edge_score": 0.0
        },
        {
          "source_schema": "Lithology",
          "relationEn": "COMPOSED_OF",
          "relationZh": "由……组成",
          "target_schema": "Mineral",
          "edge_score": 0.0
        },
        {
          "source_schema": "Lithology",
          "relationEn": "HAS_STRUCTURE",
          "relationZh": "具有沉积构造",
          "target_schema": "SedimentaryStructure",
          "edge_score": 0.0
        },
        {
          "source_schema": "Lithology",
          "relationEn": "HAS_TEXTURE",
          "relationZh": "具有结构/组构",
          "target_schema": "RockTexture",
          "edge_score": 0.0
        },
        {
          "source_schema": "Lithology",
          "relationEn": "INDICATES",
          "relationZh": "指示",
          "target_schema": "DepositionalEnvironment",
          "edge_score": 0.0
        },
        {
          "source_schema": "Lithology",
          "relationEn": "INDICATES",
          "relationZh": "指示",
          "target_schema": "SedimentaryFacies",
          "edge_score": 0.0
        },
        {
          "source_schema": "Microfacies",
          "relationEn": "PART_OF",
          "relationZh": "属于",
          "target_schema": "Subfacies",
          "edge_score": 0.0
        },
        {
          "source_schema": "MigrationPathway",
          "relationEn": "CONNECTS",
          "relationZh": "连接",
          "target_schema": "SourceRock",
          "edge_score": 0.0
        },
        {
          "source_schema": "MigrationPathway",
          "relationEn": "CONNECTS",
          "relationZh": "连接",
          "target_schema": "Trap",
          "edge_score": 0.0
        },
        {
          "source_schema": "OrganicMatter",
          "relationEn": "GENERATES",
          "relationZh": "生成",
          "target_schema": "Hydrocarbon",
          "edge_score": 0.0
        },
        {
          "source_schema": "OrganicMatter",
          "relationEn": "HAS_TYPE",
          "relationZh": "具有类型",
          "target_schema": "KerogenType",
          "edge_score": 0.0
        },
        {
          "source_schema": "Outcrop",
          "relationEn": "EXPOSES",
          "relationZh": "出露",
          "target_schema": "Fault",
          "edge_score": 0.0
        },
        {
          "source_schema": "Outcrop",
          "relationEn": "EXPOSES",
          "relationZh": "出露",
          "target_schema": "Formation",
          "edge_score": 0.0
        },
        {
          "source_schema": "Outcrop",
          "relationEn": "EXPOSES",
          "relationZh": "出露",
          "target_schema": "Lithology",
          "edge_score": 0.0
        },
        {
          "source_schema": "Outcrop",
          "relationEn": "EXPOSES",
          "relationZh": "出露",
          "target_schema": "StratigraphicBoundary",
          "edge_score": 0.0
        },
        {
          "source_schema": "Outcrop",
          "relationEn": "EXPOSES",
          "relationZh": "出露",
          "target_schema": "StratigraphicMember",
          "edge_score": 0.0
        },
        {
          "source_schema": "PetroleumSystem",
          "relationEn": "DEVELOPED_IN",
          "relationZh": "发育于",
          "target_schema": "Basin",
          "edge_score": 0.0
        },
        {
          "source_schema": "PetroleumSystem",
          "relationEn": "DEVELOPED_IN",
          "relationZh": "发育于",
          "target_schema": "Block",
          "edge_score": 0.0
        },
        {
          "source_schema": "PetroleumSystem",
          "relationEn": "DEVELOPED_IN",
          "relationZh": "发育于",
          "target_schema": "StructuralUnit",
          "edge_score": 0.0
        },
        {
          "source_schema": "PetroleumSystem",
          "relationEn": "HAS_CARRIER_SYSTEM",
          "relationZh": "具有输导体系",
          "target_schema": "CarrierSystem",
          "edge_score": 0.0
        },
        {
          "source_schema": "PetroleumSystem",
          "relationEn": "HAS_MIGRATION_PATHWAY",
          "relationZh": "具有运移通道",
          "target_schema": "MigrationPathway",
          "edge_score": 0.0
        },
        {
          "source_schema": "PetroleumSystem",
          "relationEn": "HAS_PROCESS",
          "relationZh": "具有成藏过程",
          "target_schema": "AccumulationProcess",
          "edge_score": 0.0
        },
        {
          "source_schema": "PetroleumSystem",
          "relationEn": "HAS_SOURCE_ROCK",
          "relationZh": "具有烃源岩",
          "target_schema": "SourceRock",
          "edge_score": 0.0
        },
        {
          "source_schema": "PetroleumSystem",
          "relationEn": "HAS_TRAP",
          "relationZh": "具有圈闭",
          "target_schema": "Trap",
          "edge_score": 0.0
        },
        {
          "source_schema": "ProductionTest",
          "relationEn": "CONFIRMS",
          "relationZh": "证实",
          "target_schema": "Hydrocarbon",
          "edge_score": 0.0
        },
        {
          "source_schema": "ProductionTest",
          "relationEn": "TESTS",
          "relationZh": "测试",
          "target_schema": "ReservoirInterval",
          "edge_score": 0.0
        },
        {
          "source_schema": "ProductionTest",
          "relationEn": "TESTS",
          "relationZh": "测试",
          "target_schema": "Well",
          "edge_score": 0.0
        },
        {
          "source_schema": "ReservoirInterval",
          "relationEn": "BELONGS_TO",
          "relationZh": "属于",
          "target_schema": "DepositionalSystem",
          "edge_score": 0.0
        },
        {
          "source_schema": "ReservoirInterval",
          "relationEn": "CORRESPONDS_TO",
          "relationZh": "对应",
          "target_schema": "SourceRock",
          "edge_score": 0.0
        },
        {
          "source_schema": "ReservoirInterval",
          "relationEn": "DEPOSITED_IN",
          "relationZh": "沉积于",
          "target_schema": "DepositionalEnvironment",
          "edge_score": 0.0
        },
        {
          "source_schema": "ReservoirInterval",
          "relationEn": "HAS_FACIES",
          "relationZh": "具有沉积相",
          "target_schema": "SedimentaryFacies",
          "edge_score": 0.0
        },
        {
          "source_schema": "ReservoirInterval",
          "relationEn": "HAS_LITHOLOGY",
          "relationZh": "具有岩性",
          "target_schema": "Lithology",
          "edge_score": 0.0
        },
        {
          "source_schema": "ReservoirInterval",
          "relationEn": "PART_OF",
          "relationZh": "属于",
          "target_schema": "Bed",
          "edge_score": 0.0
        },
        {
          "source_schema": "ReservoirInterval",
          "relationEn": "PART_OF",
          "relationZh": "属于",
          "target_schema": "Formation",
          "edge_score": 0.0
        },
        {
          "source_schema": "ReservoirInterval",
          "relationEn": "PART_OF",
          "relationZh": "属于",
          "target_schema": "StratigraphicMember",
          "edge_score": 0.0
        },
        {
          "source_schema": "ReservoirInterval",
          "relationEn": "PART_OF",
          "relationZh": "属于",
          "target_schema": "SubMember",
          "edge_score": 0.0
        },
        {
          "source_schema": "Sag",
          "relationEn": "DEVELOPS",
          "relationZh": "发育",
          "target_schema": "SourceRock",
          "edge_score": 0.0
        },
        {
          "source_schema": "Sag",
          "relationEn": "PART_OF",
          "relationZh": "属于",
          "target_schema": "Depression",
          "edge_score": 0.0
        },
        {
          "source_schema": "SedimentaryFacies",
          "relationEn": "CONTAINS",
          "relationZh": "包含",
          "target_schema": "Subfacies",
          "edge_score": 0.0
        },
        {
          "source_schema": "SedimentaryFacies",
          "relationEn": "PART_OF",
          "relationZh": "属于",
          "target_schema": "DepositionalSystem",
          "edge_score": 0.0
        },
        {
          "source_schema": "SedimentaryStructure",
          "relationEn": "INDICATES",
          "relationZh": "指示",
          "target_schema": "DepositionalEnvironment",
          "edge_score": 0.0
        },
        {
          "source_schema": "SeismicProfile",
          "relationEn": "INTERPRETS",
          "relationZh": "解释",
          "target_schema": "Fault",
          "edge_score": 0.0
        },
        {
          "source_schema": "SeismicProfile",
          "relationEn": "INTERPRETS",
          "relationZh": "解释",
          "target_schema": "FaultZone",
          "edge_score": 0.0
        },
        {
          "source_schema": "SeismicProfile",
          "relationEn": "INTERPRETS",
          "relationZh": "解释",
          "target_schema": "StratigraphicBoundary",
          "edge_score": 0.0
        },
        {
          "source_schema": "SeismicProfile",
          "relationEn": "INTERPRETS",
          "relationZh": "解释",
          "target_schema": "StructuralUnit",
          "edge_score": 0.0
        },
        {
          "source_schema": "SeismicProfile",
          "relationEn": "INTERPRETS",
          "relationZh": "解释",
          "target_schema": "Trap",
          "edge_score": 0.0
        },
        {
          "source_schema": "SeismicProfile",
          "relationEn": "INTERPRETS",
          "relationZh": "解释",
          "target_schema": "Unconformity",
          "edge_score": 0.0
        },
        {
          "source_schema": "SequenceBoundary",
          "relationEn": "IS_TYPE_OF",
          "relationZh": "属于类型",
          "target_schema": "StratigraphicBoundary",
          "edge_score": 0.0
        },
        {
          "source_schema": "SequenceStratigraphicUnit",
          "relationEn": "BOUNDED_BY",
          "relationZh": "受界面限定",
          "target_schema": "SequenceBoundary",
          "edge_score": 0.0
        },
        {
          "source_schema": "SequenceStratigraphicUnit",
          "relationEn": "CONTROLS",
          "relationZh": "控制",
          "target_schema": "DepositionalSystem",
          "edge_score": 0.0
        },
        {
          "source_schema": "Slope",
          "relationEn": "ADJACENT_TO",
          "relationZh": "邻接",
          "target_schema": "Depression",
          "edge_score": 0.0
        },
        {
          "source_schema": "Slope",
          "relationEn": "ADJACENT_TO",
          "relationZh": "邻接",
          "target_schema": "Uplift",
          "edge_score": 0.0
        },
        {
          "source_schema": "Slope",
          "relationEn": "TRANSITION_BETWEEN",
          "relationZh": "过渡于",
          "target_schema": "Depression",
          "edge_score": 0.0
        },
        {
          "source_schema": "Slope",
          "relationEn": "TRANSITION_BETWEEN",
          "relationZh": "过渡于",
          "target_schema": "Uplift",
          "edge_score": 0.0
        },
        {
          "source_schema": "SourceRock",
          "relationEn": "CONTAINS",
          "relationZh": "包含",
          "target_schema": "OrganicMatter",
          "edge_score": 0.0
        },
        {
          "source_schema": "SourceRock",
          "relationEn": "DEVELOPED_IN",
          "relationZh": "发育于",
          "target_schema": "Depression",
          "edge_score": 0.0
        },
        {
          "source_schema": "SourceRock",
          "relationEn": "DEVELOPED_IN",
          "relationZh": "发育于",
          "target_schema": "Formation",
          "edge_score": 0.0
        },
        {
          "source_schema": "SourceRock",
          "relationEn": "DEVELOPED_IN",
          "relationZh": "发育于",
          "target_schema": "Sag",
          "edge_score": 0.0
        },
        {
          "source_schema": "SourceRock",
          "relationEn": "DEVELOPED_IN",
          "relationZh": "发育于",
          "target_schema": "StratigraphicMember",
          "edge_score": 0.0
        },
        {
          "source_schema": "SourceRock",
          "relationEn": "EXPELS",
          "relationZh": "排出",
          "target_schema": "Hydrocarbon",
          "edge_score": 0.0
        },
        {
          "source_schema": "SourceRock",
          "relationEn": "GENERATES",
          "relationZh": "生成",
          "target_schema": "Hydrocarbon",
          "edge_score": 0.0
        },
        {
          "source_schema": "SourceRock",
          "relationEn": "HAS_BIOMARKER",
          "relationZh": "具有生物标志化合物",
          "target_schema": "Biomarker",
          "edge_score": 0.0
        },
        {
          "source_schema": "SourceRock",
          "relationEn": "HAS_ISOTOPE",
          "relationZh": "具有同位素",
          "target_schema": "Isotope",
          "edge_score": 0.0
        },
        {
          "source_schema": "SourceRock",
          "relationEn": "HAS_LITHOLOGY",
          "relationZh": "具有岩性",
          "target_schema": "Lithology",
          "edge_score": 0.0
        },
        {
          "source_schema": "StratigraphicBoundary",
          "relationEn": "BOUNDS",
          "relationZh": "限定边界",
          "target_schema": "Bed",
          "edge_score": 0.0
        },
        {
          "source_schema": "StratigraphicBoundary",
          "relationEn": "BOUNDS",
          "relationZh": "限定边界",
          "target_schema": "Formation",
          "edge_score": 0.0
        },
        {
          "source_schema": "StratigraphicBoundary",
          "relationEn": "BOUNDS",
          "relationZh": "限定边界",
          "target_schema": "StratigraphicMember",
          "edge_score": 0.0
        },
        {
          "source_schema": "StratigraphicBoundary",
          "relationEn": "BOUNDS",
          "relationZh": "限定边界",
          "target_schema": "SubMember",
          "edge_score": 0.0
        },
        {
          "source_schema": "StratigraphicMember",
          "relationEn": "BELONGS_TO",
          "relationZh": "属于",
          "target_schema": "DepositionalSystem",
          "edge_score": 0.0
        },
        {
          "source_schema": "StratigraphicMember",
          "relationEn": "CONTAINS",
          "relationZh": "包含",
          "target_schema": "ReservoirInterval",
          "edge_score": 0.0
        },
        {
          "source_schema": "StratigraphicMember",
          "relationEn": "DEPOSITED_IN",
          "relationZh": "沉积于",
          "target_schema": "DepositionalEnvironment",
          "edge_score": 0.0
        },
        {
          "source_schema": "StratigraphicMember",
          "relationEn": "HAS_FACIES",
          "relationZh": "具有沉积相",
          "target_schema": "SedimentaryFacies",
          "edge_score": 0.0
        },
        {
          "source_schema": "StratigraphicMember",
          "relationEn": "HAS_LITHOLOGY",
          "relationZh": "具有岩性",
          "target_schema": "Lithology",
          "edge_score": 0.0
        },
        {
          "source_schema": "StratigraphicMember",
          "relationEn": "HAS_SUBMEMBER",
          "relationZh": "具有亚段/小层",
          "target_schema": "SubMember",
          "edge_score": 0.0
        },
        {
          "source_schema": "StratigraphicMember",
          "relationEn": "PART_OF",
          "relationZh": "属于",
          "target_schema": "Formation",
          "edge_score": 0.0
        },
        {
          "source_schema": "StructuralBelt",
          "relationEn": "CONTAINS",
          "relationZh": "包含",
          "target_schema": "Fault",
          "edge_score": 0.0
        },
        {
          "source_schema": "StructuralBelt",
          "relationEn": "CONTAINS",
          "relationZh": "包含",
          "target_schema": "FaultZone",
          "edge_score": 0.0
        },
        {
          "source_schema": "StructuralUnit",
          "relationEn": "CONTAINS",
          "relationZh": "包含",
          "target_schema": "Block",
          "edge_score": 0.0
        },
        {
          "source_schema": "StructuralUnit",
          "relationEn": "CONTAINS",
          "relationZh": "包含",
          "target_schema": "Depression",
          "edge_score": 0.0
        },
        {
          "source_schema": "StructuralUnit",
          "relationEn": "CONTAINS",
          "relationZh": "包含",
          "target_schema": "FaultZone",
          "edge_score": 0.0
        },
        {
          "source_schema": "StructuralUnit",
          "relationEn": "CONTAINS",
          "relationZh": "包含",
          "target_schema": "Sag",
          "edge_score": 0.0
        },
        {
          "source_schema": "StructuralUnit",
          "relationEn": "CONTAINS",
          "relationZh": "包含",
          "target_schema": "Slope",
          "edge_score": 0.0
        },
        {
          "source_schema": "StructuralUnit",
          "relationEn": "CONTAINS",
          "relationZh": "包含",
          "target_schema": "StructuralBelt",
          "edge_score": 0.0
        },
        {
          "source_schema": "StructuralUnit",
          "relationEn": "CONTAINS",
          "relationZh": "包含",
          "target_schema": "Uplift",
          "edge_score": 0.0
        },
        {
          "source_schema": "StructuralUnit",
          "relationEn": "DEVELOPS",
          "relationZh": "发育",
          "target_schema": "Formation",
          "edge_score": 0.0
        },
        {
          "source_schema": "StructuralUnit",
          "relationEn": "DEVELOPS",
          "relationZh": "发育",
          "target_schema": "ReservoirInterval",
          "edge_score": 0.0
        },
        {
          "source_schema": "StructuralUnit",
          "relationEn": "DEVELOPS",
          "relationZh": "发育",
          "target_schema": "StratigraphicMember",
          "edge_score": 0.0
        },
        {
          "source_schema": "StructuralUnit",
          "relationEn": "PART_OF",
          "relationZh": "属于",
          "target_schema": "Basin",
          "edge_score": 0.0
        },
        {
          "source_schema": "StudyArea",
          "relationEn": "COVERS",
          "relationZh": "覆盖",
          "target_schema": "Basin",
          "edge_score": 0.0
        },
        {
          "source_schema": "StudyArea",
          "relationEn": "COVERS",
          "relationZh": "覆盖",
          "target_schema": "Block",
          "edge_score": 0.0
        },
        {
          "source_schema": "StudyArea",
          "relationEn": "COVERS",
          "relationZh": "覆盖",
          "target_schema": "Depression",
          "edge_score": 0.0
        },
        {
          "source_schema": "StudyArea",
          "relationEn": "COVERS",
          "relationZh": "覆盖",
          "target_schema": "Sag",
          "edge_score": 0.0
        },
        {
          "source_schema": "StudyArea",
          "relationEn": "COVERS",
          "relationZh": "覆盖",
          "target_schema": "Slope",
          "edge_score": 0.0
        },
        {
          "source_schema": "StudyArea",
          "relationEn": "COVERS",
          "relationZh": "覆盖",
          "target_schema": "StructuralBelt",
          "edge_score": 0.0
        },
        {
          "source_schema": "StudyArea",
          "relationEn": "COVERS",
          "relationZh": "覆盖",
          "target_schema": "StructuralUnit",
          "edge_score": 0.0
        },
        {
          "source_schema": "StudyArea",
          "relationEn": "COVERS",
          "relationZh": "覆盖",
          "target_schema": "Uplift",
          "edge_score": 0.0
        },
        {
          "source_schema": "SubMember",
          "relationEn": "CONTAINS",
          "relationZh": "包含",
          "target_schema": "ReservoirInterval",
          "edge_score": 0.0
        },
        {
          "source_schema": "SubMember",
          "relationEn": "HAS_BED",
          "relationZh": "具有层",
          "target_schema": "Bed",
          "edge_score": 0.0
        },
        {
          "source_schema": "SubMember",
          "relationEn": "HAS_LITHOLOGY",
          "relationZh": "具有岩性",
          "target_schema": "Lithology",
          "edge_score": 0.0
        },
        {
          "source_schema": "SubMember",
          "relationEn": "PART_OF",
          "relationZh": "属于",
          "target_schema": "StratigraphicMember",
          "edge_score": 0.0
        },
        {
          "source_schema": "Subfacies",
          "relationEn": "CONTAINS",
          "relationZh": "包含",
          "target_schema": "Microfacies",
          "edge_score": 0.0
        },
        {
          "source_schema": "Subfacies",
          "relationEn": "PART_OF",
          "relationZh": "属于",
          "target_schema": "SedimentaryFacies",
          "edge_score": 0.0
        },
        {
          "source_schema": "ThinSection",
          "relationEn": "OBSERVES",
          "relationZh": "观察",
          "target_schema": "Diagenesis",
          "edge_score": 0.0
        },
        {
          "source_schema": "ThinSection",
          "relationEn": "OBSERVES",
          "relationZh": "观察",
          "target_schema": "DiageneticFacies",
          "edge_score": 0.0
        },
        {
          "source_schema": "ThinSection",
          "relationEn": "OBSERVES",
          "relationZh": "观察",
          "target_schema": "Mineral",
          "edge_score": 0.0
        },
        {
          "source_schema": "ThinSection",
          "relationEn": "OBSERVES",
          "relationZh": "观察",
          "target_schema": "RockTexture",
          "edge_score": 0.0
        },
        {
          "source_schema": "ThinSection",
          "relationEn": "PREPARED_FROM",
          "relationZh": "制备自",
          "target_schema": "Core",
          "edge_score": 0.0
        },
        {
          "source_schema": "Trap",
          "relationEn": "DEVELOPED_IN",
          "relationZh": "发育于",
          "target_schema": "Slope",
          "edge_score": 0.0
        },
        {
          "source_schema": "Trap",
          "relationEn": "DEVELOPED_IN",
          "relationZh": "发育于",
          "target_schema": "StructuralBelt",
          "edge_score": 0.0
        },
        {
          "source_schema": "Trap",
          "relationEn": "DEVELOPED_IN",
          "relationZh": "发育于",
          "target_schema": "Uplift",
          "edge_score": 0.0
        },
        {
          "source_schema": "Trap",
          "relationEn": "RELATED_TO",
          "relationZh": "相关于",
          "target_schema": "Lithology",
          "edge_score": 0.0
        },
        {
          "source_schema": "Trap",
          "relationEn": "RELATED_TO",
          "relationZh": "相关于",
          "target_schema": "StratigraphicBoundary",
          "edge_score": 0.0
        },
        {
          "source_schema": "Trap",
          "relationEn": "RELATED_TO",
          "relationZh": "相关于",
          "target_schema": "Unconformity",
          "edge_score": 0.0
        },
        {
          "source_schema": "Trap",
          "relationEn": "TRAPS",
          "relationZh": "圈闭",
          "target_schema": "Hydrocarbon",
          "edge_score": 0.0
        },
        {
          "source_schema": "Unconformity",
          "relationEn": "ACTS_AS",
          "relationZh": "作为",
          "target_schema": "MigrationPathway",
          "edge_score": 0.0
        },
        {
          "source_schema": "Unconformity",
          "relationEn": "CONTROLS",
          "relationZh": "控制",
          "target_schema": "Trap",
          "edge_score": 0.0
        },
        {
          "source_schema": "Unconformity",
          "relationEn": "IS_TYPE_OF",
          "relationZh": "属于类型",
          "target_schema": "StratigraphicBoundary",
          "edge_score": 0.0
        },
        {
          "source_schema": "Uplift",
          "relationEn": "ADJACENT_TO",
          "relationZh": "邻接",
          "target_schema": "Slope",
          "edge_score": 0.0
        },
        {
          "source_schema": "Uplift",
          "relationEn": "EXPOSES_OR_ERODES",
          "relationZh": "出露或剥蚀",
          "target_schema": "Formation",
          "edge_score": 0.0
        },
        {
          "source_schema": "Well",
          "relationEn": "ENCOUNTERS",
          "relationZh": "钻遇",
          "target_schema": "Formation",
          "edge_score": 0.0
        },
        {
          "source_schema": "Well",
          "relationEn": "ENCOUNTERS",
          "relationZh": "钻遇",
          "target_schema": "ReservoirInterval",
          "edge_score": 0.0
        },
        {
          "source_schema": "Well",
          "relationEn": "ENCOUNTERS",
          "relationZh": "钻遇",
          "target_schema": "StratigraphicMember",
          "edge_score": 0.0
        },
        {
          "source_schema": "Well",
          "relationEn": "HAS_CORE",
          "relationZh": "具有岩心",
          "target_schema": "Core",
          "edge_score": 0.0
        },
        {
          "source_schema": "Well",
          "relationEn": "HAS_WELL_LOG",
          "relationZh": "具有测井资料",
          "target_schema": "WellLog",
          "edge_score": 0.0
        },
        {
          "source_schema": "Well",
          "relationEn": "LOCATED_IN",
          "relationZh": "位于",
          "target_schema": "Basin",
          "edge_score": 0.0
        },
        {
          "source_schema": "Well",
          "relationEn": "LOCATED_IN",
          "relationZh": "位于",
          "target_schema": "Block",
          "edge_score": 0.0
        },
        {
          "source_schema": "Well",
          "relationEn": "LOCATED_IN",
          "relationZh": "位于",
          "target_schema": "StructuralUnit",
          "edge_score": 0.0
        },
        {
          "source_schema": "Well",
          "relationEn": "LOCATED_IN",
          "relationZh": "位于",
          "target_schema": "StudyArea",
          "edge_score": 0.0
        },
        {
          "source_schema": "WellLog",
          "relationEn": "INTERPRETS",
          "relationZh": "解释",
          "target_schema": "Lithology",
          "edge_score": 0.0
        },
        {
          "source_schema": "WellLog",
          "relationEn": "INTERPRETS",
          "relationZh": "解释",
          "target_schema": "ReservoirInterval",
          "edge_score": 0.0
        },
        {
          "source_schema": "WellLog",
          "relationEn": "INTERPRETS",
          "relationZh": "解释",
          "target_schema": "StratigraphicBoundary",
          "edge_score": 0.0
        }
      ],
      "core_categories": [
        "地理与构造单元",
        "岩石、矿物与沉积体系",
        "勘探开发与资料类型"
      ],
      "query_terms": [
        "华北克拉通",
        "大陆",
        "事件",
        "双峰式火成岩",
        "地球化学",
        "火山岩",
        "性质",
        "机制",
        "花岗",
        "鄂尔多斯盆地",
        "哥伦比亚",
        "岩浆活动",
        "构造演化",
        "构造环境",
        "动力学",
        "基性岩",
        "岩石学",
        "地质",
        "墙群",
        "安沟",
        "成因",
        "斑岩",
        "时代",
        "环境",
        "锆石",
        "陇县",
        "U-Pb",
        "火成岩",
        "闪长岩",
        "争议",
        "产物",
        "关键",
        "吉带",
        "地幔",
        "太平",
        "对象",
        "小节",
        "岩浆",
        "恒山",
        "火山"
      ],
      "selection_confidence": 0.7604954536755881,
      "fallback_used": false
    },
    "0:text:2": {
      "selector_version": "core_tree_prior_v2",
      "concepts": [
        {
          "schema": "Basin",
          "zhName": "盆地",
          "category": "地理与构造单元",
          "description": "具有相对独立沉积、构造演化和油气成藏背景的大型地质空间单元，是石油地质研究中的核心区域实体。",
          "examples": [
            "鄂尔多斯盆地",
            "四川盆地",
            "塔里木盆地"
          ],
          "vector_score": 0.7986245155334473,
          "lexical_score": 1.0,
          "context_score": 1.0,
          "schema_key_score": 1.0,
          "document_score": 0.9093810319900513,
          "final_score": 0.9093810319900513,
          "selection_reasons": [
            "文档级向量召回",
            "文档关键词、示例词或名称命中",
            "文档 schemaKeys 命中",
            "文档精确命中",
            "Top3 核心概念树全量保留",
            "Chunk 正文关键词、示例词或名称命中",
            "章节摘要或前后文命中",
            "章节 schemaKeys 命中",
            "章节 schemaKeys 精确命中",
            "Chunk 精确命中"
          ]
        },
        {
          "schema": "StructuralUnit",
          "zhName": "构造单元",
          "category": "地理与构造单元",
          "description": "盆地内部按照构造形态、构造位置或构造演化特征划分出的次级地质单元。",
          "examples": [
            "伊陕斜坡",
            "天环坳陷",
            "中央隆起带"
          ],
          "vector_score": 0.7772254943847656,
          "lexical_score": 1.0,
          "context_score": 1.0,
          "schema_key_score": 1.0,
          "document_score": 0.8746893405914307,
          "final_score": 0.8746893405914307,
          "selection_reasons": [
            "文档级向量召回",
            "文档关键词、示例词或名称命中",
            "文档精确命中",
            "Top3 核心概念树全量保留",
            "Chunk 正文关键词、示例词或名称命中",
            "章节摘要或前后文命中",
            "章节 schemaKeys 命中",
            "章节 schemaKeys 精确命中",
            "Chunk 精确命中"
          ]
        },
        {
          "schema": "StudyArea",
          "zhName": "研究区",
          "category": "地理与构造单元",
          "description": "论文、报告或项目中限定的具体研究范围，可以是盆地、凹陷、区块、剖面或井区。",
          "examples": [
            "鄂尔多斯盆地东南部研究区",
            "川东北研究区",
            "塔里木盆地塔中地区"
          ],
          "vector_score": 0.7840704917907715,
          "lexical_score": 1.0,
          "context_score": 0.6,
          "schema_key_score": 1.0,
          "document_score": 0.8028317213058471,
          "final_score": 0.8028317213058471,
          "selection_reasons": [
            "文档级向量召回",
            "文档关键词、示例词或名称命中",
            "文档 schemaKeys 命中",
            "文档精确命中",
            "Top3 核心概念树全量保留",
            "Chunk 正文关键词、示例词或名称命中",
            "章节摘要或前后文命中",
            "章节 schemaKeys 命中",
            "章节 schemaKeys 精确命中",
            "Chunk 精确命中"
          ]
        },
        {
          "schema": "FaultZone",
          "zhName": "断裂带",
          "category": "地理与构造单元",
          "description": "由多条断层及其相关破碎带、裂缝带共同组成的带状构造区域，常作为油气运移通道或封堵边界。",
          "examples": [
            "郯庐断裂带",
            "贺兰－六盘山断裂带",
            "边界断裂带"
          ],
          "vector_score": 0.7611169815063477,
          "lexical_score": 1.0,
          "context_score": 0.0,
          "schema_key_score": 1.0,
          "document_score": 0.7925026416778564,
          "final_score": 0.7925026416778564,
          "selection_reasons": [
            "文档级向量召回",
            "文档关键词、示例词或名称命中",
            "文档 schemaKeys 命中",
            "文档精确命中",
            "Top3 核心概念树全量保留"
          ]
        },
        {
          "schema": "Lithology",
          "zhName": "岩性",
          "category": "岩石、矿物与沉积体系",
          "description": "岩石类型及其基本物质组成特征，是描述地层、储层和沉积环境的重要实体。",
          "examples": [
            "砂岩",
            "泥岩",
            "灰岩",
            "白云岩"
          ],
          "vector_score": 0.7563867568969727,
          "lexical_score": 1.0,
          "context_score": 0.55,
          "schema_key_score": 1.0,
          "document_score": 0.7903740406036377,
          "final_score": 0.7903740406036377,
          "selection_reasons": [
            "文档级向量召回",
            "文档关键词、示例词或名称命中",
            "文档 schemaKeys 命中",
            "文档精确命中",
            "Top3 核心概念树全量保留",
            "Chunk 正文关键词、示例词或名称命中",
            "章节摘要或前后文命中",
            "章节 schemaKeys 命中",
            "章节 schemaKeys 精确命中",
            "Chunk 精确命中"
          ]
        },
        {
          "schema": "Outcrop",
          "zhName": "露头",
          "category": "勘探开发与资料类型",
          "description": "地表出露的岩层或地质体，可用于观察沉积构造、地层接触关系和构造变形。",
          "examples": [
            "野外露头",
            "剖面露头",
            "河谷露头"
          ],
          "vector_score": 0.7558097839355469,
          "lexical_score": 1.0,
          "context_score": 0.0,
          "schema_key_score": 1.0,
          "document_score": 0.7901144027709961,
          "final_score": 0.7901144027709961,
          "selection_reasons": [
            "文档级向量召回",
            "文档关键词、示例词或名称命中",
            "文档 schemaKeys 命中",
            "文档精确命中",
            "Top3 核心概念树全量保留"
          ]
        },
        {
          "schema": "Uplift",
          "zhName": "隆起",
          "category": "地理与构造单元",
          "description": "相对于周边地区构造位置较高的正向构造单元，常控制地层剥蚀、圈闭形成和油气运移方向。",
          "examples": [
            "伊盟隆起",
            "渤中隆起",
            "塔中隆起"
          ],
          "vector_score": 0.7936005592346191,
          "lexical_score": 1.0,
          "context_score": 0.0,
          "schema_key_score": 1.0,
          "document_score": 0.7589003145694735,
          "final_score": 0.7589003145694735,
          "selection_reasons": [
            "文档级向量召回",
            "文档关键词、示例词或名称命中",
            "文档精确命中",
            "Top3 核心概念树全量保留",
            "章节 schemaKeys 命中",
            "章节 schemaKeys 精确命中",
            "Chunk 精确命中"
          ]
        },
        {
          "schema": "Fault",
          "zhName": "断层",
          "category": "地理与构造单元",
          "description": "岩层或地质体沿破裂面发生明显位移形成的构造实体，可影响地层展布、油气运移和圈闭形成。",
          "examples": [
            "F1断层",
            "郯庐断裂",
            "正断层"
          ],
          "vector_score": 0.7801976203918457,
          "lexical_score": 0.9,
          "context_score": 0.0,
          "schema_key_score": 0.0,
          "document_score": 0.7201111614704133,
          "final_score": 0.7201111614704133,
          "selection_reasons": [
            "文档级向量召回",
            "文档关键词、示例词或名称命中",
            "Top3 核心概念树全量保留"
          ]
        },
        {
          "schema": "SedimentaryFacies",
          "zhName": "沉积相",
          "category": "岩石、矿物与沉积体系",
          "description": "在一定沉积环境下形成的岩性、结构、构造和古生物特征组合。",
          "examples": [
            "三角洲相",
            "湖泊相",
            "河流相",
            "碳酸盐台地相"
          ],
          "vector_score": 0.7601838111877441,
          "lexical_score": 0.75,
          "context_score": 0.55,
          "schema_key_score": 0.0,
          "document_score": 0.6619783937931062,
          "final_score": 0.6619783937931062,
          "selection_reasons": [
            "文档级向量召回",
            "文档关键词、示例词或名称命中",
            "Top3 核心概念树全量保留",
            "Chunk 正文关键词、示例词或名称命中",
            "章节摘要或前后文命中"
          ]
        },
        {
          "schema": "SedimentaryStructure",
          "zhName": "沉积构造",
          "category": "岩石、矿物与沉积体系",
          "description": "沉积过程中形成的层理、波痕、冲刷面等构造现象，可用于判断沉积环境和水动力条件。",
          "examples": [
            "交错层理",
            "水平层理",
            "波痕",
            "冲刷面"
          ],
          "vector_score": 0.7687501907348633,
          "lexical_score": 0.65,
          "context_score": 0.6,
          "schema_key_score": 0.0,
          "document_score": 0.6355469822883607,
          "final_score": 0.6355469822883607,
          "selection_reasons": [
            "文档级向量召回",
            "文档关键词、示例词或名称命中",
            "Top3 核心概念树全量保留",
            "Chunk 正文关键词、示例词或名称命中",
            "章节摘要或前后文命中"
          ]
        },
        {
          "schema": "DepositionalEnvironment",
          "zhName": "沉积环境",
          "category": "岩石、矿物与沉积体系",
          "description": "沉积物形成时的自然环境条件，包括水体类型、能量条件、气候背景和构造背景等。",
          "examples": [
            "浅湖环境",
            "半深湖环境",
            "滨浅海环境",
            "三角洲前缘环境"
          ],
          "vector_score": 0.7597503662109375,
          "lexical_score": 0.65,
          "context_score": 0.55,
          "schema_key_score": 0.0,
          "document_score": 0.6304845809936525,
          "final_score": 0.6304845809936525,
          "selection_reasons": [
            "文档级向量召回",
            "文档关键词、示例词或名称命中",
            "Top3 核心概念树全量保留",
            "Chunk 正文关键词、示例词或名称命中",
            "章节摘要或前后文命中"
          ]
        },
        {
          "schema": "Core",
          "zhName": "岩心",
          "category": "勘探开发与资料类型",
          "description": "从井下取出的柱状岩石样品，可直接观察岩性、沉积构造、裂缝和储层特征。",
          "examples": [
            "取心段岩心",
            "砂岩岩心",
            "泥页岩岩心"
          ],
          "vector_score": 0.7542581558227539,
          "lexical_score": 0.65,
          "context_score": 0.0,
          "schema_key_score": 0.0,
          "document_score": 0.6273952126502991,
          "final_score": 0.6273952126502991,
          "selection_reasons": [
            "文档级向量召回",
            "文档关键词、示例词或名称命中",
            "Top3 核心概念树全量保留"
          ]
        },
        {
          "schema": "DiageneticStage",
          "zhName": "成岩阶段",
          "category": "岩石、矿物与沉积体系",
          "description": "根据埋藏深度、温度、成岩矿物和孔隙演化特征划分的成岩演化时期。",
          "examples": [
            "早成岩A期",
            "早成岩B期",
            "中成岩A期"
          ],
          "vector_score": 0.7819786071777344,
          "lexical_score": 0.6,
          "context_score": 0.0,
          "schema_key_score": 0.0,
          "document_score": 0.6273629665374756,
          "final_score": 0.6273629665374756,
          "selection_reasons": [
            "文档级向量召回",
            "文档关键词、示例词或名称命中",
            "Top3 核心概念树全量保留"
          ]
        },
        {
          "schema": "ThinSection",
          "zhName": "薄片",
          "category": "勘探开发与资料类型",
          "description": "将岩石样品磨制成薄片后在显微镜下观察，用于研究矿物组成、孔隙类型和成岩特征。",
          "examples": [
            "铸体薄片",
            "普通薄片",
            "阴极发光薄片"
          ],
          "vector_score": 0.7518796920776367,
          "lexical_score": 0.65,
          "context_score": 0.0,
          "schema_key_score": 0.0,
          "document_score": 0.6260573267936708,
          "final_score": 0.6260573267936708,
          "selection_reasons": [
            "文档级向量召回",
            "文档关键词、示例词或名称命中",
            "Top3 核心概念树全量保留"
          ]
        },
        {
          "schema": "DiageneticFacies",
          "zhName": "成岩相",
          "category": "岩石、矿物与沉积体系",
          "description": "由特定成岩作用、成岩矿物组合和孔隙演化特征共同表征的成岩类型单元。",
          "examples": [
            "溶蚀相",
            "碳酸盐胶结相",
            "压实致密相"
          ],
          "vector_score": 0.7630419731140137,
          "lexical_score": 0.6,
          "context_score": 0.0,
          "schema_key_score": 0.0,
          "document_score": 0.6167111098766328,
          "final_score": 0.6167111098766328,
          "selection_reasons": [
            "文档级向量召回",
            "文档关键词、示例词或名称命中",
            "Top3 核心概念树全量保留"
          ]
        },
        {
          "schema": "Diagenesis",
          "zhName": "成岩作用",
          "category": "岩石、矿物与沉积体系",
          "description": "沉积物埋藏后到变质作用前经历的物理、化学和生物改造过程。",
          "examples": [
            "压实作用",
            "胶结作用",
            "溶蚀作用",
            "交代作用"
          ],
          "vector_score": 0.7531757354736328,
          "lexical_score": 0.6,
          "context_score": 0.0,
          "schema_key_score": 0.0,
          "document_score": 0.6111613512039186,
          "final_score": 0.6111613512039186,
          "selection_reasons": [
            "文档级向量召回",
            "文档关键词、示例词或名称命中",
            "Top3 核心概念树全量保留"
          ]
        },
        {
          "schema": "Slope",
          "zhName": "斜坡",
          "category": "地理与构造单元",
          "description": "位于隆起与坳陷之间的倾斜过渡带，常是砂体展布、油气运移和岩性圈闭发育的重要区域。",
          "examples": [
            "伊陕斜坡",
            "北部斜坡带",
            "南部斜坡区"
          ],
          "vector_score": 0.7675256729125977,
          "lexical_score": 0.55,
          "context_score": 0.0,
          "schema_key_score": 0.0,
          "document_score": 0.6036081910133362,
          "final_score": 0.6036081910133362,
          "selection_reasons": [
            "文档级向量召回",
            "文档关键词、示例词或名称命中",
            "Top3 核心概念树全量保留"
          ]
        },
        {
          "schema": "RockTexture",
          "zhName": "岩石结构/组构",
          "category": "岩石、矿物与沉积体系",
          "description": "岩石中颗粒、晶体或组分的大小、形态、排列和接触关系等结构特征。",
          "examples": [
            "粒状结构",
            "泥晶结构",
            "交代结构",
            "碎屑结构"
          ],
          "vector_score": 0.7610387802124023,
          "lexical_score": 0.55,
          "context_score": 0.0,
          "schema_key_score": 0.0,
          "document_score": 0.5999593138694764,
          "final_score": 0.5999593138694764,
          "selection_reasons": [
            "文档级向量召回",
            "文档关键词、示例词或名称命中",
            "Top3 核心概念树全量保留"
          ]
        },
        {
          "schema": "WellLog",
          "zhName": "测井资料",
          "category": "勘探开发与资料类型",
          "description": "通过测井方法获得的井筒地球物理响应数据，用于解释岩性、物性、含油气性和地层界面。",
          "examples": [
            "自然伽马曲线",
            "电阻率测井",
            "声波时差测井",
            "密度测井"
          ],
          "vector_score": 0.7606601715087891,
          "lexical_score": 0.55,
          "context_score": 0.0,
          "schema_key_score": 0.0,
          "document_score": 0.599746346473694,
          "final_score": 0.599746346473694,
          "selection_reasons": [
            "文档级向量召回",
            "文档关键词、示例词或名称命中",
            "Top3 核心概念树全量保留"
          ]
        },
        {
          "schema": "DepositionalSystem",
          "zhName": "沉积体系",
          "category": "岩石、矿物与沉积体系",
          "description": "由若干相关沉积相、亚相和微相组成的沉积组合系统，反映区域沉积过程和沉积格局。",
          "examples": [
            "三角洲沉积体系",
            "扇三角洲沉积体系",
            "浊积扇沉积体系"
          ],
          "vector_score": 0.7532033920288086,
          "lexical_score": 0.55,
          "context_score": 0.0,
          "schema_key_score": 0.0,
          "document_score": 0.595551908016205,
          "final_score": 0.595551908016205,
          "selection_reasons": [
            "文档级向量召回",
            "文档关键词、示例词或名称命中",
            "Top3 核心概念树全量保留"
          ]
        },
        {
          "schema": "Mineral",
          "zhName": "矿物",
          "category": "岩石、矿物与沉积体系",
          "description": "组成岩石的基本矿物成分，可影响储层物性、成岩作用和脆性特征。",
          "examples": [
            "石英",
            "长石",
            "方解石",
            "黏土矿物"
          ],
          "vector_score": 0.0,
          "lexical_score": 1.0,
          "context_score": 0.0,
          "schema_key_score": 1.0,
          "document_score": 0.45,
          "final_score": 0.45,
          "selection_reasons": [
            "文档关键词、示例词或名称命中",
            "文档 schemaKeys 命中",
            "文档精确命中",
            "Top3 核心概念树全量保留"
          ]
        },
        {
          "schema": "Depression",
          "zhName": "凹陷/坳陷",
          "category": "地理与构造单元",
          "description": "相对于周缘构造位置较低、沉积厚度较大、常为烃源岩发育有利区的负向构造单元。",
          "examples": [
            "济阳坳陷",
            "黄骅坳陷",
            "天环坳陷"
          ],
          "vector_score": 0.7757740020751953,
          "lexical_score": 0.0,
          "context_score": 0.0,
          "schema_key_score": 0.0,
          "document_score": 0.4363728761672974,
          "final_score": 0.4363728761672974,
          "selection_reasons": [
            "文档级向量召回",
            "Top3 核心概念树全量保留"
          ]
        },
        {
          "schema": "Block",
          "zhName": "区块",
          "category": "地理与构造单元",
          "description": "油气勘探开发中按照地理位置、构造位置或开发管理需要划分的研究或开发单元。",
          "examples": [
            "苏里格区块",
            "塔中区块",
            "长庆油田某开发区块"
          ],
          "vector_score": 0.7710280418395996,
          "lexical_score": 0.0,
          "context_score": 0.0,
          "schema_key_score": 0.0,
          "document_score": 0.4337032735347748,
          "final_score": 0.4337032735347748,
          "selection_reasons": [
            "文档级向量召回",
            "Top3 核心概念树全量保留"
          ]
        },
        {
          "schema": "StructuralBelt",
          "zhName": "构造带",
          "category": "地理与构造单元",
          "description": "由一组具有相似构造变形特征的构造要素组成的带状区域，如逆冲带、褶皱带、断裂构造带等。",
          "examples": [
            "西缘逆冲带",
            "贺兰－六盘山构造带",
            "断裂构造带"
          ],
          "vector_score": 0.7666335105895996,
          "lexical_score": 0.0,
          "context_score": 0.0,
          "schema_key_score": 0.0,
          "document_score": 0.43123134970664984,
          "final_score": 0.43123134970664984,
          "selection_reasons": [
            "文档级向量召回",
            "Top3 核心概念树全量保留"
          ]
        },
        {
          "schema": "SeismicProfile",
          "zhName": "地震剖面",
          "category": "勘探开发与资料类型",
          "description": "通过地震勘探获得的地下反射结构剖面，用于识别断层、构造、地层界面和沉积体。",
          "examples": [
            "过井地震剖面",
            "二维地震剖面",
            "三维地震剖面"
          ],
          "vector_score": 0.7612285614013672,
          "lexical_score": 0.0,
          "context_score": 0.0,
          "schema_key_score": 0.0,
          "document_score": 0.4281910657882691,
          "final_score": 0.4281910657882691,
          "selection_reasons": [
            "文档级向量召回",
            "Top3 核心概念树全量保留"
          ]
        },
        {
          "schema": "Sag",
          "zhName": "洼陷",
          "category": "地理与构造单元",
          "description": "通常指坳陷内部更局部、更低洼的沉积中心或构造低部位，是细粒沉积和烃源岩发育的重要区域。",
          "examples": [
            "渤南洼陷",
            "苏桥洼陷",
            "辽中洼陷"
          ],
          "vector_score": 0.7609586715698242,
          "lexical_score": 0.0,
          "context_score": 0.0,
          "schema_key_score": 0.0,
          "document_score": 0.4280392527580262,
          "final_score": 0.4280392527580262,
          "selection_reasons": [
            "文档级向量召回",
            "Top3 核心概念树全量保留"
          ]
        },
        {
          "schema": "GeologicalMap",
          "zhName": "地质图",
          "category": "勘探开发与资料类型",
          "description": "表达地层、构造、岩性、沉积相或油气分布等空间信息的图件资料。",
          "examples": [
            "构造图",
            "沉积相图",
            "地层厚度图",
            "油藏分布图"
          ],
          "vector_score": 0.0,
          "lexical_score": 0.65,
          "context_score": 0.0,
          "schema_key_score": 0.0,
          "document_score": 0.20312500000000003,
          "final_score": 0.20312500000000003,
          "selection_reasons": [
            "文档关键词、示例词或名称命中",
            "Top3 核心概念树全量保留"
          ]
        },
        {
          "schema": "Subfacies",
          "zhName": "亚相",
          "category": "岩石、矿物与沉积体系",
          "description": "沉积相内部的次一级划分，用于更精细描述沉积环境和砂体分布。",
          "examples": [
            "三角洲前缘亚相",
            "滨浅湖亚相",
            "半深湖亚相"
          ],
          "vector_score": 0.0,
          "lexical_score": 0.65,
          "context_score": 0.55,
          "schema_key_score": 0.0,
          "document_score": 0.20312500000000003,
          "final_score": 0.20312500000000003,
          "selection_reasons": [
            "文档关键词、示例词或名称命中",
            "Top3 核心概念树全量保留",
            "Chunk 正文关键词、示例词或名称命中",
            "章节摘要或前后文命中"
          ]
        },
        {
          "schema": "Microfacies",
          "zhName": "微相",
          "category": "岩石、矿物与沉积体系",
          "description": "亚相内部更精细的沉积单元，常用于储层非均质性分析和砂体精细刻画。",
          "examples": [
            "水下分流河道微相",
            "河口坝微相",
            "席状砂微相"
          ],
          "vector_score": 0.0,
          "lexical_score": 0.55,
          "context_score": 0.0,
          "schema_key_score": 0.0,
          "document_score": 0.17187500000000003,
          "final_score": 0.17187500000000003,
          "selection_reasons": [
            "文档关键词、示例词或名称命中",
            "Top3 核心概念树全量保留"
          ]
        },
        {
          "schema": "ProductionTest",
          "zhName": "测试/试采",
          "category": "勘探开发与资料类型",
          "description": "通过试油、试气、试采或产能测试获取储层流体性质、产量和开发潜力的资料类型。",
          "examples": [
            "试油",
            "试气",
            "产能测试",
            "试采资料"
          ],
          "vector_score": 0.0,
          "lexical_score": 0.55,
          "context_score": 0.55,
          "schema_key_score": 0.0,
          "document_score": 0.17187500000000003,
          "final_score": 0.17187500000000003,
          "selection_reasons": [
            "文档关键词、示例词或名称命中",
            "Top3 核心概念树全量保留",
            "Chunk 正文关键词、示例词或名称命中",
            "章节摘要或前后文命中"
          ]
        },
        {
          "schema": "Well",
          "zhName": "井",
          "category": "勘探开发与资料类型",
          "description": "用于钻探、取心、测井、试油气或开发生产的钻井实体。",
          "examples": [
            "苏6井",
            "鄂123井",
            "塔中1井"
          ],
          "vector_score": 0.0,
          "lexical_score": 0.0,
          "context_score": 0.0,
          "schema_key_score": 0.0,
          "document_score": 0.0,
          "final_score": 0.0,
          "selection_reasons": [
            "Top3 核心概念树全量保留"
          ]
        },
        {
          "schema": "StratigraphicBoundary",
          "zhName": "地层界面",
          "category": "地层与地质时代",
          "description": "不同地层单元之间的分界面，可反映沉积间断、岩性变化或地质时代转换。",
          "examples": [
            "奥陶系顶界面",
            "延长组底界面",
            "组段分界面"
          ],
          "vector_score": 0.7672939300537109,
          "lexical_score": 0.55,
          "context_score": 0.55,
          "schema_key_score": 0.0,
          "document_score": 0.6977082192897797,
          "final_score": 0.6727613855153322,
          "selection_reasons": [
            "Chunk 向量召回",
            "Chunk 正文关键词、示例词或名称命中",
            "章节摘要或前后文命中",
            "Document Schema Prior"
          ]
        },
        {
          "schema": "Unconformity",
          "zhName": "不整合面",
          "category": "地层与地质时代",
          "description": "上下两套地层之间存在沉积间断、剥蚀或构造变形差异的地层接触界面。",
          "examples": [
            "加里东不整合面",
            "印支期不整合面",
            "区域不整合面"
          ],
          "vector_score": 0.7708578109741211,
          "lexical_score": 0.55,
          "context_score": 0.55,
          "schema_key_score": 0.0,
          "document_score": 0.6686882078647614,
          "final_score": 0.6688793312758208,
          "selection_reasons": [
            "Chunk 向量召回",
            "Chunk 正文关键词、示例词或名称命中",
            "章节摘要或前后文命中",
            "Document Schema Prior"
          ]
        },
        {
          "schema": "OrganicMatter",
          "zhName": "有机质",
          "category": "地球化学与有机质实体",
          "description": "沉积岩中来源于生物残体并可转化为油气的有机组分，是评价烃源岩的重要对象。",
          "examples": [
            "腐泥型有机质",
            "腐殖型有机质",
            "藻类有机质"
          ],
          "vector_score": 0.0,
          "lexical_score": 0.65,
          "context_score": 0.65,
          "schema_key_score": 0.0,
          "document_score": 0.0,
          "final_score": 0.65,
          "selection_reasons": [
            "受控一跳概念扩展"
          ]
        },
        {
          "schema": "AccumulationProcess",
          "zhName": "成藏过程",
          "category": "油气成藏要素",
          "description": "油气从生成、排出、运移、聚集到保存的动态地质过程。",
          "examples": [
            "生烃",
            "排烃",
            "油气运移",
            "油气聚集"
          ],
          "vector_score": 0.0,
          "lexical_score": 0.6,
          "context_score": 0.0,
          "schema_key_score": 0.0,
          "document_score": 0.0,
          "final_score": 0.6,
          "selection_reasons": [
            "受控一跳概念扩展"
          ]
        },
        {
          "schema": "SourceRock",
          "zhName": "烃源岩",
          "category": "油气成藏要素",
          "description": "富含有机质并能够生成油气的岩石，是油气成藏的物质基础。",
          "examples": [
            "长7烃源岩",
            "龙马溪组页岩",
            "湖相泥页岩"
          ],
          "vector_score": 0.0,
          "lexical_score": 0.6,
          "context_score": 0.0,
          "schema_key_score": 0.0,
          "document_score": 0.0,
          "final_score": 0.6,
          "selection_reasons": [
            "受控一跳概念扩展"
          ]
        },
        {
          "schema": "Bed",
          "zhName": "层/单层",
          "category": "地层与地质时代",
          "description": "最基本的层状地质单元，通常对应一个单独的岩层、砂层、泥岩层或煤层。",
          "examples": [
            "单砂层",
            "泥岩层",
            "7号煤层"
          ],
          "vector_score": 0.0,
          "lexical_score": 0.55,
          "context_score": 0.55,
          "schema_key_score": 0.0,
          "document_score": 0.0,
          "final_score": 0.55,
          "selection_reasons": [
            "受控一跳概念扩展"
          ]
        },
        {
          "schema": "KerogenType",
          "zhName": "干酪根类型",
          "category": "地球化学与有机质实体",
          "description": "根据有机质来源、显微组分和生烃潜力划分的干酪根类别。",
          "examples": [
            "I型干酪根",
            "II1型干酪根",
            "III型干酪根"
          ],
          "vector_score": 0.0,
          "lexical_score": 0.55,
          "context_score": 0.55,
          "schema_key_score": 0.0,
          "document_score": 0.0,
          "final_score": 0.55,
          "selection_reasons": [
            "受控一跳概念扩展"
          ]
        },
        {
          "schema": "ReservoirInterval",
          "zhName": "目的层/储层段",
          "category": "地层与地质时代",
          "description": "勘探开发或储层评价中重点研究的含油气层段或目标储层层位。",
          "examples": [
            "长7储层段",
            "马五目的层",
            "盒8储层段"
          ],
          "vector_score": 0.0,
          "lexical_score": 0.55,
          "context_score": 0.55,
          "schema_key_score": 0.0,
          "document_score": 0.0,
          "final_score": 0.55,
          "selection_reasons": [
            "受控一跳概念扩展"
          ]
        },
        {
          "schema": "SequenceStratigraphicUnit",
          "zhName": "层序单元",
          "category": "地层与地质时代",
          "description": "层序地层学中依据基准面变化、沉积旋回和界面特征划分出的地层单元。",
          "examples": [
            "三级层序",
            "SQ1",
            "SQ2"
          ],
          "vector_score": 0.0,
          "lexical_score": 0.55,
          "context_score": 0.55,
          "schema_key_score": 0.0,
          "document_score": 0.0,
          "final_score": 0.55,
          "selection_reasons": [
            "受控一跳概念扩展"
          ]
        },
        {
          "schema": "StratigraphicMember",
          "zhName": "段",
          "category": "地层与地质时代",
          "description": "组以下的次一级地层单位，常用于进一步划分储层、烃源岩或沉积旋回。",
          "examples": [
            "长7段",
            "长8段",
            "马五段"
          ],
          "vector_score": 0.0,
          "lexical_score": 0.55,
          "context_score": 0.55,
          "schema_key_score": 0.0,
          "document_score": 0.0,
          "final_score": 0.55,
          "selection_reasons": [
            "受控一跳概念扩展"
          ]
        },
        {
          "schema": "SubMember",
          "zhName": "亚段/小层",
          "category": "地层与地质时代",
          "description": "段以下更精细的地层划分单元，常用于储层精细对比和小层划分。",
          "examples": [
            "长7三亚段",
            "马五5小层",
            "长6一小层"
          ],
          "vector_score": 0.0,
          "lexical_score": 0.55,
          "context_score": 0.55,
          "schema_key_score": 0.0,
          "document_score": 0.0,
          "final_score": 0.55,
          "selection_reasons": [
            "受控一跳概念扩展"
          ]
        },
        {
          "schema": "GeologicAge",
          "zhName": "地质时代",
          "category": "地层与地质时代",
          "description": "表示地层形成或地质事件发生的时间单位，可包括宙、代、纪、世、期等不同层级。",
          "examples": [
            "三叠纪",
            "侏罗纪",
            "寒武纪"
          ],
          "vector_score": 0.0,
          "lexical_score": 0.65,
          "context_score": 0.65,
          "schema_key_score": 1.0,
          "document_score": 0.45,
          "final_score": 0.4625,
          "selection_reasons": [
            "Chunk 正文关键词、示例词或名称命中",
            "章节摘要或前后文命中",
            "Document Schema Prior",
            "章节 schemaKeys 命中",
            "Chunk 精确命中"
          ]
        },
        {
          "schema": "Formation",
          "zhName": "组",
          "category": "地层与地质时代",
          "description": "岩石地层单位中的基本单位，通常具有相对稳定的岩性组合和区域可识别性。",
          "examples": [
            "延长组",
            "马家沟组",
            "龙马溪组"
          ],
          "vector_score": 0.0,
          "lexical_score": 1.0,
          "context_score": 1.0,
          "schema_key_score": 0.0,
          "document_score": 0.3125,
          "final_score": 0.43359375000000006,
          "selection_reasons": [
            "Chunk 正文关键词、示例词或名称命中",
            "章节摘要或前后文命中",
            "Document Schema Prior",
            "Chunk 精确命中"
          ]
        },
        {
          "schema": "Experiment",
          "zhName": "实验",
          "category": "实验样品与测试",
          "description": "针对样品开展的测试或分析过程，用于获取物性、地球化学、矿物学或储层结构参数。",
          "examples": [
            "压汞实验",
            "热解实验",
            "X射线衍射实验",
            "扫描电镜实验"
          ],
          "vector_score": 0.0,
          "lexical_score": 0.55,
          "context_score": 0.55,
          "schema_key_score": 1.0,
          "document_score": 0.45,
          "final_score": 0.43250000000000005,
          "selection_reasons": [
            "Chunk 正文关键词、示例词或名称命中",
            "章节摘要或前后文命中",
            "Document Schema Prior",
            "章节 schemaKeys 命中",
            "Chunk 精确命中"
          ]
        },
        {
          "schema": "SequenceBoundary",
          "zhName": "层序界面",
          "category": "地层与地质时代",
          "description": "层序单元之间的边界，通常与相对湖平面或海平面变化、沉积间断或侵蚀面有关。",
          "examples": [
            "SB1",
            "SB2",
            "三级层序界面"
          ],
          "vector_score": 0.0,
          "lexical_score": 0.55,
          "context_score": 0.55,
          "schema_key_score": 0.0,
          "document_score": 0.6593240797519684,
          "final_score": 0.3298732649534941,
          "selection_reasons": [
            "Chunk 正文关键词、示例词或名称命中",
            "章节摘要或前后文命中",
            "Document Schema Prior"
          ]
        },
        {
          "schema": "Isotope",
          "zhName": "同位素",
          "category": "地球化学与有机质实体",
          "description": "用于地球化学示踪、成因判别、古环境恢复和流体来源分析的同位素指标。",
          "examples": [
            "δ13C",
            "δ18O",
            "87Sr/86Sr",
            "碳同位素"
          ],
          "vector_score": 0.0,
          "lexical_score": 0.75,
          "context_score": 0.75,
          "schema_key_score": 0.0,
          "document_score": 0.23437500000000003,
          "final_score": 0.3251953125,
          "selection_reasons": [
            "Chunk 正文关键词、示例词或名称命中",
            "章节摘要或前后文命中",
            "Document Schema Prior"
          ]
        },
        {
          "schema": "PetroleumSystem",
          "zhName": "含油气系统/成藏系统",
          "category": "油气成藏要素",
          "description": "由烃源岩、储层、盖层、圈闭、运移和保存条件等共同构成的油气生成、运移与聚集系统。",
          "examples": [
            "鄂尔多斯盆地延长组成藏系统",
            "四川盆地下古生界含气系统"
          ],
          "vector_score": 0.0,
          "lexical_score": 0.55,
          "context_score": 0.55,
          "schema_key_score": 0.0,
          "document_score": 0.6318340003490449,
          "final_score": 0.32471887506544594,
          "selection_reasons": [
            "Chunk 正文关键词、示例词或名称命中",
            "章节摘要或前后文命中",
            "Document Schema Prior"
          ]
        },
        {
          "schema": "Biomarker",
          "zhName": "生物标志化合物",
          "category": "地球化学与有机质实体",
          "description": "能够反映有机质来源、沉积环境、成熟度和油源对比信息的特征有机化合物。",
          "examples": [
            "甾烷",
            "萜烷",
            "藿烷",
            "伽马蜡烷"
          ],
          "vector_score": 0.0,
          "lexical_score": 0.65,
          "context_score": 0.65,
          "schema_key_score": 0.0,
          "document_score": 0.20312500000000003,
          "final_score": 0.28183593749999997,
          "selection_reasons": [
            "Chunk 正文关键词、示例词或名称命中",
            "章节摘要或前后文命中",
            "Document Schema Prior"
          ]
        },
        {
          "schema": "AnalyticalMethod",
          "zhName": "分析方法",
          "category": "实验样品与测试",
          "description": "用于样品测试、数据分析和地质解释的具体技术方法或实验手段。",
          "examples": [
            "TOC分析",
            "Rock-Eval热解",
            "XRD分析",
            "气相色谱分析"
          ],
          "vector_score": 0.0,
          "lexical_score": 0.0,
          "context_score": 0.0,
          "schema_key_score": 1.0,
          "document_score": 0.45,
          "final_score": 0.2675,
          "selection_reasons": [
            "Document Schema Prior",
            "章节 schemaKeys 命中",
            "Chunk 精确命中"
          ]
        },
        {
          "schema": "CarrierSystem",
          "zhName": "输导体系",
          "category": "油气成藏要素",
          "description": "由断层、裂缝、砂体、不整合面等共同组成的油气输导网络。",
          "examples": [
            "断砂组合输导体系",
            "裂缝输导体系",
            "不整合面输导体系"
          ],
          "vector_score": 0.0,
          "lexical_score": 0.0,
          "context_score": 0.0,
          "schema_key_score": 0.0,
          "document_score": 0.0,
          "final_score": 0.2,
          "selection_reasons": [
            "受控一跳概念扩展"
          ]
        },
        {
          "schema": "Cavity",
          "zhName": "溶蚀孔洞/洞穴",
          "category": "储层结构与评价实体",
          "description": "碳酸盐岩或其他可溶岩石中因溶蚀作用形成的较大孔洞空间，是重要的储集空间类型。",
          "examples": [
            "溶洞",
            "溶蚀孔",
            "洞穴型储集空间"
          ],
          "vector_score": 0.0,
          "lexical_score": 0.0,
          "context_score": 0.0,
          "schema_key_score": 0.0,
          "document_score": 0.0,
          "final_score": 0.2,
          "selection_reasons": [
            "受控一跳概念扩展"
          ]
        },
        {
          "schema": "Fracture",
          "zhName": "裂缝",
          "category": "储层结构与评价实体",
          "description": "岩石中因构造应力、成岩收缩或溶蚀作用形成的破裂面，可改善储层渗流能力。",
          "examples": [
            "构造裂缝",
            "成岩裂缝",
            "高角度裂缝"
          ],
          "vector_score": 0.0,
          "lexical_score": 0.0,
          "context_score": 0.0,
          "schema_key_score": 0.0,
          "document_score": 0.0,
          "final_score": 0.2,
          "selection_reasons": [
            "受控一跳概念扩展"
          ]
        },
        {
          "schema": "Hydrocarbon",
          "zhName": "烃类/油气",
          "category": "油气藏与流体",
          "description": "由碳氢化合物组成的油气物质，包括原油、天然气、凝析油等。",
          "examples": [
            "原油",
            "天然气",
            "凝析油",
            "页岩气"
          ],
          "vector_score": 0.0,
          "lexical_score": 0.0,
          "context_score": 0.0,
          "schema_key_score": 0.0,
          "document_score": 0.0,
          "final_score": 0.2,
          "selection_reasons": [
            "受控一跳概念扩展"
          ]
        },
        {
          "schema": "MigrationPathway",
          "zhName": "运移通道",
          "category": "油气成藏要素",
          "description": "油气从烃源岩向储层或圈闭运移过程中经过的通道或介质。",
          "examples": [
            "断层运移通道",
            "砂体输导层",
            "裂缝通道"
          ],
          "vector_score": 0.0,
          "lexical_score": 0.0,
          "context_score": 0.0,
          "schema_key_score": 0.0,
          "document_score": 0.0,
          "final_score": 0.2,
          "selection_reasons": [
            "受控一跳概念扩展"
          ]
        },
        {
          "schema": "PoreStructure",
          "zhName": "孔隙结构",
          "category": "储层结构与评价实体",
          "description": "储层中孔隙、喉道及其连通关系的几何结构特征，直接影响储集能力和渗流能力。",
          "examples": [
            "粒间孔",
            "溶蚀孔",
            "微孔",
            "孔喉网络"
          ],
          "vector_score": 0.0,
          "lexical_score": 0.0,
          "context_score": 0.0,
          "schema_key_score": 0.0,
          "document_score": 0.0,
          "final_score": 0.2,
          "selection_reasons": [
            "受控一跳概念扩展"
          ]
        }
      ],
      "relations": [
        {
          "source_schema": "AccumulationProcess",
          "relationEn": "INVOLVES",
          "relationZh": "涉及",
          "target_schema": "MigrationPathway",
          "edge_score": 0.0
        },
        {
          "source_schema": "AccumulationProcess",
          "relationEn": "INVOLVES",
          "relationZh": "涉及",
          "target_schema": "SourceRock",
          "edge_score": 0.0
        },
        {
          "source_schema": "AccumulationProcess",
          "relationEn": "OCCURS_IN",
          "relationZh": "发生于",
          "target_schema": "PetroleumSystem",
          "edge_score": 0.0
        },
        {
          "source_schema": "AnalyticalMethod",
          "relationEn": "ANALYZES",
          "relationZh": "分析",
          "target_schema": "Biomarker",
          "edge_score": 0.0
        },
        {
          "source_schema": "AnalyticalMethod",
          "relationEn": "ANALYZES",
          "relationZh": "分析",
          "target_schema": "Cavity",
          "edge_score": 0.0
        },
        {
          "source_schema": "AnalyticalMethod",
          "relationEn": "ANALYZES",
          "relationZh": "分析",
          "target_schema": "Fracture",
          "edge_score": 0.0
        },
        {
          "source_schema": "AnalyticalMethod",
          "relationEn": "ANALYZES",
          "relationZh": "分析",
          "target_schema": "Isotope",
          "edge_score": 0.0
        },
        {
          "source_schema": "AnalyticalMethod",
          "relationEn": "ANALYZES",
          "relationZh": "分析",
          "target_schema": "KerogenType",
          "edge_score": 0.0
        },
        {
          "source_schema": "AnalyticalMethod",
          "relationEn": "ANALYZES",
          "relationZh": "分析",
          "target_schema": "Lithology",
          "edge_score": 0.0
        },
        {
          "source_schema": "AnalyticalMethod",
          "relationEn": "ANALYZES",
          "relationZh": "分析",
          "target_schema": "Mineral",
          "edge_score": 0.0
        },
        {
          "source_schema": "AnalyticalMethod",
          "relationEn": "ANALYZES",
          "relationZh": "分析",
          "target_schema": "OrganicMatter",
          "edge_score": 0.0
        },
        {
          "source_schema": "AnalyticalMethod",
          "relationEn": "ANALYZES",
          "relationZh": "分析",
          "target_schema": "PoreStructure",
          "edge_score": 0.0
        },
        {
          "source_schema": "Basin",
          "relationEn": "CONTAINS",
          "relationZh": "包含",
          "target_schema": "Block",
          "edge_score": 0.0
        },
        {
          "source_schema": "Basin",
          "relationEn": "CONTAINS",
          "relationZh": "包含",
          "target_schema": "Depression",
          "edge_score": 0.0
        },
        {
          "source_schema": "Basin",
          "relationEn": "CONTAINS",
          "relationZh": "包含",
          "target_schema": "FaultZone",
          "edge_score": 0.0
        },
        {
          "source_schema": "Basin",
          "relationEn": "CONTAINS",
          "relationZh": "包含",
          "target_schema": "Sag",
          "edge_score": 0.0
        },
        {
          "source_schema": "Basin",
          "relationEn": "CONTAINS",
          "relationZh": "包含",
          "target_schema": "Slope",
          "edge_score": 0.0
        },
        {
          "source_schema": "Basin",
          "relationEn": "CONTAINS",
          "relationZh": "包含",
          "target_schema": "StructuralBelt",
          "edge_score": 0.0
        },
        {
          "source_schema": "Basin",
          "relationEn": "CONTAINS",
          "relationZh": "包含",
          "target_schema": "StructuralUnit",
          "edge_score": 0.0
        },
        {
          "source_schema": "Basin",
          "relationEn": "CONTAINS",
          "relationZh": "包含",
          "target_schema": "StudyArea",
          "edge_score": 0.0
        },
        {
          "source_schema": "Basin",
          "relationEn": "CONTAINS",
          "relationZh": "包含",
          "target_schema": "Uplift",
          "edge_score": 0.0
        },
        {
          "source_schema": "Basin",
          "relationEn": "DEVELOPS",
          "relationZh": "发育",
          "target_schema": "Formation",
          "edge_score": 0.0
        },
        {
          "source_schema": "Basin",
          "relationEn": "DEVELOPS",
          "relationZh": "发育",
          "target_schema": "ReservoirInterval",
          "edge_score": 0.0
        },
        {
          "source_schema": "Basin",
          "relationEn": "DEVELOPS",
          "relationZh": "发育",
          "target_schema": "StratigraphicMember",
          "edge_score": 0.0
        },
        {
          "source_schema": "Bed",
          "relationEn": "CONTAINS",
          "relationZh": "包含",
          "target_schema": "ReservoirInterval",
          "edge_score": 0.0
        },
        {
          "source_schema": "Bed",
          "relationEn": "HAS_LITHOLOGY",
          "relationZh": "具有岩性",
          "target_schema": "Lithology",
          "edge_score": 0.0
        },
        {
          "source_schema": "Bed",
          "relationEn": "PART_OF",
          "relationZh": "属于",
          "target_schema": "SubMember",
          "edge_score": 0.0
        },
        {
          "source_schema": "Biomarker",
          "relationEn": "INDICATES",
          "relationZh": "指示",
          "target_schema": "DepositionalEnvironment",
          "edge_score": 0.0
        },
        {
          "source_schema": "Biomarker",
          "relationEn": "INDICATES",
          "relationZh": "指示",
          "target_schema": "Hydrocarbon",
          "edge_score": 0.0
        },
        {
          "source_schema": "Biomarker",
          "relationEn": "INDICATES",
          "relationZh": "指示",
          "target_schema": "OrganicMatter",
          "edge_score": 0.0
        },
        {
          "source_schema": "Biomarker",
          "relationEn": "INDICATES",
          "relationZh": "指示",
          "target_schema": "SourceRock",
          "edge_score": 0.0
        },
        {
          "source_schema": "CarrierSystem",
          "relationEn": "CONTAINS",
          "relationZh": "包含",
          "target_schema": "MigrationPathway",
          "edge_score": 0.0
        },
        {
          "source_schema": "Core",
          "relationEn": "REVEALS",
          "relationZh": "揭示",
          "target_schema": "Fracture",
          "edge_score": 0.0
        },
        {
          "source_schema": "Core",
          "relationEn": "REVEALS",
          "relationZh": "揭示",
          "target_schema": "Lithology",
          "edge_score": 0.0
        },
        {
          "source_schema": "Core",
          "relationEn": "REVEALS",
          "relationZh": "揭示",
          "target_schema": "PoreStructure",
          "edge_score": 0.0
        },
        {
          "source_schema": "Core",
          "relationEn": "REVEALS",
          "relationZh": "揭示",
          "target_schema": "SedimentaryStructure",
          "edge_score": 0.0
        },
        {
          "source_schema": "Core",
          "relationEn": "SAMPLED_FROM",
          "relationZh": "取自",
          "target_schema": "ReservoirInterval",
          "edge_score": 0.0
        },
        {
          "source_schema": "Core",
          "relationEn": "SAMPLED_FROM",
          "relationZh": "取自",
          "target_schema": "Well",
          "edge_score": 0.0
        },
        {
          "source_schema": "DepositionalEnvironment",
          "relationEn": "CONTROLS",
          "relationZh": "控制",
          "target_schema": "Lithology",
          "edge_score": 0.0
        },
        {
          "source_schema": "DepositionalEnvironment",
          "relationEn": "CONTROLS",
          "relationZh": "控制",
          "target_schema": "SedimentaryFacies",
          "edge_score": 0.0
        },
        {
          "source_schema": "DepositionalSystem",
          "relationEn": "CONTAINS",
          "relationZh": "包含",
          "target_schema": "Microfacies",
          "edge_score": 0.0
        },
        {
          "source_schema": "DepositionalSystem",
          "relationEn": "CONTAINS",
          "relationZh": "包含",
          "target_schema": "SedimentaryFacies",
          "edge_score": 0.0
        },
        {
          "source_schema": "DepositionalSystem",
          "relationEn": "CONTAINS",
          "relationZh": "包含",
          "target_schema": "Subfacies",
          "edge_score": 0.0
        },
        {
          "source_schema": "Depression",
          "relationEn": "CONTAINS",
          "relationZh": "包含",
          "target_schema": "Sag",
          "edge_score": 0.0
        },
        {
          "source_schema": "Depression",
          "relationEn": "DEVELOPS",
          "relationZh": "发育",
          "target_schema": "SourceRock",
          "edge_score": 0.0
        },
        {
          "source_schema": "Depression",
          "relationEn": "PART_OF",
          "relationZh": "属于",
          "target_schema": "Basin",
          "edge_score": 0.0
        },
        {
          "source_schema": "Diagenesis",
          "relationEn": "AFFECTS",
          "relationZh": "影响",
          "target_schema": "Lithology",
          "edge_score": 0.0
        },
        {
          "source_schema": "Diagenesis",
          "relationEn": "AFFECTS",
          "relationZh": "影响",
          "target_schema": "Mineral",
          "edge_score": 0.0
        },
        {
          "source_schema": "Diagenesis",
          "relationEn": "AFFECTS",
          "relationZh": "影响",
          "target_schema": "PoreStructure",
          "edge_score": 0.0
        },
        {
          "source_schema": "Diagenesis",
          "relationEn": "AFFECTS",
          "relationZh": "影响",
          "target_schema": "RockTexture",
          "edge_score": 0.0
        },
        {
          "source_schema": "Diagenesis",
          "relationEn": "FORMS",
          "relationZh": "形成",
          "target_schema": "Cavity",
          "edge_score": 0.0
        },
        {
          "source_schema": "Diagenesis",
          "relationEn": "FORMS",
          "relationZh": "形成",
          "target_schema": "DiageneticFacies",
          "edge_score": 0.0
        },
        {
          "source_schema": "Diagenesis",
          "relationEn": "HAS_STAGE",
          "relationZh": "具有阶段",
          "target_schema": "DiageneticStage",
          "edge_score": 0.0
        },
        {
          "source_schema": "DiageneticFacies",
          "relationEn": "CONTROLLED_BY",
          "relationZh": "受……控制",
          "target_schema": "Diagenesis",
          "edge_score": 0.0
        },
        {
          "source_schema": "Experiment",
          "relationEn": "EVALUATES",
          "relationZh": "评价",
          "target_schema": "Hydrocarbon",
          "edge_score": 0.0
        },
        {
          "source_schema": "Experiment",
          "relationEn": "EVALUATES",
          "relationZh": "评价",
          "target_schema": "SourceRock",
          "edge_score": 0.0
        },
        {
          "source_schema": "Experiment",
          "relationEn": "USES_METHOD",
          "relationZh": "使用方法",
          "target_schema": "AnalyticalMethod",
          "edge_score": 0.0
        },
        {
          "source_schema": "Fault",
          "relationEn": "CONTROLS",
          "relationZh": "控制",
          "target_schema": "Block",
          "edge_score": 0.0
        },
        {
          "source_schema": "Fault",
          "relationEn": "CONTROLS",
          "relationZh": "控制",
          "target_schema": "Fracture",
          "edge_score": 0.0
        },
        {
          "source_schema": "Fault",
          "relationEn": "CONTROLS",
          "relationZh": "控制",
          "target_schema": "MigrationPathway",
          "edge_score": 0.0
        },
        {
          "source_schema": "Fault",
          "relationEn": "CONTROLS",
          "relationZh": "控制",
          "target_schema": "StratigraphicBoundary",
          "edge_score": 0.0
        },
        {
          "source_schema": "Fault",
          "relationEn": "CONTROLS",
          "relationZh": "控制",
          "target_schema": "StructuralUnit",
          "edge_score": 0.0
        },
        {
          "source_schema": "Fault",
          "relationEn": "CUTS",
          "relationZh": "切割",
          "target_schema": "Formation",
          "edge_score": 0.0
        },
        {
          "source_schema": "Fault",
          "relationEn": "CUTS",
          "relationZh": "切割",
          "target_schema": "ReservoirInterval",
          "edge_score": 0.0
        },
        {
          "source_schema": "Fault",
          "relationEn": "CUTS",
          "relationZh": "切割",
          "target_schema": "StratigraphicMember",
          "edge_score": 0.0
        },
        {
          "source_schema": "Fault",
          "relationEn": "PART_OF",
          "relationZh": "属于",
          "target_schema": "FaultZone",
          "edge_score": 0.0
        },
        {
          "source_schema": "FaultZone",
          "relationEn": "CONTAINS",
          "relationZh": "包含",
          "target_schema": "Fault",
          "edge_score": 0.0
        },
        {
          "source_schema": "FaultZone",
          "relationEn": "CONTROLS",
          "relationZh": "控制",
          "target_schema": "CarrierSystem",
          "edge_score": 0.0
        },
        {
          "source_schema": "FaultZone",
          "relationEn": "CONTROLS",
          "relationZh": "控制",
          "target_schema": "StructuralBelt",
          "edge_score": 0.0
        },
        {
          "source_schema": "FaultZone",
          "relationEn": "CONTROLS",
          "relationZh": "控制",
          "target_schema": "StructuralUnit",
          "edge_score": 0.0
        },
        {
          "source_schema": "FaultZone",
          "relationEn": "CONTROLS",
          "relationZh": "控制",
          "target_schema": "Unconformity",
          "edge_score": 0.0
        },
        {
          "source_schema": "Formation",
          "relationEn": "BELONGS_TO",
          "relationZh": "属于",
          "target_schema": "DepositionalSystem",
          "edge_score": 0.0
        },
        {
          "source_schema": "Formation",
          "relationEn": "CONTAINS",
          "relationZh": "包含",
          "target_schema": "ReservoirInterval",
          "edge_score": 0.0
        },
        {
          "source_schema": "Formation",
          "relationEn": "DEPOSITED_IN",
          "relationZh": "沉积于",
          "target_schema": "DepositionalEnvironment",
          "edge_score": 0.0
        },
        {
          "source_schema": "Formation",
          "relationEn": "HAS_FACIES",
          "relationZh": "具有沉积相",
          "target_schema": "SedimentaryFacies",
          "edge_score": 0.0
        },
        {
          "source_schema": "Formation",
          "relationEn": "HAS_LITHOLOGY",
          "relationZh": "具有岩性",
          "target_schema": "Lithology",
          "edge_score": 0.0
        },
        {
          "source_schema": "Formation",
          "relationEn": "HAS_MEMBER",
          "relationZh": "具有段",
          "target_schema": "StratigraphicMember",
          "edge_score": 0.0
        },
        {
          "source_schema": "GeologicAge",
          "relationEn": "DEFINES_AGE_OF",
          "relationZh": "限定时代",
          "target_schema": "Bed",
          "edge_score": 0.0
        },
        {
          "source_schema": "GeologicAge",
          "relationEn": "DEFINES_AGE_OF",
          "relationZh": "限定时代",
          "target_schema": "Formation",
          "edge_score": 0.0
        },
        {
          "source_schema": "GeologicAge",
          "relationEn": "DEFINES_AGE_OF",
          "relationZh": "限定时代",
          "target_schema": "SequenceStratigraphicUnit",
          "edge_score": 0.0
        },
        {
          "source_schema": "GeologicAge",
          "relationEn": "DEFINES_AGE_OF",
          "relationZh": "限定时代",
          "target_schema": "StratigraphicMember",
          "edge_score": 0.0
        },
        {
          "source_schema": "GeologicAge",
          "relationEn": "DEFINES_AGE_OF",
          "relationZh": "限定时代",
          "target_schema": "SubMember",
          "edge_score": 0.0
        },
        {
          "source_schema": "GeologicalMap",
          "relationEn": "SHOWS",
          "relationZh": "展示",
          "target_schema": "Basin",
          "edge_score": 0.0
        },
        {
          "source_schema": "GeologicalMap",
          "relationEn": "SHOWS",
          "relationZh": "展示",
          "target_schema": "Fault",
          "edge_score": 0.0
        },
        {
          "source_schema": "GeologicalMap",
          "relationEn": "SHOWS",
          "relationZh": "展示",
          "target_schema": "FaultZone",
          "edge_score": 0.0
        },
        {
          "source_schema": "GeologicalMap",
          "relationEn": "SHOWS",
          "relationZh": "展示",
          "target_schema": "Formation",
          "edge_score": 0.0
        },
        {
          "source_schema": "GeologicalMap",
          "relationEn": "SHOWS",
          "relationZh": "展示",
          "target_schema": "SedimentaryFacies",
          "edge_score": 0.0
        },
        {
          "source_schema": "GeologicalMap",
          "relationEn": "SHOWS",
          "relationZh": "展示",
          "target_schema": "StructuralUnit",
          "edge_score": 0.0
        },
        {
          "source_schema": "Hydrocarbon",
          "relationEn": "CORRELATED_WITH",
          "relationZh": "油源对比于",
          "target_schema": "SourceRock",
          "edge_score": 0.0
        },
        {
          "source_schema": "Hydrocarbon",
          "relationEn": "HAS_BIOMARKER",
          "relationZh": "具有生物标志化合物",
          "target_schema": "Biomarker",
          "edge_score": 0.0
        },
        {
          "source_schema": "Hydrocarbon",
          "relationEn": "HAS_ISOTOPE",
          "relationZh": "具有同位素",
          "target_schema": "Isotope",
          "edge_score": 0.0
        },
        {
          "source_schema": "Isotope",
          "relationEn": "INDICATES",
          "relationZh": "指示",
          "target_schema": "DepositionalEnvironment",
          "edge_score": 0.0
        },
        {
          "source_schema": "Isotope",
          "relationEn": "INDICATES",
          "relationZh": "指示",
          "target_schema": "Hydrocarbon",
          "edge_score": 0.0
        },
        {
          "source_schema": "Isotope",
          "relationEn": "INDICATES",
          "relationZh": "指示",
          "target_schema": "SourceRock",
          "edge_score": 0.0
        },
        {
          "source_schema": "Lithology",
          "relationEn": "COMPOSED_OF",
          "relationZh": "由……组成",
          "target_schema": "Mineral",
          "edge_score": 0.0
        },
        {
          "source_schema": "Lithology",
          "relationEn": "CONTROLS",
          "relationZh": "控制",
          "target_schema": "PoreStructure",
          "edge_score": 0.0
        },
        {
          "source_schema": "Lithology",
          "relationEn": "HAS_STRUCTURE",
          "relationZh": "具有沉积构造",
          "target_schema": "SedimentaryStructure",
          "edge_score": 0.0
        },
        {
          "source_schema": "Lithology",
          "relationEn": "HAS_TEXTURE",
          "relationZh": "具有结构/组构",
          "target_schema": "RockTexture",
          "edge_score": 0.0
        },
        {
          "source_schema": "Lithology",
          "relationEn": "INDICATES",
          "relationZh": "指示",
          "target_schema": "DepositionalEnvironment",
          "edge_score": 0.0
        },
        {
          "source_schema": "Lithology",
          "relationEn": "INDICATES",
          "relationZh": "指示",
          "target_schema": "SedimentaryFacies",
          "edge_score": 0.0
        },
        {
          "source_schema": "Microfacies",
          "relationEn": "PART_OF",
          "relationZh": "属于",
          "target_schema": "Subfacies",
          "edge_score": 0.0
        },
        {
          "source_schema": "MigrationPathway",
          "relationEn": "CONNECTS",
          "relationZh": "连接",
          "target_schema": "SourceRock",
          "edge_score": 0.0
        },
        {
          "source_schema": "Mineral",
          "relationEn": "AFFECTS",
          "relationZh": "影响",
          "target_schema": "PoreStructure",
          "edge_score": 0.0
        },
        {
          "source_schema": "OrganicMatter",
          "relationEn": "GENERATES",
          "relationZh": "生成",
          "target_schema": "Hydrocarbon",
          "edge_score": 0.0
        },
        {
          "source_schema": "OrganicMatter",
          "relationEn": "HAS_TYPE",
          "relationZh": "具有类型",
          "target_schema": "KerogenType",
          "edge_score": 0.0
        },
        {
          "source_schema": "Outcrop",
          "relationEn": "EXPOSES",
          "relationZh": "出露",
          "target_schema": "Fault",
          "edge_score": 0.0
        },
        {
          "source_schema": "Outcrop",
          "relationEn": "EXPOSES",
          "relationZh": "出露",
          "target_schema": "Formation",
          "edge_score": 0.0
        },
        {
          "source_schema": "Outcrop",
          "relationEn": "EXPOSES",
          "relationZh": "出露",
          "target_schema": "Lithology",
          "edge_score": 0.0
        },
        {
          "source_schema": "Outcrop",
          "relationEn": "EXPOSES",
          "relationZh": "出露",
          "target_schema": "StratigraphicBoundary",
          "edge_score": 0.0
        },
        {
          "source_schema": "Outcrop",
          "relationEn": "EXPOSES",
          "relationZh": "出露",
          "target_schema": "StratigraphicMember",
          "edge_score": 0.0
        },
        {
          "source_schema": "PetroleumSystem",
          "relationEn": "DEVELOPED_IN",
          "relationZh": "发育于",
          "target_schema": "Basin",
          "edge_score": 0.0
        },
        {
          "source_schema": "PetroleumSystem",
          "relationEn": "DEVELOPED_IN",
          "relationZh": "发育于",
          "target_schema": "Block",
          "edge_score": 0.0
        },
        {
          "source_schema": "PetroleumSystem",
          "relationEn": "DEVELOPED_IN",
          "relationZh": "发育于",
          "target_schema": "StructuralUnit",
          "edge_score": 0.0
        },
        {
          "source_schema": "PetroleumSystem",
          "relationEn": "HAS_CARRIER_SYSTEM",
          "relationZh": "具有输导体系",
          "target_schema": "CarrierSystem",
          "edge_score": 0.0
        },
        {
          "source_schema": "PetroleumSystem",
          "relationEn": "HAS_MIGRATION_PATHWAY",
          "relationZh": "具有运移通道",
          "target_schema": "MigrationPathway",
          "edge_score": 0.0
        },
        {
          "source_schema": "PetroleumSystem",
          "relationEn": "HAS_PROCESS",
          "relationZh": "具有成藏过程",
          "target_schema": "AccumulationProcess",
          "edge_score": 0.0
        },
        {
          "source_schema": "PetroleumSystem",
          "relationEn": "HAS_SOURCE_ROCK",
          "relationZh": "具有烃源岩",
          "target_schema": "SourceRock",
          "edge_score": 0.0
        },
        {
          "source_schema": "PoreStructure",
          "relationEn": "DEVELOPED_IN",
          "relationZh": "发育于",
          "target_schema": "Lithology",
          "edge_score": 0.0
        },
        {
          "source_schema": "ProductionTest",
          "relationEn": "CONFIRMS",
          "relationZh": "证实",
          "target_schema": "Hydrocarbon",
          "edge_score": 0.0
        },
        {
          "source_schema": "ProductionTest",
          "relationEn": "TESTS",
          "relationZh": "测试",
          "target_schema": "ReservoirInterval",
          "edge_score": 0.0
        },
        {
          "source_schema": "ProductionTest",
          "relationEn": "TESTS",
          "relationZh": "测试",
          "target_schema": "Well",
          "edge_score": 0.0
        },
        {
          "source_schema": "ReservoirInterval",
          "relationEn": "BELONGS_TO",
          "relationZh": "属于",
          "target_schema": "DepositionalSystem",
          "edge_score": 0.0
        },
        {
          "source_schema": "ReservoirInterval",
          "relationEn": "CORRESPONDS_TO",
          "relationZh": "对应",
          "target_schema": "SourceRock",
          "edge_score": 0.0
        },
        {
          "source_schema": "ReservoirInterval",
          "relationEn": "DEPOSITED_IN",
          "relationZh": "沉积于",
          "target_schema": "DepositionalEnvironment",
          "edge_score": 0.0
        },
        {
          "source_schema": "ReservoirInterval",
          "relationEn": "HAS_FACIES",
          "relationZh": "具有沉积相",
          "target_schema": "SedimentaryFacies",
          "edge_score": 0.0
        },
        {
          "source_schema": "ReservoirInterval",
          "relationEn": "HAS_LITHOLOGY",
          "relationZh": "具有岩性",
          "target_schema": "Lithology",
          "edge_score": 0.0
        },
        {
          "source_schema": "ReservoirInterval",
          "relationEn": "PART_OF",
          "relationZh": "属于",
          "target_schema": "Bed",
          "edge_score": 0.0
        },
        {
          "source_schema": "ReservoirInterval",
          "relationEn": "PART_OF",
          "relationZh": "属于",
          "target_schema": "Formation",
          "edge_score": 0.0
        },
        {
          "source_schema": "ReservoirInterval",
          "relationEn": "PART_OF",
          "relationZh": "属于",
          "target_schema": "StratigraphicMember",
          "edge_score": 0.0
        },
        {
          "source_schema": "ReservoirInterval",
          "relationEn": "PART_OF",
          "relationZh": "属于",
          "target_schema": "SubMember",
          "edge_score": 0.0
        },
        {
          "source_schema": "Sag",
          "relationEn": "DEVELOPS",
          "relationZh": "发育",
          "target_schema": "SourceRock",
          "edge_score": 0.0
        },
        {
          "source_schema": "Sag",
          "relationEn": "PART_OF",
          "relationZh": "属于",
          "target_schema": "Depression",
          "edge_score": 0.0
        },
        {
          "source_schema": "SedimentaryFacies",
          "relationEn": "CONTAINS",
          "relationZh": "包含",
          "target_schema": "Subfacies",
          "edge_score": 0.0
        },
        {
          "source_schema": "SedimentaryFacies",
          "relationEn": "PART_OF",
          "relationZh": "属于",
          "target_schema": "DepositionalSystem",
          "edge_score": 0.0
        },
        {
          "source_schema": "SedimentaryStructure",
          "relationEn": "INDICATES",
          "relationZh": "指示",
          "target_schema": "DepositionalEnvironment",
          "edge_score": 0.0
        },
        {
          "source_schema": "SeismicProfile",
          "relationEn": "INTERPRETS",
          "relationZh": "解释",
          "target_schema": "Fault",
          "edge_score": 0.0
        },
        {
          "source_schema": "SeismicProfile",
          "relationEn": "INTERPRETS",
          "relationZh": "解释",
          "target_schema": "FaultZone",
          "edge_score": 0.0
        },
        {
          "source_schema": "SeismicProfile",
          "relationEn": "INTERPRETS",
          "relationZh": "解释",
          "target_schema": "StratigraphicBoundary",
          "edge_score": 0.0
        },
        {
          "source_schema": "SeismicProfile",
          "relationEn": "INTERPRETS",
          "relationZh": "解释",
          "target_schema": "StructuralUnit",
          "edge_score": 0.0
        },
        {
          "source_schema": "SeismicProfile",
          "relationEn": "INTERPRETS",
          "relationZh": "解释",
          "target_schema": "Unconformity",
          "edge_score": 0.0
        },
        {
          "source_schema": "SequenceBoundary",
          "relationEn": "IS_TYPE_OF",
          "relationZh": "属于类型",
          "target_schema": "StratigraphicBoundary",
          "edge_score": 0.0
        },
        {
          "source_schema": "SequenceStratigraphicUnit",
          "relationEn": "BOUNDED_BY",
          "relationZh": "受界面限定",
          "target_schema": "SequenceBoundary",
          "edge_score": 0.0
        },
        {
          "source_schema": "SequenceStratigraphicUnit",
          "relationEn": "CONTROLS",
          "relationZh": "控制",
          "target_schema": "DepositionalSystem",
          "edge_score": 0.0
        },
        {
          "source_schema": "Slope",
          "relationEn": "ADJACENT_TO",
          "relationZh": "邻接",
          "target_schema": "Depression",
          "edge_score": 0.0
        },
        {
          "source_schema": "Slope",
          "relationEn": "ADJACENT_TO",
          "relationZh": "邻接",
          "target_schema": "Uplift",
          "edge_score": 0.0
        },
        {
          "source_schema": "Slope",
          "relationEn": "TRANSITION_BETWEEN",
          "relationZh": "过渡于",
          "target_schema": "Depression",
          "edge_score": 0.0
        },
        {
          "source_schema": "Slope",
          "relationEn": "TRANSITION_BETWEEN",
          "relationZh": "过渡于",
          "target_schema": "Uplift",
          "edge_score": 0.0
        },
        {
          "source_schema": "SourceRock",
          "relationEn": "CONTAINS",
          "relationZh": "包含",
          "target_schema": "OrganicMatter",
          "edge_score": 0.0
        },
        {
          "source_schema": "SourceRock",
          "relationEn": "DEVELOPED_IN",
          "relationZh": "发育于",
          "target_schema": "Depression",
          "edge_score": 0.0
        },
        {
          "source_schema": "SourceRock",
          "relationEn": "DEVELOPED_IN",
          "relationZh": "发育于",
          "target_schema": "Formation",
          "edge_score": 0.0
        },
        {
          "source_schema": "SourceRock",
          "relationEn": "DEVELOPED_IN",
          "relationZh": "发育于",
          "target_schema": "Sag",
          "edge_score": 0.0
        },
        {
          "source_schema": "SourceRock",
          "relationEn": "DEVELOPED_IN",
          "relationZh": "发育于",
          "target_schema": "StratigraphicMember",
          "edge_score": 0.0
        },
        {
          "source_schema": "SourceRock",
          "relationEn": "EXPELS",
          "relationZh": "排出",
          "target_schema": "Hydrocarbon",
          "edge_score": 0.0
        },
        {
          "source_schema": "SourceRock",
          "relationEn": "GENERATES",
          "relationZh": "生成",
          "target_schema": "Hydrocarbon",
          "edge_score": 0.0
        },
        {
          "source_schema": "SourceRock",
          "relationEn": "HAS_BIOMARKER",
          "relationZh": "具有生物标志化合物",
          "target_schema": "Biomarker",
          "edge_score": 0.0
        },
        {
          "source_schema": "SourceRock",
          "relationEn": "HAS_ISOTOPE",
          "relationZh": "具有同位素",
          "target_schema": "Isotope",
          "edge_score": 0.0
        },
        {
          "source_schema": "SourceRock",
          "relationEn": "HAS_LITHOLOGY",
          "relationZh": "具有岩性",
          "target_schema": "Lithology",
          "edge_score": 0.0
        },
        {
          "source_schema": "StratigraphicBoundary",
          "relationEn": "BOUNDS",
          "relationZh": "限定边界",
          "target_schema": "Bed",
          "edge_score": 0.0
        },
        {
          "source_schema": "StratigraphicBoundary",
          "relationEn": "BOUNDS",
          "relationZh": "限定边界",
          "target_schema": "Formation",
          "edge_score": 0.0
        },
        {
          "source_schema": "StratigraphicBoundary",
          "relationEn": "BOUNDS",
          "relationZh": "限定边界",
          "target_schema": "StratigraphicMember",
          "edge_score": 0.0
        },
        {
          "source_schema": "StratigraphicBoundary",
          "relationEn": "BOUNDS",
          "relationZh": "限定边界",
          "target_schema": "SubMember",
          "edge_score": 0.0
        },
        {
          "source_schema": "StratigraphicMember",
          "relationEn": "BELONGS_TO",
          "relationZh": "属于",
          "target_schema": "DepositionalSystem",
          "edge_score": 0.0
        },
        {
          "source_schema": "StratigraphicMember",
          "relationEn": "CONTAINS",
          "relationZh": "包含",
          "target_schema": "ReservoirInterval",
          "edge_score": 0.0
        },
        {
          "source_schema": "StratigraphicMember",
          "relationEn": "DEPOSITED_IN",
          "relationZh": "沉积于",
          "target_schema": "DepositionalEnvironment",
          "edge_score": 0.0
        },
        {
          "source_schema": "StratigraphicMember",
          "relationEn": "HAS_FACIES",
          "relationZh": "具有沉积相",
          "target_schema": "SedimentaryFacies",
          "edge_score": 0.0
        },
        {
          "source_schema": "StratigraphicMember",
          "relationEn": "HAS_LITHOLOGY",
          "relationZh": "具有岩性",
          "target_schema": "Lithology",
          "edge_score": 0.0
        },
        {
          "source_schema": "StratigraphicMember",
          "relationEn": "HAS_SUBMEMBER",
          "relationZh": "具有亚段/小层",
          "target_schema": "SubMember",
          "edge_score": 0.0
        },
        {
          "source_schema": "StratigraphicMember",
          "relationEn": "PART_OF",
          "relationZh": "属于",
          "target_schema": "Formation",
          "edge_score": 0.0
        },
        {
          "source_schema": "StructuralBelt",
          "relationEn": "CONTAINS",
          "relationZh": "包含",
          "target_schema": "Fault",
          "edge_score": 0.0
        },
        {
          "source_schema": "StructuralBelt",
          "relationEn": "CONTAINS",
          "relationZh": "包含",
          "target_schema": "FaultZone",
          "edge_score": 0.0
        },
        {
          "source_schema": "StructuralUnit",
          "relationEn": "CONTAINS",
          "relationZh": "包含",
          "target_schema": "Block",
          "edge_score": 0.0
        },
        {
          "source_schema": "StructuralUnit",
          "relationEn": "CONTAINS",
          "relationZh": "包含",
          "target_schema": "Depression",
          "edge_score": 0.0
        },
        {
          "source_schema": "StructuralUnit",
          "relationEn": "CONTAINS",
          "relationZh": "包含",
          "target_schema": "FaultZone",
          "edge_score": 0.0
        },
        {
          "source_schema": "StructuralUnit",
          "relationEn": "CONTAINS",
          "relationZh": "包含",
          "target_schema": "Sag",
          "edge_score": 0.0
        },
        {
          "source_schema": "StructuralUnit",
          "relationEn": "CONTAINS",
          "relationZh": "包含",
          "target_schema": "Slope",
          "edge_score": 0.0
        },
        {
          "source_schema": "StructuralUnit",
          "relationEn": "CONTAINS",
          "relationZh": "包含",
          "target_schema": "StructuralBelt",
          "edge_score": 0.0
        },
        {
          "source_schema": "StructuralUnit",
          "relationEn": "CONTAINS",
          "relationZh": "包含",
          "target_schema": "Uplift",
          "edge_score": 0.0
        },
        {
          "source_schema": "StructuralUnit",
          "relationEn": "DEVELOPS",
          "relationZh": "发育",
          "target_schema": "Formation",
          "edge_score": 0.0
        },
        {
          "source_schema": "StructuralUnit",
          "relationEn": "DEVELOPS",
          "relationZh": "发育",
          "target_schema": "ReservoirInterval",
          "edge_score": 0.0
        },
        {
          "source_schema": "StructuralUnit",
          "relationEn": "DEVELOPS",
          "relationZh": "发育",
          "target_schema": "StratigraphicMember",
          "edge_score": 0.0
        },
        {
          "source_schema": "StructuralUnit",
          "relationEn": "PART_OF",
          "relationZh": "属于",
          "target_schema": "Basin",
          "edge_score": 0.0
        },
        {
          "source_schema": "StudyArea",
          "relationEn": "COVERS",
          "relationZh": "覆盖",
          "target_schema": "Basin",
          "edge_score": 0.0
        },
        {
          "source_schema": "StudyArea",
          "relationEn": "COVERS",
          "relationZh": "覆盖",
          "target_schema": "Block",
          "edge_score": 0.0
        },
        {
          "source_schema": "StudyArea",
          "relationEn": "COVERS",
          "relationZh": "覆盖",
          "target_schema": "Depression",
          "edge_score": 0.0
        },
        {
          "source_schema": "StudyArea",
          "relationEn": "COVERS",
          "relationZh": "覆盖",
          "target_schema": "Sag",
          "edge_score": 0.0
        },
        {
          "source_schema": "StudyArea",
          "relationEn": "COVERS",
          "relationZh": "覆盖",
          "target_schema": "Slope",
          "edge_score": 0.0
        },
        {
          "source_schema": "StudyArea",
          "relationEn": "COVERS",
          "relationZh": "覆盖",
          "target_schema": "StructuralBelt",
          "edge_score": 0.0
        },
        {
          "source_schema": "StudyArea",
          "relationEn": "COVERS",
          "relationZh": "覆盖",
          "target_schema": "StructuralUnit",
          "edge_score": 0.0
        },
        {
          "source_schema": "StudyArea",
          "relationEn": "COVERS",
          "relationZh": "覆盖",
          "target_schema": "Uplift",
          "edge_score": 0.0
        },
        {
          "source_schema": "SubMember",
          "relationEn": "CONTAINS",
          "relationZh": "包含",
          "target_schema": "ReservoirInterval",
          "edge_score": 0.0
        },
        {
          "source_schema": "SubMember",
          "relationEn": "HAS_BED",
          "relationZh": "具有层",
          "target_schema": "Bed",
          "edge_score": 0.0
        },
        {
          "source_schema": "SubMember",
          "relationEn": "HAS_LITHOLOGY",
          "relationZh": "具有岩性",
          "target_schema": "Lithology",
          "edge_score": 0.0
        },
        {
          "source_schema": "SubMember",
          "relationEn": "PART_OF",
          "relationZh": "属于",
          "target_schema": "StratigraphicMember",
          "edge_score": 0.0
        },
        {
          "source_schema": "Subfacies",
          "relationEn": "CONTAINS",
          "relationZh": "包含",
          "target_schema": "Microfacies",
          "edge_score": 0.0
        },
        {
          "source_schema": "Subfacies",
          "relationEn": "PART_OF",
          "relationZh": "属于",
          "target_schema": "SedimentaryFacies",
          "edge_score": 0.0
        },
        {
          "source_schema": "ThinSection",
          "relationEn": "OBSERVES",
          "relationZh": "观察",
          "target_schema": "Diagenesis",
          "edge_score": 0.0
        },
        {
          "source_schema": "ThinSection",
          "relationEn": "OBSERVES",
          "relationZh": "观察",
          "target_schema": "DiageneticFacies",
          "edge_score": 0.0
        },
        {
          "source_schema": "ThinSection",
          "relationEn": "OBSERVES",
          "relationZh": "观察",
          "target_schema": "Mineral",
          "edge_score": 0.0
        },
        {
          "source_schema": "ThinSection",
          "relationEn": "OBSERVES",
          "relationZh": "观察",
          "target_schema": "PoreStructure",
          "edge_score": 0.0
        },
        {
          "source_schema": "ThinSection",
          "relationEn": "OBSERVES",
          "relationZh": "观察",
          "target_schema": "RockTexture",
          "edge_score": 0.0
        },
        {
          "source_schema": "ThinSection",
          "relationEn": "PREPARED_FROM",
          "relationZh": "制备自",
          "target_schema": "Core",
          "edge_score": 0.0
        },
        {
          "source_schema": "Unconformity",
          "relationEn": "ACTS_AS",
          "relationZh": "作为",
          "target_schema": "MigrationPathway",
          "edge_score": 0.0
        },
        {
          "source_schema": "Unconformity",
          "relationEn": "IS_TYPE_OF",
          "relationZh": "属于类型",
          "target_schema": "StratigraphicBoundary",
          "edge_score": 0.0
        },
        {
          "source_schema": "Uplift",
          "relationEn": "ADJACENT_TO",
          "relationZh": "邻接",
          "target_schema": "Slope",
          "edge_score": 0.0
        },
        {
          "source_schema": "Uplift",
          "relationEn": "EXPOSES_OR_ERODES",
          "relationZh": "出露或剥蚀",
          "target_schema": "Formation",
          "edge_score": 0.0
        },
        {
          "source_schema": "Well",
          "relationEn": "ENCOUNTERS",
          "relationZh": "钻遇",
          "target_schema": "Formation",
          "edge_score": 0.0
        },
        {
          "source_schema": "Well",
          "relationEn": "ENCOUNTERS",
          "relationZh": "钻遇",
          "target_schema": "ReservoirInterval",
          "edge_score": 0.0
        },
        {
          "source_schema": "Well",
          "relationEn": "ENCOUNTERS",
          "relationZh": "钻遇",
          "target_schema": "StratigraphicMember",
          "edge_score": 0.0
        },
        {
          "source_schema": "Well",
          "relationEn": "HAS_CORE",
          "relationZh": "具有岩心",
          "target_schema": "Core",
          "edge_score": 0.0
        },
        {
          "source_schema": "Well",
          "relationEn": "HAS_WELL_LOG",
          "relationZh": "具有测井资料",
          "target_schema": "WellLog",
          "edge_score": 0.0
        },
        {
          "source_schema": "Well",
          "relationEn": "LOCATED_IN",
          "relationZh": "位于",
          "target_schema": "Basin",
          "edge_score": 0.0
        },
        {
          "source_schema": "Well",
          "relationEn": "LOCATED_IN",
          "relationZh": "位于",
          "target_schema": "Block",
          "edge_score": 0.0
        },
        {
          "source_schema": "Well",
          "relationEn": "LOCATED_IN",
          "relationZh": "位于",
          "target_schema": "StructuralUnit",
          "edge_score": 0.0
        },
        {
          "source_schema": "Well",
          "relationEn": "LOCATED_IN",
          "relationZh": "位于",
          "target_schema": "StudyArea",
          "edge_score": 0.0
        },
        {
          "source_schema": "WellLog",
          "relationEn": "INTERPRETS",
          "relationZh": "解释",
          "target_schema": "Lithology",
          "edge_score": 0.0
        },
        {
          "source_schema": "WellLog",
          "relationEn": "INTERPRETS",
          "relationZh": "解释",
          "target_schema": "ReservoirInterval",
          "edge_score": 0.0
        },
        {
          "source_schema": "WellLog",
          "relationEn": "INTERPRETS",
          "relationZh": "解释",
          "target_schema": "StratigraphicBoundary",
          "edge_score": 0.0
        }
      ],
      "core_categories": [
        "地理与构造单元",
        "岩石、矿物与沉积体系",
        "勘探开发与资料类型"
      ],
      "query_terms": [
        "华北克拉通",
        "大陆",
        "双峰式火成岩",
        "鄂尔多斯盆地",
        "哥伦比亚",
        "构造演化",
        "事件",
        "机制",
        "花岗",
        "地球化学",
        "动力学",
        "岩石学",
        "安沟",
        "性质",
        "成因",
        "斑岩",
        "时代",
        "证据",
        "锆石",
        "陇县",
        "U-Pb",
        "构造环境",
        "火成岩",
        "闪长岩",
        "关键",
        "地幔",
        "太平",
        "对象",
        "小节",
        "岩浆",
        "火山",
        "环境",
        "石秤"
      ],
      "selection_confidence": 0.7650409082210426,
      "fallback_used": false
    }
  }
}
